INSERT INTO "public"."set" ("symbol", "name", "release_date") VALUES
	('P-A', 'Promo-A', '2024-10-30'),
	('A1', 'Genetic Apex', '2024-10-30'),
	('A1a', 'Mythical Island', '2024-12-17'),
	('A2', 'Space-Time Smackdown', '2025-01-30'),
	('A2a', 'Triumphant Light', '2025-02-28'),
	('A2b', 'Shining Revelry', '2025-03-27'),
	('A3', 'Celestial Guardians', '2025-04-30'),
	('A3a', 'Extradimensional Crisis', '2025-05-29'),
	('A3b', 'Eevee Grove', '2025-06-26'),
	('A4', 'Wisdom of Sea and Sky', '2025-07-30'),
	('A4a', 'Secluded Springs', '2025-08-28');

INSERT INTO "public"."card" ("name", "rarity", "card_type", "set_symbol", "set_number", "image_path", "image_placeholder") VALUES
	('Whimsicott', 'diamond_2', 'pokemon', 'A1', 28, 'https://assets.tcgdex.net/en/tcgp/A1/028/high.jpg', 'data:image/png;base64,iVBORw0KGgoAAAANSUhEUgAAAAMAAAAECAIAAADETxJQAAAACXBIWXMAAAsTAAALEwEAmpwYAAAAMUlEQVR4nGPomlw5f2rcgxdbGR6d6zLhY3h4uoPBOYtB3Y/BLo2BoX2ppWYwQ/k0BQBlzg8qzW5ekgAAAABJRU5ErkJggg=='),
	('Skiddo', 'diamond_1', 'pokemon', 'A1', 31, 'https://assets.tcgdex.net/en/tcgp/A1/031/high.jpg', 'data:image/png;base64,iVBORw0KGgoAAAANSUhEUgAAAAMAAAAECAIAAADETxJQAAAACXBIWXMAAAsTAAALEwEAmpwYAAAAM0lEQVR4nAEoANf/AMLRuGJ5UmtxRwB+g3AABgBhXUoAzO5av9wq1PZUAO3/lsHpY+L/hmP3FAh/QHIKAAAAAElFTkSuQmCC'),
	('Bulbasaur', 'diamond_1', 'pokemon', 'A1', 1, 'https://assets.tcgdex.net/en/tcgp/A1/001/high.jpg', 'data:image/png;base64,iVBORw0KGgoAAAANSUhEUgAAAAMAAAAECAIAAADETxJQAAAACXBIWXMAAAsTAAALEwEAmpwYAAAAM0lEQVR4nAEoANf/ALnNkWGRZgAXAADx+ad+k3MHIwAAs9VDrMsAzvFJAOj/kqHIRNb2fmVsE4Cu0mnTAAAAAElFTkSuQmCC'),
	('Venomoth', 'diamond_2', 'pokemon', 'A1', 17, 'https://assets.tcgdex.net/en/tcgp/A1/017/high.jpg', 'data:image/png;base64,iVBORw0KGgoAAAANSUhEUgAAAAMAAAAECAIAAADETxJQAAAACXBIWXMAAAsTAAALEwEAmpwYAAAAM0lEQVR4nAEoANf/AIinmTNOR1hzYQAANjcADyoBO0IAy/Jcx+480fVSAO7/ls7xbOn/jCKoEiWutbTaAAAAAElFTkSuQmCC'),
	('Beedrill', 'diamond_3', 'pokemon', 'A1', 10, 'https://assets.tcgdex.net/en/tcgp/A1/010/high.jpg', 'data:image/png;base64,iVBORw0KGgoAAAANSUhEUgAAAAMAAAAECAIAAADETxJQAAAACXBIWXMAAAsTAAALEwEAmpwYAAAAMUlEQVR4nGMw0xdXZmTo6gxl0GJgsBRh8A22Zjj02O/5/7Ajrz0Ylh+JWnjUdtPFYADdGQ6/EW3iCwAAAABJRU5ErkJggg=='),
	('Tangela', 'diamond_1', 'pokemon', 'A1', 24, 'https://assets.tcgdex.net/en/tcgp/A1/024/high.jpg', 'data:image/png;base64,iVBORw0KGgoAAAANSUhEUgAAAAMAAAAECAIAAADETxJQAAAACXBIWXMAAAsTAAALEwEAmpwYAAAAM0lEQVR4nAEoANf/AOf22Kq9q+//0wBaZEkOAxWPn2kAtNVGvd4qxepBAOT/kL/lYt39gsLRFqbIE3jdAAAAAElFTkSuQmCC'),
	('Ponyta', 'diamond_1', 'pokemon', 'A1', 42, 'https://assets.tcgdex.net/en/tcgp/A1/042/high.jpg', 'data:image/png;base64,iVBORw0KGgoAAAANSUhEUgAAAAMAAAAECAIAAADETxJQAAAACXBIWXMAAAsTAAALEwEAmpwYAAAAMUlEQVR4nGPQ1THPC3F+fXoWw559kyZ0Rf//c5yhXJDBm4HBl4GB4WlXUq00w2I3VQBGcg7AwQ4c9AAAAABJRU5ErkJggg=='),
	('Venusaur ex', 'diamond_4', 'pokemon', 'A1', 4, 'https://assets.tcgdex.net/en/tcgp/A1/004/high.jpg', 'data:image/png;base64,iVBORw0KGgoAAAANSUhEUgAAAAMAAAAECAIAAADETxJQAAAACXBIWXMAAAsTAAALEwEAmpwYAAAAMUlEQVR4nGNIq9GvbjCIsmFmcK61ZIgLYhZmYEjqlF57yWbPq0CG+hlqH//Xnb6RCgDz+w8AEf8tDgAAAABJRU5ErkJggg=='),
	('Arcanine', 'diamond_3', 'pokemon', 'A1', 40, 'https://assets.tcgdex.net/en/tcgp/A1/040/high.jpg', 'data:image/png;base64,iVBORw0KGgoAAAANSUhEUgAAAAMAAAAECAIAAADETxJQAAAACXBIWXMAAAsTAAALEwEAmpwYAAAALklEQVR4nGP4/+XqxeW1da2tDFZmTB62DMZuxgxuDAwVjCCSoUCV25+BIYqBAQAhNgo3faW6ogAAAABJRU5ErkJggg=='),
	('Butterfree', 'diamond_3', 'pokemon', 'A1', 7, 'https://assets.tcgdex.net/en/tcgp/A1/007/high.jpg', 'data:image/png;base64,iVBORw0KGgoAAAANSUhEUgAAAAMAAAAECAIAAADETxJQAAAACXBIWXMAAAsTAAALEwEAmpwYAAAAMUlEQVR4nGMwlWXQkGGQlWZg+HR9UUt5qjAjA0P9bIWX/0MWn5RlqJllUjGHb+oWSwDk8g2bZTYSFQAAAABJRU5ErkJggg=='),
	('Vileplume', 'diamond_3', 'pokemon', 'A1', 13, 'https://assets.tcgdex.net/en/tcgp/A1/013/high.jpg', 'data:image/png;base64,iVBORw0KGgoAAAANSUhEUgAAAAMAAAAECAIAAADETxJQAAAACXBIWXMAAAsTAAALEwEAmpwYAAAAM0lEQVR4nAEoANf/AMTVmjICAEkdAADn4ra7o4/QposAh6cb4v9VxfJRAI2rRHmbDZW0NXK6Et0rPAqWAAAAAElFTkSuQmCC'),
	('Scyther', 'diamond_1', 'pokemon', 'A1', 25, 'https://assets.tcgdex.net/en/tcgp/A1/025/high.jpg', 'data:image/png;base64,iVBORw0KGgoAAAANSUhEUgAAAAMAAAAECAIAAADETxJQAAAACXBIWXMAAAsTAAALEwEAmpwYAAAAM0lEQVR4nAEoANf/AKPDpn63h9r9vgBQVzoAHQDb8coAq801osMAuds1AN/9irXbVdX1e54+FV05IJp6AAAAAElFTkSuQmCC'),
	('Victreebel', 'diamond_3', 'pokemon', 'A1', 20, 'https://assets.tcgdex.net/en/tcgp/A1/020/high.jpg', 'data:image/png;base64,iVBORw0KGgoAAAANSUhEUgAAAAMAAAAECAIAAADETxJQAAAACXBIWXMAAAsTAAALEwEAmpwYAAAAM0lEQVR4nAEoANf/ALLXqp3ij2RiLQDbzpWuwXobBgAAq79D2/RO4v9pAM3sgsTmX9X0daioFhPD0TjrAAAAAElFTkSuQmCC'),
	('Charmeleon', 'diamond_2', 'pokemon', 'A1', 34, 'https://assets.tcgdex.net/en/tcgp/A1/034/high.jpg', 'data:image/png;base64,iVBORw0KGgoAAAANSUhEUgAAAAMAAAAECAIAAADETxJQAAAACXBIWXMAAAsTAAALEwEAmpwYAAAAMUlEQVR4nGPoKE64s6Xv/7tTDBacDCnqDKoMDAzPy532ODHsc+Zl+H9y/otKj/+zigBKABDpx2NQFQAAAABJRU5ErkJggg=='),
	('Growlithe', 'diamond_1', 'pokemon', 'A1', 39, 'https://assets.tcgdex.net/en/tcgp/A1/039/high.jpg', 'data:image/png;base64,iVBORw0KGgoAAAANSUhEUgAAAAMAAAAECAIAAADETxJQAAAACXBIWXMAAAsTAAALEwEAmpwYAAAAM0lEQVR4nAEoANf/AP/w3Nu5lPnXxAD/58Pkx4nuxpoAWQAATgAASQAAAJNFIWQAAHYhAdmGEZi3bVnmAAAAAElFTkSuQmCC'),
	('Vulpix', 'diamond_1', 'pokemon', 'A1', 37, 'https://assets.tcgdex.net/en/tcgp/A1/037/high.jpg', 'data:image/png;base64,iVBORw0KGgoAAAANSUhEUgAAAAMAAAAECAIAAADETxJQAAAACXBIWXMAAAsTAAALEwEAmpwYAAAAM0lEQVR4nAEoANf/AOm7of+nO//1lABDRh8fDgC2wH8AokMKchAAihoAAP+ngMleMfOKZWv9EO77hoSbAAAAAElFTkSuQmCC'),
	('Ivysaur', 'diamond_2', 'pokemon', 'A1', 2, 'https://assets.tcgdex.net/en/tcgp/A1/002/high.jpg', 'data:image/png;base64,iVBORw0KGgoAAAANSUhEUgAAAAMAAAAECAIAAADETxJQAAAACXBIWXMAAAsTAAALEwEAmpwYAAAAMUlEQVR4nGPwyTB1qTBJbXZhyJnmxiDFbJXsyHDnd87lj7Z3/kYxvP4/9eibtEf/2wAqRRK91TnOgAAAAABJRU5ErkJggg=='),
	('Exeggutor', 'diamond_3', 'pokemon', 'A1', 22, 'https://assets.tcgdex.net/en/tcgp/A1/022/high.jpg', 'data:image/png;base64,iVBORw0KGgoAAAANSUhEUgAAAAMAAAAECAIAAADETxJQAAAACXBIWXMAAAsTAAALEwEAmpwYAAAAMUlEQVR4nGPQdVCqmBu8+fY6BgZJhrOP+mNmZDK45TGc+WBjn8vAYB7GIO/IYBvLAAAiuwzHlt7KQQAAAABJRU5ErkJggg=='),
	('Exeggcute', 'diamond_1', 'pokemon', 'A1', 21, 'https://assets.tcgdex.net/en/tcgp/A1/021/high.jpg', 'data:image/png;base64,iVBORw0KGgoAAAANSUhEUgAAAAMAAAAECAIAAADETxJQAAAACXBIWXMAAAsTAAALEwEAmpwYAAAAMUlEQVR4nGMwdBCrbAl3D5FnkFZhSHXX5eRgYLj5L3XvI4Mrf4IZ3v6fdvpj7ov/3QD7jBEKQCJ0HQAAAABJRU5ErkJggg=='),
	('Tentacool', 'diamond_1', 'pokemon', 'A1', 62, 'https://assets.tcgdex.net/en/tcgp/A1/062/high.jpg', 'data:image/png;base64,iVBORw0KGgoAAAANSUhEUgAAAAMAAAAECAIAAADETxJQAAAACXBIWXMAAAsTAAALEwEAmpwYAAAAM0lEQVR4nAEoANf/AKrV6AARLcf//wByqMAAECiAy+cAIpS8G5XAAHijAD6cvgBagguHrXGTEV/mRPc/AAAAAElFTkSuQmCC'),
	('Sizzlipede', 'diamond_1', 'pokemon', 'A1', 51, 'https://assets.tcgdex.net/en/tcgp/A1/051/high.jpg', 'data:image/png;base64,iVBORw0KGgoAAAANSUhEUgAAAAMAAAAECAIAAADETxJQAAAACXBIWXMAAAsTAAALEwEAmpwYAAAAM0lEQVR4nAEoANf/AMmtiHpGJIBhRQC+qpIjAABaVSgA/651/5dJ/5tfAP/gtP+wff/Dml/GFBJ4nVz2AAAAAElFTkSuQmCC'),
	('Tentacruel', 'diamond_2', 'pokemon', 'A1', 63, 'https://assets.tcgdex.net/en/tcgp/A1/063/high.jpg', 'data:image/png;base64,iVBORw0KGgoAAAANSUhEUgAAAAMAAAAECAIAAADETxJQAAAACXBIWXMAAAsTAAALEwEAmpwYAAAAM0lEQVR4nAEoANf/AND2/wASLwBFZQAqZn8tPlEAHz0AmvD/pv3/g+X/AKv//0G144bh/1CjFFIL79zSAAAAAElFTkSuQmCC'),
	('Venonat', 'diamond_1', 'pokemon', 'A1', 16, 'https://assets.tcgdex.net/en/tcgp/A1/016/high.jpg', 'data:image/png;base64,iVBORw0KGgoAAAANSUhEUgAAAAMAAAAECAIAAADETxJQAAAACXBIWXMAAAsTAAALEwEAmpwYAAAAM0lEQVR4nAEoANf/AJSbbi41BlNlKACVjEwsGwYAEBAA0/pf2P5HzPJOAOj/lMTpZur/jR/5EhqfkjyUAAAAAElFTkSuQmCC'),
	('Rapidash', 'diamond_2', 'pokemon', 'A1', 43, 'https://assets.tcgdex.net/en/tcgp/A1/043/high.jpg', 'data:image/png;base64,iVBORw0KGgoAAAANSUhEUgAAAAMAAAAECAIAAADETxJQAAAACXBIWXMAAAsTAAALEwEAmpwYAAAAMUlEQVR4nGM4um9RhQ1DsC4Dg7aNRXyguBE7A8ODHNPVZgxHPEQZ/t9a+7Eh4P/KegD/3g7qcBNslgAAAABJRU5ErkJggg=='),
	('Poliwag', 'diamond_1', 'pokemon', 'A1', 59, 'https://assets.tcgdex.net/en/tcgp/A1/059/high.jpg', 'data:image/png;base64,iVBORw0KGgoAAAANSUhEUgAAAAMAAAAECAIAAADETxJQAAAACXBIWXMAAAsTAAALEwEAmpwYAAAAM0lEQVR4nAEoANf/AFqefQAgFQBoaABJn5sAFBgAVEsAoPb/mfr/eN3/AJft/y2p03jS+yLTErUrJePRAAAAAElFTkSuQmCC'),
	('Lilligant', 'diamond_2', 'pokemon', 'A1', 30, 'https://assets.tcgdex.net/en/tcgp/A1/030/high.jpg', 'data:image/png;base64,iVBORw0KGgoAAAANSUhEUgAAAAMAAAAECAIAAADETxJQAAAACXBIWXMAAAsTAAALEwEAmpwYAAAAM0lEQVR4nAEoANf/AGNcNnuKQq+UYQATIgAHEQAuIQIAqs5Bo8gLttw8AOf/kr7jYOr/jQWuEGtYrx5SAAAAAElFTkSuQmCC'),
	('Dragonite', 'diamond_3', 'pokemon', 'A1', 185, 'https://assets.tcgdex.net/en/tcgp/A1/185/high.jpg', 'data:image/png;base64,iVBORw0KGgoAAAANSUhEUgAAAAMAAAAECAIAAADETxJQAAAACXBIWXMAAAsTAAALEwEAmpwYAAAAMElEQVR4nGOIKq3yjXbad2gBg5CuOZuQqH9kAsPsdpb/bwLy4hkYKlIVipMYkkMZAAzsDLdD4kyDAAAAAElFTkSuQmCC'),
	('Weepinbell', 'diamond_2', 'pokemon', 'A1', 19, 'https://assets.tcgdex.net/en/tcgp/A1/019/high.jpg', 'data:image/png;base64,iVBORw0KGgoAAAANSUhEUgAAAAMAAAAECAIAAADETxJQAAAACXBIWXMAAAsTAAALEwEAmpwYAAAAMUlEQVR4nGMIzDO0SWVgNGVgYBBhUHBmYJBmYNj7IHD5Ga5LX/0Y3vyfuv9p3KP/bQDGuQ7Diz65/QAAAABJRU5ErkJggg=='),
	('Bruxish', 'diamond_2', 'pokemon', 'A1', 91, 'https://assets.tcgdex.net/en/tcgp/A1/091/high.jpg', 'data:image/png;base64,iVBORw0KGgoAAAANSUhEUgAAAAMAAAAECAIAAADETxJQAAAACXBIWXMAAAsTAAALEwEAmpwYAAAAM0lEQVR4nAEoANf/AM3p91xid4CnvACm1OugkaFqoLcAD3+iAHObAGiQAAB0lQAZOQBgg5v/ETLiJdv+AAAAAElFTkSuQmCC'),
	('Cottonee', 'diamond_1', 'pokemon', 'A1', 27, 'https://assets.tcgdex.net/en/tcgp/A1/027/high.jpg', 'data:image/png;base64,iVBORw0KGgoAAAANSUhEUgAAAAMAAAAECAIAAADETxJQAAAACXBIWXMAAAsTAAALEwEAmpwYAAAAM0lEQVR4nAEoANf/AJCXYtTkrm15PAAAEQDAxKY9OxcAuN1Ir9MYze5GAOT/jbfdWNf1fW2sE/nkp+MuAAAAAElFTkSuQmCC'),
	('Wartortle', 'diamond_2', 'pokemon', 'A1', 54, 'https://assets.tcgdex.net/en/tcgp/A1/054/high.jpg', 'data:image/png;base64,iVBORw0KGgoAAAANSUhEUgAAAAMAAAAECAIAAADETxJQAAAACXBIWXMAAAsTAAALEwEAmpwYAAAAMUlEQVR4nGO48v0/Q1Rh56UPDAxuiQwymmVHnjBI9mxl6NjGULmUIWbzVYagCpGu9QBfdRCcbu/luQAAAABJRU5ErkJggg=='),
	('Kingler', 'diamond_2', 'pokemon', 'A1', 69, 'https://assets.tcgdex.net/en/tcgp/A1/069/high.jpg', 'data:image/png;base64,iVBORw0KGgoAAAANSUhEUgAAAAMAAAAECAIAAADETxJQAAAACXBIWXMAAAsTAAALEwEAmpwYAAAAM0lEQVR4nAEoANf/AMn7/1F7gW2YmwA4aHEcCgArSlIAjOL/oPv/fd//ALP//2DL9574/448FnlD88EQAAAAAElFTkSuQmCC'),
	('Kadabra', 'diamond_2', 'pokemon', 'A1', 116, 'https://assets.tcgdex.net/en/tcgp/A1/116/high.jpg', 'data:image/png;base64,iVBORw0KGgoAAAANSUhEUgAAAAMAAAAECAIAAADETxJQAAAACXBIWXMAAAsTAAALEwEAmpwYAAAAM0lEQVR4nAEoANf/AL6prbmNfXxmbAASABJ8XSNFMSUA/9z//rT3/73/AP/o///H///n/4glF68Qo3qvAAAAAElFTkSuQmCC'),
	('Swanna', 'diamond_2', 'pokemon', 'A1', 86, 'https://assets.tcgdex.net/en/tcgp/A1/086/high.jpg', 'data:image/png;base64,iVBORw0KGgoAAAANSUhEUgAAAAMAAAAECAIAAADETxJQAAAACXBIWXMAAAsTAAALEwEAmpwYAAAAM0lEQVR4nAEoANf/AG+Wr2anzQARLgAoYXzH8f8AIUcAXbTXAIeyAIOwAGC63QBchDCWvUgPEKCy3uNhAAAAAElFTkSuQmCC'),
	('Pikachu', 'diamond_1', 'pokemon', 'A1', 94, 'https://assets.tcgdex.net/en/tcgp/A1/094/high.jpg', 'data:image/png;base64,iVBORw0KGgoAAAANSUhEUgAAAAMAAAAECAIAAADETxJQAAAACXBIWXMAAAsTAAALEwEAmpwYAAAAMUlEQVR4nGOwNuVNDdKUZmRg4ONiaEzRluBhYPj1SOz/V73//80Zfj81eXuF4eNdcQDV1w7Jm7NaHAAAAABJRU5ErkJggg=='),
	('Mr. Mime', 'diamond_2', 'pokemon', 'A1', 126, 'https://assets.tcgdex.net/en/tcgp/A1/126/high.jpg', 'data:image/png;base64,iVBORw0KGgoAAAANSUhEUgAAAAMAAAAECAIAAADETxJQAAAACXBIWXMAAAsTAAALEwEAmpwYAAAAM0lEQVR4nAEoANf/AP/l/+yvxPjIvAD/zM+pfWMbAwAAqnSgVxtRZixnAMeXyI9Vitai09afFVmRLHlYAAAAAElFTkSuQmCC'),
	('Nidoqueen', 'diamond_3', 'pokemon', 'A1', 168, 'https://assets.tcgdex.net/en/tcgp/A1/168/high.jpg', 'data:image/png;base64,iVBORw0KGgoAAAANSUhEUgAAAAMAAAAECAIAAADETxJQAAAACXBIWXMAAAsTAAALEwEAmpwYAAAAM0lEQVR4nAEoANf/AO77/4GJj8Lb3gCQkJSrm6HazsQAACQoABYVAA8OAC9TVQAmJRg/O5wtD0yhl4hMAAAAAElFTkSuQmCC'),
	('Sandslash', 'diamond_2', 'pokemon', 'A1', 138, 'https://assets.tcgdex.net/en/tcgp/A1/138/high.jpg', 'data:image/png;base64,iVBORw0KGgoAAAANSUhEUgAAAAMAAAAECAIAAADETxJQAAAACXBIWXMAAAsTAAALEwEAmpwYAAAAM0lEQVR4nAEoANf/AP/4pq53AN2hNwDkkRlrMABAAAAA2JkAyH8Ajk4AAP/phdaYGMaKMl7xEOo1tZoEAAAAAElFTkSuQmCC'),
	('Machamp', 'diamond_3', 'pokemon', 'A1', 145, 'https://assets.tcgdex.net/en/tcgp/A1/145/high.jpg', 'data:image/png;base64,iVBORw0KGgoAAAANSUhEUgAAAAMAAAAECAIAAADETxJQAAAACXBIWXMAAAsTAAALEwEAmpwYAAAAM0lEQVR4nAEoANf/APvv5KqjlnlnSQB5a2k+UV8NAQAA/9VX/+xp/8FLAP/bff/SV//EY5cjFVMWw1esAAAAAElFTkSuQmCC'),
	('Zapdos', 'diamond_3', 'pokemon', 'A1', 103, 'https://assets.tcgdex.net/en/tcgp/A1/103/high.jpg', 'data:image/png;base64,iVBORw0KGgoAAAANSUhEUgAAAAMAAAAECAIAAADETxJQAAAACXBIWXMAAAsTAAALEwEAmpwYAAAAMUlEQVR4nGNIimBLCmFIjWNgsNBl0GBjiAjiZti3kuH/P9vPd4UZVs1m2DafYfNiBgDYCgz2+7csygAAAABJRU5ErkJggg=='),
	('Voltorb', 'diamond_1', 'pokemon', 'A1', 99, 'https://assets.tcgdex.net/en/tcgp/A1/099/high.jpg', 'data:image/png;base64,iVBORw0KGgoAAAANSUhEUgAAAAMAAAAECAIAAADETxJQAAAACXBIWXMAAAsTAAALEwEAmpwYAAAAM0lEQVR4nAEoANf/AKayeW5hK6q5awCQlGkbAAWAkGgA/+or//88//c1AP/zRf/oKP/zN3bsFKdHo3dlAAAAAElFTkSuQmCC'),
	('Onix', 'diamond_2', 'pokemon', 'A1', 150, 'https://assets.tcgdex.net/en/tcgp/A1/150/high.jpg', 'data:image/png;base64,iVBORw0KGgoAAAANSUhEUgAAAAMAAAAECAIAAADETxJQAAAACXBIWXMAAAsTAAALEwEAmpwYAAAAM0lEQVR4nAEoANf/AIx5Vf/zyr2idAAaAAAhFgwZCgAA1pcAsm0AtGwAAPrDX+KhJNibQTO7D42Ljp0jAAAAAElFTkSuQmCC'),
	('Cinccino', 'diamond_2', 'pokemon', 'A1', 213, 'https://assets.tcgdex.net/en/tcgp/A1/213/high.jpg', 'data:image/png;base64,iVBORw0KGgoAAAANSUhEUgAAAAMAAAAECAIAAADETxJQAAAACXBIWXMAAAsTAAALEwEAmpwYAAAAM0lEQVR4nAEoANf/AFRFLnxoVZyPaQAlBgBCMwNxXycA5urk9/Ps9/HsAPP06/Ht7fXv5klQFfTkckvnAAAAAElFTkSuQmCC'),
	('Koffing', 'diamond_1', 'pokemon', 'A1', 176, 'https://assets.tcgdex.net/en/tcgp/A1/176/high.jpg', 'data:image/png;base64,iVBORw0KGgoAAAANSUhEUgAAAAMAAAAECAIAAADETxJQAAAACXBIWXMAAAsTAAALEwEAmpwYAAAAM0lEQVR4nAEoANf/AOj8/4+Uo8LU5gCWqMeUlaukqLkAAD4+ABAPACMkAIGoqDBdXGWMi7B9Ehxmtr9HAAAAAElFTkSuQmCC'),
	('Chansey', 'diamond_2', 'pokemon', 'A1', 202, 'https://assets.tcgdex.net/en/tcgp/A1/202/high.jpg', 'data:image/png;base64,iVBORw0KGgoAAAANSUhEUgAAAAMAAAAECAIAAADETxJQAAAACXBIWXMAAAsTAAALEwEAmpwYAAAAM0lEQVR4nAEoANf/AH17f0g4QYiDhACfhYkxAAaCd3QA3t/Y9vHv9fHtAM7OxsfDwszHvnZrFlblhr1jAAAAAElFTkSuQmCC'),
	('Nidoking', 'diamond_3', 'pokemon', 'A1', 171, 'https://assets.tcgdex.net/en/tcgp/A1/171/high.jpg', 'data:image/png;base64,iVBORw0KGgoAAAANSUhEUgAAAAMAAAAECAIAAADETxJQAAAACXBIWXMAAAsTAAALEwEAmpwYAAAAMUlEQVR4nGP4+/V/U1XLnJU7GbasWFsdFt9c1sLAoKbJICnOICzCYBYVz6Crq+ThBABvog3BKFwGNgAAAABJRU5ErkJggg=='),
	('Doduo', 'diamond_1', 'pokemon', 'A1', 199, 'https://assets.tcgdex.net/en/tcgp/A1/199/high.jpg', 'data:image/png;base64,iVBORw0KGgoAAAANSUhEUgAAAAMAAAAECAIAAADETxJQAAAACXBIWXMAAAsTAAALEwEAmpwYAAAAM0lEQVR4nAEoANf/AFVxfzxLVX2ChQBTXF0JBwBAUSkA5ubf+vr47OngANze1NnU0d3X0FAmFVj9gBxnAAAAAElFTkSuQmCC'),
	('Pidgeot', 'diamond_3', 'pokemon', 'A1', 188, 'https://assets.tcgdex.net/en/tcgp/A1/188/high.jpg', 'data:image/png;base64,iVBORw0KGgoAAAANSUhEUgAAAAMAAAAECAIAAADETxJQAAAACXBIWXMAAAsTAAALEwEAmpwYAAAAM0lEQVR4nAEoANf/AFJdW0pURklgXgALFA4YCwAADQAAvrSy//b28+3nAMrLxtfSzdDMvgjrElQypJoEAAAAAElFTkSuQmCC'),
	('Tynamo', 'diamond_1', 'pokemon', 'A1', 107, 'https://assets.tcgdex.net/en/tcgp/A1/107/high.jpg', 'data:image/png;base64,iVBORw0KGgoAAAANSUhEUgAAAAMAAAAECAIAAADETxJQAAAACXBIWXMAAAsTAAALEwEAmpwYAAAAMUlEQVR4nGPQMJNg4GOQ1WZg8HMUsTZUDvGQZ/j/RuX/e83//y0Yvj02fHuF4cMdMQDN8w7Deu2ClgAAAABJRU5ErkJggg=='),
	('Greninja', 'diamond_3', 'pokemon', 'A1', 89, 'https://assets.tcgdex.net/en/tcgp/A1/089/high.jpg', 'data:image/png;base64,iVBORw0KGgoAAAANSUhEUgAAAAMAAAAECAIAAADETxJQAAAACXBIWXMAAAsTAAALEwEAmpwYAAAAM0lEQVR4nAEoANf/AOr6/2SOoSVedAA9coYOSF8AEyoAQpK5htz/Vb/wAEigxwCOtz+hwmbOEh02JOJeAAAAAElFTkSuQmCC'),
	('Bellsprout', 'diamond_1', 'pokemon', 'A1', 18, 'https://assets.tcgdex.net/en/tcgp/A1/018/high.jpg', 'data:image/png;base64,iVBORw0KGgoAAAANSUhEUgAAAAMAAAAECAIAAADETxJQAAAACXBIWXMAAAsTAAALEwEAmpwYAAAAM0lEQVR4nAEoANf/AMfZw5KlXENhFQCgr2MYGAAaOAAAut5BoscA1PZNAOr/lcDlX+P/h1o0EyhKNJ/MAAAAAElFTkSuQmCC'),
	('Slowpoke', 'diamond_1', 'pokemon', 'A1', 118, 'https://assets.tcgdex.net/en/tcgp/A1/118/high.jpg', 'data:image/png;base64,iVBORw0KGgoAAAANSUhEUgAAAAMAAAAECAIAAADETxJQAAAACXBIWXMAAAsTAAALEwEAmpwYAAAAM0lEQVR4nAEoANf/ALq+ysLH3Li6ywDZ2n7//5TV2HYARhI/KwAgKgAkAE0jUC8AMk4iTrsYENpgR8iuAAAAAElFTkSuQmCC'),
	('Metapod', 'diamond_1', 'pokemon', 'A1', 6, 'https://assets.tcgdex.net/en/tcgp/A1/006/high.jpg', 'data:image/png;base64,iVBORw0KGgoAAAANSUhEUgAAAAMAAAAECAIAAADETxJQAAAACXBIWXMAAAsTAAALEwEAmpwYAAAAMUlEQVR4nGMoakhU9xNNyrJhsA02ZBBl0DSQY7j2I+32H/frf8IYnv+ffO5z7qP/LQAPkBG6LC1kkAAAAABJRU5ErkJggg=='),
	('Moltres', 'diamond_3', 'pokemon', 'A1', 46, 'https://assets.tcgdex.net/en/tcgp/A1/046/high.jpg', 'data:image/png;base64,iVBORw0KGgoAAAANSUhEUgAAAAMAAAAECAIAAADETxJQAAAACXBIWXMAAAsTAAALEwEAmpwYAAAAMUlEQVR4nGNYXejyc43PlBAThsdz8v+/njzbT4UhgIGhioHBlYGBIV6cwYmBwYuBAQBBmgv3RrPfMAAAAABJRU5ErkJggg=='),
	('Oddish', 'diamond_1', 'pokemon', 'A1', 11, 'https://assets.tcgdex.net/en/tcgp/A1/011/high.jpg', 'data:image/png;base64,iVBORw0KGgoAAAANSUhEUgAAAAMAAAAECAIAAADETxJQAAAACXBIWXMAAAsTAAALEwEAmpwYAAAAM0lEQVR4nAEoANf/AIqpmnKkgXixlwAAEQ0lPCq11bAAx+1X1fVC2/pMAO7/mMzybOf/jXleFWKwKJgZAAAAAElFTkSuQmCC'),
	('Charmander', 'diamond_1', 'pokemon', 'A1', 33, 'https://assets.tcgdex.net/en/tcgp/A1/033/high.jpg', 'data:image/png;base64,iVBORw0KGgoAAAANSUhEUgAAAAMAAAAECAIAAADETxJQAAAACXBIWXMAAAsTAAALEwEAmpwYAAAAMUlEQVR4nGNIDzbWYmBQYWZgmFwWsLDQYUq1D8P/iZFvclT/17ow/H+263dn+P8tPQAH9xEkC5VsNAAAAABJRU5ErkJggg=='),
	('Weedle', 'diamond_1', 'pokemon', 'A1', 8, 'https://assets.tcgdex.net/en/tcgp/A1/008/high.jpg', 'data:image/png;base64,iVBORw0KGgoAAAANSUhEUgAAAAMAAAAECAIAAADETxJQAAAACXBIWXMAAAsTAAALEwEAmpwYAAAAM0lEQVR4nAEoANf/AO77vJSbYFZoMACDoW4CCQAAGgAAgKcAh7MAkroAALTSYpS5NKvKUzyYD7jYdEQhAAAAAElFTkSuQmCC'),
	('Zapdos ex', 'diamond_4', 'pokemon', 'A1', 104, 'https://assets.tcgdex.net/en/tcgp/A1/104/high.jpg', 'data:image/png;base64,iVBORw0KGgoAAAANSUhEUgAAAAMAAAAECAIAAADETxJQAAAACXBIWXMAAAsTAAALEwEAmpwYAAAALUlEQVR4nGNwsuCYPZFBi4GBIcbG2lYUzNo4i+H/G8uXZzkYckMZmksZumoYAMMBCxWbJ8LPAAAAAElFTkSuQmCC'),
	('Golbat', 'diamond_2', 'pokemon', 'A1', 173, 'https://assets.tcgdex.net/en/tcgp/A1/173/high.jpg', 'data:image/png;base64,iVBORw0KGgoAAAANSUhEUgAAAAMAAAAECAIAAADETxJQAAAACXBIWXMAAAsTAAALEwEAmpwYAAAAMUlEQVR4nGP49Pd/4/zJWZVtDNNmTHIJ8kxIjWRgsLNh4OdhUFNhSGxrUw0I8C4sBABVpA4G/TFQkAAAAABJRU5ErkJggg=='),
	('Starmie ex', 'diamond_4', 'pokemon', 'A1', 76, 'https://assets.tcgdex.net/en/tcgp/A1/076/high.jpg', 'data:image/png;base64,iVBORw0KGgoAAAANSUhEUgAAAAMAAAAECAIAAADETxJQAAAACXBIWXMAAAsTAAALEwEAmpwYAAAAM0lEQVR4nAEoANf/AE9eYFtWMlKBoQBMY30eAAq+9f8AZsL2ddL/GJbHADaWuT+Qp2Ont0K/EgDD8zhCAAAAAElFTkSuQmCC'),
	('Vaporeon', 'diamond_3', 'pokemon', 'A1', 80, 'https://assets.tcgdex.net/en/tcgp/A1/080/high.jpg', 'data:image/png;base64,iVBORw0KGgoAAAANSUhEUgAAAAMAAAAECAIAAADETxJQAAAACXBIWXMAAAsTAAALEwEAmpwYAAAAMUlEQVR4nGNwi01jEJJ1jc9gYJDW1UhI4bFxZig7823x//8Jp/8yBK+6IDnzkN+6CwD4qxASHPs3ywAAAABJRU5ErkJggg=='),
	('Articuno', 'diamond_3', 'pokemon', 'A1', 83, 'https://assets.tcgdex.net/en/tcgp/A1/083/high.jpg', 'data:image/png;base64,iVBORw0KGgoAAAANSUhEUgAAAAMAAAAECAIAAADETxJQAAAACXBIWXMAAAsTAAALEwEAmpwYAAAAMUlEQVR4nGNYcOwuQ3AJA78WQ9uh+xUrTjE4xDAwFM5Y+v+/5oJzDAzeOQwmYQy+2QBEew8t27xAYQAAAABJRU5ErkJggg=='),
	('Swoobat', 'diamond_1', 'pokemon', 'A1', 134, 'https://assets.tcgdex.net/en/tcgp/A1/134/high.jpg', 'data:image/png;base64,iVBORw0KGgoAAAANSUhEUgAAAAMAAAAECAIAAADETxJQAAAACXBIWXMAAAsTAAALEwEAmpwYAAAAM0lEQVR4nAEoANf/AP7+/6Gw1nJugABLPjwRExzBo5UA5qfck0mDlVKNAO+77Zximu236qNEFXqBUrb7AAAAAElFTkSuQmCC'),
	('Nidorino', 'diamond_2', 'pokemon', 'A1', 170, 'https://assets.tcgdex.net/en/tcgp/A1/170/high.jpg', 'data:image/png;base64,iVBORw0KGgoAAAANSUhEUgAAAAMAAAAECAIAAADETxJQAAAACXBIWXMAAAsTAAALEwEAmpwYAAAAM0lEQVR4nAEoANf/ANro6crK0Mfg1AB9hH3Hrrn5+PEABUA/AA4NACAhAGySkiVTUlJ5eMhLEpYG9ZaFAAAAAElFTkSuQmCC'),
	('Fearow', 'diamond_1', 'pokemon', 'A1', 192, 'https://assets.tcgdex.net/en/tcgp/A1/192/high.jpg', 'data:image/png;base64,iVBORw0KGgoAAAANSUhEUgAAAAMAAAAECAIAAADETxJQAAAACXBIWXMAAAsTAAALEwEAmpwYAAAAM0lEQVR4nAEoANf/AKCOcmhqQltiRwBYYTYbAAA2ORsA5+vn+/n5///6APT06/Lu7ffx6Fh4FlsyJdZvAAAAAElFTkSuQmCC'),
	('Krabby', 'diamond_1', 'pokemon', 'A1', 68, 'https://assets.tcgdex.net/en/tcgp/A1/068/high.jpg', 'data:image/png;base64,iVBORw0KGgoAAAANSUhEUgAAAAMAAAAECAIAAADETxJQAAAACXBIWXMAAAsTAAALEwEAmpwYAAAAM0lEQVR4nAEoANf/AMDHxAAZFniHhgBumalIXF634e4AcM33kPP/RrXlAG7F6ABbgj2jyIbPFG4V7Nz1AAAAAElFTkSuQmCC'),
	('Mewtwo', 'diamond_3', 'pokemon', 'A1', 128, 'https://assets.tcgdex.net/en/tcgp/A1/128/high.jpg', 'data:image/png;base64,iVBORw0KGgoAAAANSUhEUgAAAAMAAAAECAIAAADETxJQAAAACXBIWXMAAAsTAAALEwEAmpwYAAAAMUlEQVR4nGOoKWjYtnzHzaOXGNLj8769fevl4sGQaZZaaJipzqDF4Czprs6gEqLmBwB1bQ7iewoCmAAAAABJRU5ErkJggg=='),
	('Old Amber', 'diamond_1', 'trainer', 'A1', 218, 'https://assets.tcgdex.net/en/tcgp/A1/218/high.jpg', 'data:image/png;base64,iVBORw0KGgoAAAANSUhEUgAAAAMAAAAECAIAAADETxJQAAAACXBIWXMAAAsTAAALEwEAmpwYAAAAM0lEQVR4nAEoANf/AF59i5mZeYuehgAAP1wfBQBUiXwAzdvk6e7z5/b/AOrv8ur6/8Tc6nqqF0NrPyvdAAAAAElFTkSuQmCC'),
	('Pidgey', 'diamond_1', 'pokemon', 'A1', 186, 'https://assets.tcgdex.net/en/tcgp/A1/186/high.jpg', 'data:image/png;base64,iVBORw0KGgoAAAANSUhEUgAAAAMAAAAECAIAAADETxJQAAAACXBIWXMAAAsTAAALEwEAmpwYAAAAM0lEQVR4nAEoANf/AHWbskp5kJGtuQBBU1gADRI4UUgA5+Ta//n19OzjAPL06uro5e3o4YSGF3vj/CpxAAAAAElFTkSuQmCC'),
	('Blitzle', 'diamond_1', 'pokemon', 'A1', 105, 'https://assets.tcgdex.net/en/tcgp/A1/105/high.jpg', 'data:image/png;base64,iVBORw0KGgoAAAANSUhEUgAAAAMAAAAECAIAAADETxJQAAAACXBIWXMAAAsTAAALEwEAmpwYAAAAMUlEQVR4nGMorI7N7MjNKbdn4OFlkNe2igvTYfj/WO7/Z8P/P00Z/r+z/XqL/88LTQAqRBGsBYVclgAAAABJRU5ErkJggg=='),
	('Aerodactyl', 'diamond_3', 'pokemon', 'A1', 210, 'https://assets.tcgdex.net/en/tcgp/A1/210/high.jpg', 'data:image/png;base64,iVBORw0KGgoAAAANSUhEUgAAAAMAAAAECAIAAADETxJQAAAACXBIWXMAAAsTAAALEwEAmpwYAAAAM0lEQVR4nAEoANf/AAAOHQANJwAiNQBgZWZbVVY2NTgAxL62//vx49zUAIqMhqCbmqCckOzVEH47ktTiAAAAAElFTkSuQmCC'),
	('Moltres ex', 'star_2', 'pokemon', 'A1', 255, 'https://assets.tcgdex.net/en/tcgp/A1/255/high.jpg', 'data:image/png;base64,iVBORw0KGgoAAAANSUhEUgAAAAMAAAAECAIAAADETxJQAAAACXBIWXMAAAsTAAALEwEAmpwYAAAAMUlEQVR4nGP4/y7sypKkjakmDLdKGC5UMhwqZmCIFmVYnCXiJ8HAoM7AEGat6S7HAgBIhAx1+/XjHAAAAABJRU5ErkJggg=='),
	('Hitmonchan', 'diamond_1', 'pokemon', 'A1', 155, 'https://assets.tcgdex.net/en/tcgp/A1/155/high.jpg', 'data:image/png;base64,iVBORw0KGgoAAAANSUhEUgAAAAMAAAAECAIAAADETxJQAAAACXBIWXMAAAsTAAALEwEAmpwYAAAAM0lEQVR4nAEoANf/ALTMgjMoAIeWRgDl/6UZEwDR7pIAun0An2MAVhsAAOCpSZhhAJFdAEfQDypxvt2/AAAAAElFTkSuQmCC'),
	('Squirtle', 'star_1', 'pokemon', 'A1', 232, 'https://assets.tcgdex.net/en/tcgp/A1/232/high.jpg', 'data:image/png;base64,iVBORw0KGgoAAAANSUhEUgAAAAMAAAAECAIAAADETxJQAAAACXBIWXMAAAsTAAALEwEAmpwYAAAAM0lEQVR4nAEoANf/AKDn87Tv95S8owCo//+5//8wWz8AAEpdAE5nAGyNAFFhXwASJwBBbMDlEXv4xfc9AAAAAElFTkSuQmCC'),
	('Arbok', 'diamond_2', 'pokemon', 'A1', 165, 'https://assets.tcgdex.net/en/tcgp/A1/165/high.jpg', 'data:image/png;base64,iVBORw0KGgoAAAANSUhEUgAAAAMAAAAECAIAAADETxJQAAAACXBIWXMAAAsTAAALEwEAmpwYAAAAM0lEQVR4nAEoANf/AOr//4eNo6LI1gCvxcCij7ujsbsAAjw9ABESACMkAFp+fhlGRj9mZKomEPjwttFIAAAAAElFTkSuQmCC'),
	('Cloyster', 'diamond_2', 'pokemon', 'A1', 67, 'https://assets.tcgdex.net/en/tcgp/A1/067/high.jpg', 'data:image/png;base64,iVBORw0KGgoAAAANSUhEUgAAAAMAAAAECAIAAADETxJQAAAACXBIWXMAAAsTAAALEwEAmpwYAAAAM0lEQVR4nAEoANf/AOf+/46y0WqEqABjl68bLUsACDIAYqrPYr7pVsLvAH/Y/Ea652zJ8Z8mFU2g7/+QAAAAAElFTkSuQmCC'),
	('Charizard', 'diamond_3', 'pokemon', 'A1', 35, 'https://assets.tcgdex.net/en/tcgp/A1/035/high.jpg', 'data:image/png;base64,iVBORw0KGgoAAAANSUhEUgAAAAMAAAAECAIAAADETxJQAAAACXBIWXMAAAsTAAALEwEAmpwYAAAAM0lEQVR4nAEoANf/ANWmkoFaKNKqjwD/7LT2pVA5AAAA/5hj/6le9W88AP+mge16SPOKXKmfFS1Q71pKAAAAAElFTkSuQmCC'),
	('Parasect', 'diamond_2', 'pokemon', 'A1', 15, 'https://assets.tcgdex.net/en/tcgp/A1/015/high.jpg', 'data:image/png;base64,iVBORw0KGgoAAAANSUhEUgAAAAMAAAAECAIAAADETxJQAAAACXBIWXMAAAsTAAALEwEAmpwYAAAAM0lEQVR4nAEoANf/ALjIo5qgaYCTWgCCk2YsAAAxNRUAyu9gye89z/ZRAO7/ltT4cun/jHRaFK+Mf7EiAAAAAElFTkSuQmCC'),
	('Kakuna', 'diamond_1', 'pokemon', 'A1', 9, 'https://assets.tcgdex.net/en/tcgp/A1/009/high.jpg', 'data:image/png;base64,iVBORw0KGgoAAAANSUhEUgAAAAMAAAAECAIAAADETxJQAAAACXBIWXMAAAsTAAALEwEAmpwYAAAAMUlEQVR4nGNw9tOTUmBgkGFgYBBhkFJi4HdVZNj3zH/PE903/9MY3v2fduBp/KP/zQC5tg7X62i9qwAAAABJRU5ErkJggg=='),
	('Machamp ex', 'diamond_4', 'pokemon', 'A1', 146, 'https://assets.tcgdex.net/en/tcgp/A1/146/high.jpg', 'data:image/png;base64,iVBORw0KGgoAAAANSUhEUgAAAAMAAAAECAIAAADETxJQAAAACXBIWXMAAAsTAAALEwEAmpwYAAAAM0lEQVR4nAEoANf/ALayptLYyZmKXwBreIQAChnw5ccAkF4A/8VH/99gANSXJ//QZ+CnVaH7FQUot6nPAAAAAElFTkSuQmCC'),
	('Poliwhirl', 'diamond_2', 'pokemon', 'A1', 60, 'https://assets.tcgdex.net/en/tcgp/A1/060/high.jpg', 'data:image/png;base64,iVBORw0KGgoAAAANSUhEUgAAAAMAAAAECAIAAADETxJQAAAACXBIWXMAAAsTAAALEwEAmpwYAAAAM0lEQVR4nAEoANf/APH//1eNsLvb6QC0uaUGCxOnrJwAq///nvj/lPf/ALb//3vl/5/5//e8GpotRNJ9AAAAAElFTkSuQmCC'),
	('Charizard ex', 'diamond_4', 'pokemon', 'A1', 36, 'https://assets.tcgdex.net/en/tcgp/A1/036/high.jpg', 'data:image/png;base64,iVBORw0KGgoAAAANSUhEUgAAAAMAAAAECAIAAADETxJQAAAACXBIWXMAAAsTAAALEwEAmpwYAAAAMUlEQVR4nGPY3Z/y+0h5gS0Dw/+nXZsLOcwYGBjul5hvtGTY7czAsDXZ9HiR6/9NNQBayRDMwEz0dgAAAABJRU5ErkJggg=='),
	('Eelektross', 'diamond_3', 'pokemon', 'A1', 109, 'https://assets.tcgdex.net/en/tcgp/A1/109/high.jpg', 'data:image/png;base64,iVBORw0KGgoAAAANSUhEUgAAAAMAAAAECAIAAADETxJQAAAACXBIWXMAAAsTAAALEwEAmpwYAAAAMUlEQVR4nGMITXLXs1Eua4lmkLUzYODWYtY3ZHh3Uej/b8v/zzUYbh2TfXGK4+E5LgD5rw9GajJOuAAAAABJRU5ErkJggg=='),
	('Golurk', 'diamond_2', 'pokemon', 'A1', 136, 'https://assets.tcgdex.net/en/tcgp/A1/136/high.jpg', 'data:image/png;base64,iVBORw0KGgoAAAANSUhEUgAAAAMAAAAECAIAAADETxJQAAAACXBIWXMAAAsTAAALEwEAmpwYAAAAM0lEQVR4nAEoANf/AN3i7m5+lOv+/wCprrEAEQ2VoJkA/sH265/b3JfSAP/U/+ys5v/M//MmGoNs7alfAAAAAElFTkSuQmCC'),
	('Sandshrew', 'diamond_1', 'pokemon', 'A1', 137, 'https://assets.tcgdex.net/en/tcgp/A1/137/high.jpg', 'data:image/png;base64,iVBORw0KGgoAAAANSUhEUgAAAAMAAAAECAIAAADETxJQAAAACXBIWXMAAAsTAAALEwEAmpwYAAAAM0lEQVR4nAEoANf/AFtCPB8PAD0qJQDEiUD/9Gn/1H8A//Nl/7g08qAbAP/0kf++R/q4YFTuFFjROY28AAAAAElFTkSuQmCC'),
	('Jynx', 'diamond_1', 'pokemon', 'A1', 127, 'https://assets.tcgdex.net/en/tcgp/A1/127/high.jpg', 'data:image/png;base64,iVBORw0KGgoAAAANSUhEUgAAAAMAAAAECAIAAADETxJQAAAACXBIWXMAAAsTAAALEwEAmpwYAAAAMUlEQVR4nGP4/fd/YXDWxd1XGe7eXWbIwPDn206GCJUAHQZlHQY1hmKPMjsO+1K3MgCOVhAXTj8bjAAAAABJRU5ErkJggg=='),
	('Ralts', 'diamond_1', 'pokemon', 'A1', 130, 'https://assets.tcgdex.net/en/tcgp/A1/130/high.jpg', 'data:image/png;base64,iVBORw0KGgoAAAANSUhEUgAAAAMAAAAECAIAAADETxJQAAAACXBIWXMAAAsTAAALEwEAmpwYAAAAM0lEQVR4nAEoANf/AF5WTT5AKZ+mjAAJBgAVIgAxRSEA/9f/8qPn5JzfAP/i/+qp4//b/yl/FDYRmbtLAAAAAElFTkSuQmCC'),
	('Ekans', 'diamond_1', 'pokemon', 'A1', 164, 'https://assets.tcgdex.net/en/tcgp/A1/164/high.jpg', 'data:image/png;base64,iVBORw0KGgoAAAANSUhEUgAAAAMAAAAECAIAAADETxJQAAAACXBIWXMAAAsTAAALEwEAmpwYAAAAM0lEQVR4nAEoANf/AOL//8fU3rvo8gCP6u20ytqSvMsAADg2AA8TACQlAE9zcyBLSz1kY9zhEo6Xiy25AAAAAElFTkSuQmCC'),
	('Omanyte', 'diamond_2', 'pokemon', 'A1', 81, 'https://assets.tcgdex.net/en/tcgp/A1/081/high.jpg', 'data:image/png;base64,iVBORw0KGgoAAAANSUhEUgAAAAMAAAAECAIAAADETxJQAAAACXBIWXMAAAsTAAALEwEAmpwYAAAAM0lEQVR4nAEoANf/ALm4wJetuVSJrgAAFi8ADR4ANVgAof//m/3/k/n/ALT//3ji/6H7/3nZFh72r2iEAAAAAElFTkSuQmCC'),
	('Mewtwo ex', 'diamond_4', 'pokemon', 'A1', 129, 'https://assets.tcgdex.net/en/tcgp/A1/129/high.jpg', 'data:image/png;base64,iVBORw0KGgoAAAANSUhEUgAAAAMAAAAECAIAAADETxJQAAAACXBIWXMAAAsTAAALEwEAmpwYAAAAMUlEQVR4nGModyxZPLF/ZdsKhv/v/p/fe3DrqpMMnnIeugzqIcIRDDFmMTYiOoU+SQCGiRBzgJD0VQAAAABJRU5ErkJggg=='),
	('Starmie', 'diamond_2', 'pokemon', 'A1', 75, 'https://assets.tcgdex.net/en/tcgp/A1/075/high.jpg', 'data:image/png;base64,iVBORw0KGgoAAAANSUhEUgAAAAMAAAAECAIAAADETxJQAAAACXBIWXMAAAsTAAALEwEAmpwYAAAAM0lEQVR4nAEoANf/APn3/0x3lLnP5QBOWmIiAAlAPTIAiu//m/b/btb/AJ7x/zCq14bi/6jwFom8tV6zAAAAAElFTkSuQmCC'),
	('Marowak ex', 'diamond_4', 'pokemon', 'A1', 153, 'https://assets.tcgdex.net/en/tcgp/A1/153/high.jpg', 'data:image/png;base64,iVBORw0KGgoAAAANSUhEUgAAAAMAAAAECAIAAADETxJQAAAACXBIWXMAAAsTAAALEwEAmpwYAAAAM0lEQVR4nAEoANf/AIJyW//514hjOwAnAwD/6cfIkVYAl18AyX8AcTIAAMuTLfzAT8+WUnDiEftFwJJIAAAAAElFTkSuQmCC'),
	('Bisharp', 'diamond_2', 'pokemon', 'A1', 180, 'https://assets.tcgdex.net/en/tcgp/A1/180/high.jpg', 'data:image/png;base64,iVBORw0KGgoAAAANSUhEUgAAAAMAAAAECAIAAADETxJQAAAACXBIWXMAAAsTAAALEwEAmpwYAAAAM0lEQVR4nAEoANf/AGFlaFhbXQ8kKgAaIicZCAoJFSAAwMnK1tzf0NTTAPX3987U1L3DxgeuEmL0yTpzAAAAAElFTkSuQmCC'),
	('Nidorina', 'diamond_2', 'pokemon', 'A1', 167, 'https://assets.tcgdex.net/en/tcgp/A1/167/high.jpg', 'data:image/png;base64,iVBORw0KGgoAAAANSUhEUgAAAAMAAAAECAIAAADETxJQAAAACXBIWXMAAAsTAAALEwEAmpwYAAAAM0lEQVR4nAEoANf/ALbd9XKnv9b//wCryLeZwMS32+kAAjkzABMOAB8eAFJ3eR5MTEJpaL3DEc4EgM4pAAAAAElFTkSuQmCC'),
	('Wigglytuff', 'diamond_1', 'pokemon', 'A1', 194, 'https://assets.tcgdex.net/en/tcgp/A1/194/high.jpg', 'data:image/png;base64,iVBORw0KGgoAAAANSUhEUgAAAAMAAAAECAIAAADETxJQAAAACXBIWXMAAAsTAAALEwEAmpwYAAAAM0lEQVR4nAEoANf/AAwPADEiGJygogBWWByRgGopPhgA4ODa+fbz3NjQANLTy8zIxdXPyDG6FF5eqbx9AAAAAElFTkSuQmCC'),
	('Porygon', 'star_1', 'pokemon', 'A1', 249, 'https://assets.tcgdex.net/en/tcgp/A1/249/high.jpg', 'data:image/png;base64,iVBORw0KGgoAAAANSUhEUgAAAAMAAAAECAIAAADETxJQAAAACXBIWXMAAAsTAAALEwEAmpwYAAAAMUlEQVR4nGMozCz//ON/cnotgwSD/LkVu+zskxi8fGOE2IRmT1vKkJ7TLs4jHx8RAQBIRQ5nEttMmQAAAABJRU5ErkJggg=='),
	('Farfetch''d', 'diamond_1', 'pokemon', 'A1', 198, 'https://assets.tcgdex.net/en/tcgp/A1/198/high.jpg', 'data:image/png;base64,iVBORw0KGgoAAAANSUhEUgAAAAMAAAAECAIAAADETxJQAAAACXBIWXMAAAsTAAALEwEAmpwYAAAAM0lEQVR4nAEoANf/AGJGLjAAAGpJLwBlORk0AAA6CwAA5ubg9/b28OzoAODh1tXRztvWzAXkEvQ8obQMAAAAAElFTkSuQmCC'),
	('Eevee', 'diamond_1', 'pokemon', 'A1', 206, 'https://assets.tcgdex.net/en/tcgp/A1/206/high.jpg', 'data:image/png;base64,iVBORw0KGgoAAAANSUhEUgAAAAMAAAAECAIAAADETxJQAAAACXBIWXMAAAsTAAALEwEAmpwYAAAAM0lEQVR4nAEoANf/ADxWPD9GIjVXLQAhTA1CUQAAFAAA8PHp+/33+/TyAOjo4Ojj4ezn3hPWE/cRNkZ0AAAAAElFTkSuQmCC'),
	('Dratini', 'diamond_1', 'pokemon', 'A1', 183, 'https://assets.tcgdex.net/en/tcgp/A1/183/high.jpg', 'data:image/png;base64,iVBORw0KGgoAAAANSUhEUgAAAAMAAAAECAIAAADETxJQAAAACXBIWXMAAAsTAAALEwEAmpwYAAAAM0lEQVR4nAEoANf/AIqpffL/wDhSEQAAHxsAGQAAHwAA/OBh/+5QvaMjAP/ul93DXdnAaj77EfClevJlAAAAAElFTkSuQmCC'),
	('Moltres ex', 'star_2', 'pokemon', 'A1', 274, 'https://assets.tcgdex.net/en/tcgp/A1/274/high.jpg', 'data:image/png;base64,iVBORw0KGgoAAAANSUhEUgAAAAMAAAAECAIAAADETxJQAAAACXBIWXMAAAsTAAALEwEAmpwYAAAAMUlEQVR4nGP4//5AZ7Rjo80EhsL4iVMipwozqDMkO7an+TR7eMYz1K5YvmVt68fLZwFYeRHRNF9TCAAAAABJRU5ErkJggg=='),
	('Frosmoth', 'diamond_2', 'pokemon', 'A1', 93, 'https://assets.tcgdex.net/en/tcgp/A1/093/high.jpg', 'data:image/png;base64,iVBORw0KGgoAAAANSUhEUgAAAAMAAAAECAIAAADETxJQAAAACXBIWXMAAAsTAAALEwEAmpwYAAAAM0lEQVR4nAEoANf/AE1YaXKHqrvR9AAABSStqMpUYIIAiuL/UrLeVr7uAK///0S45Irm/4VDFfu4Tvt+AAAAAElFTkSuQmCC'),
	('Venusaur ex', 'star_2', 'pokemon', 'A1', 251, 'https://assets.tcgdex.net/en/tcgp/A1/251/high.jpg', 'data:image/png;base64,iVBORw0KGgoAAAANSUhEUgAAAAMAAAAECAIAAADETxJQAAAACXBIWXMAAAsTAAALEwEAmpwYAAAAM0lEQVR4nAEoANf/ADQTI7peYBEOAACFyV+E1rt9zqcAZvXcL76zYOLLAGOOcZOjfeD/wkWtE1CALu6BAAAAAElFTkSuQmCC'),
	('Dewgong', 'diamond_2', 'pokemon', 'A1', 65, 'https://assets.tcgdex.net/en/tcgp/A1/065/high.jpg', 'data:image/png;base64,iVBORw0KGgoAAAANSUhEUgAAAAMAAAAECAIAAADETxJQAAAACXBIWXMAAAsTAAALEwEAmpwYAAAAM0lEQVR4nAEoANf/AHqSpwAOKAVcewCOudja9P8AS20AbsnykO//RrLgAHDI6wCGsEut1G0eFA7tR/P+AAAAAElFTkSuQmCC'),
	('Exeggutor ex', 'diamond_4', 'pokemon', 'A1', 23, 'https://assets.tcgdex.net/en/tcgp/A1/023/high.jpg', 'data:image/png;base64,iVBORw0KGgoAAAANSUhEUgAAAAMAAAAECAIAAADETxJQAAAACXBIWXMAAAsTAAALEwEAmpwYAAAAMUlEQVR4nGMwsWaw92eITmJgaOu2lWdkCPViYHj9v+DMO/dT79wYjj1KOHor6/W/NgD0yRChqQ/wbQAAAABJRU5ErkJggg=='),
	('Gloom', 'diamond_2', 'pokemon', 'A1', 12, 'https://assets.tcgdex.net/en/tcgp/A1/012/high.jpg', 'data:image/png;base64,iVBORw0KGgoAAAANSUhEUgAAAAMAAAAECAIAAADETxJQAAAACXBIWXMAAAsTAAALEwEAmpwYAAAAM0lEQVR4nAEoANf/AKy+na+rfp+5fABZd1IAAxEqWTkA2PtmyfE9y/JNAOj/lM3xbOb/iX5uFPM0KGCsAAAAAElFTkSuQmCC'),
	('Heatmor', 'diamond_1', 'pokemon', 'A1', 48, 'https://assets.tcgdex.net/en/tcgp/A1/048/high.jpg', 'data:image/png;base64,iVBORw0KGgoAAAANSUhEUgAAAAMAAAAECAIAAADETxJQAAAACXBIWXMAAAsTAAALEwEAmpwYAAAAMUlEQVR4nGO4+e6TqKqyhbcvw97dOx1tLZT19BjqxRlCGRjiGBgY/i+u6NJmOJLqCAAWGAzPdMPFRgAAAABJRU5ErkJggg=='),
	('Squirtle', 'diamond_1', 'pokemon', 'A1', 53, 'https://assets.tcgdex.net/en/tcgp/A1/053/high.jpg', 'data:image/png;base64,iVBORw0KGgoAAAANSUhEUgAAAAMAAAAECAIAAADETxJQAAAACXBIWXMAAAsTAAALEwEAmpwYAAAAM0lEQVR4nAEoANf/ANb//1Sam2OolQAAd6EADSQcVl0ATbLdRK7eP63dAHjO8gCXwlKy2nO2Evp34IvMAAAAAElFTkSuQmCC'),
	('Froakie', 'diamond_1', 'pokemon', 'A1', 87, 'https://assets.tcgdex.net/en/tcgp/A1/087/high.jpg', 'data:image/png;base64,iVBORw0KGgoAAAANSUhEUgAAAAMAAAAECAIAAADETxJQAAAACXBIWXMAAAsTAAALEwEAmpwYAAAAM0lEQVR4nAEoANf/AEyGdgBUTG2qmgAAJxsAFgAgbVYAsP//qv//lPj/ALP//3Pe/574/zNlFEwo3M5IAAAAAElFTkSuQmCC'),
	('Magikarp', 'diamond_1', 'pokemon', 'A1', 77, 'https://assets.tcgdex.net/en/tcgp/A1/077/high.jpg', 'data:image/png;base64,iVBORw0KGgoAAAANSUhEUgAAAAMAAAAECAIAAADETxJQAAAACXBIWXMAAAsTAAALEwEAmpwYAAAAMUlEQVR4nGPomD3b3NUlqWc6w7L5/bUekm//PGdg8ClkCK1lsElgYPBIZ5CyYjAJBQA7Bw09UT5ppQAAAABJRU5ErkJggg=='),
	('Kirlia', 'diamond_2', 'pokemon', 'A1', 131, 'https://assets.tcgdex.net/en/tcgp/A1/131/high.jpg', 'data:image/png;base64,iVBORw0KGgoAAAANSUhEUgAAAAMAAAAECAIAAADETxJQAAAACXBIWXMAAAsTAAALEwEAmpwYAAAAM0lEQVR4nAEoANf/AP/u69XHv8nBuwAYERGzw56MnZEAtHyyhT98bzRxANKf0I9UitKbzcc1FZ+g/w5sAAAAAElFTkSuQmCC'),
	('Articuno ex', 'diamond_4', 'pokemon', 'A1', 84, 'https://assets.tcgdex.net/en/tcgp/A1/084/high.jpg', 'data:image/png;base64,iVBORw0KGgoAAAANSUhEUgAAAAMAAAAECAIAAADETxJQAAAACXBIWXMAAAsTAAALEwEAmpwYAAAAMUlEQVR4nGNYePelZ2UHg088w/T//xnE9RjcwhgE6+fz9W7RmHmAgSEimyE4zTy3AgA8qA5q+Xd82gAAAABJRU5ErkJggg=='),
	('Nidoran♂', 'diamond_1', 'pokemon', 'A1', 169, 'https://assets.tcgdex.net/en/tcgp/A1/169/high.jpg', 'data:image/png;base64,iVBORw0KGgoAAAANSUhEUgAAAAMAAAAECAIAAADETxJQAAAACXBIWXMAAAsTAAALEwEAmpwYAAAAM0lEQVR4nAEoANf/AOn/8d/q6MXx4gCt35bQ2bK416IAADMxABAHACEiAEtxcRxJSjxjYt4UEmwUiKTdAAAAAElFTkSuQmCC'),
	('Omastar', 'diamond_3', 'pokemon', 'A1', 82, 'https://assets.tcgdex.net/en/tcgp/A1/082/high.jpg', 'data:image/png;base64,iVBORw0KGgoAAAANSUhEUgAAAAMAAAAECAIAAADETxJQAAAACXBIWXMAAAsTAAALEwEAmpwYAAAAMUlEQVR4nGNIKGxLKS+Vj85iYFCyZ1BSZxDUYui893/5//81d/4zFBx+7bntQcaxFwAdzRHmy5xm4QAAAABJRU5ErkJggg=='),
	('Zebstrika', 'diamond_2', 'pokemon', 'A1', 106, 'https://assets.tcgdex.net/en/tcgp/A1/106/high.jpg', 'data:image/png;base64,iVBORw0KGgoAAAANSUhEUgAAAAMAAAAECAIAAADETxJQAAAACXBIWXMAAAsTAAALEwEAmpwYAAAAM0lEQVR4nAEoANf/AIuJcFJdOsfWmgBteGsACxhtc1cA/+wt/+8x/+8xAP/zSP/qK//6QGgiFCxK7zLkAAAAAElFTkSuQmCC'),
	('Raichu', 'diamond_3', 'pokemon', 'A1', 95, 'https://assets.tcgdex.net/en/tcgp/A1/095/high.jpg', 'data:image/png;base64,iVBORw0KGgoAAAANSUhEUgAAAAMAAAAECAIAAADETxJQAAAACXBIWXMAAAsTAAALEwEAmpwYAAAAMUlEQVR4nGNws5OM92AoT2ZgUGRgMGZgSDRhYHh+iuH/b4t/z5QZTu1guL2f4eoBBgDUmw2j9898AQAAAABJRU5ErkJggg=='),
	('Magnemite', 'diamond_1', 'pokemon', 'A1', 97, 'https://assets.tcgdex.net/en/tcgp/A1/097/high.jpg', 'data:image/png;base64,iVBORw0KGgoAAAANSUhEUgAAAAMAAAAECAIAAADETxJQAAAACXBIWXMAAAsTAAALEwEAmpwYAAAAM0lEQVR4nAEoANf/ANPNipuVTYV5IAB8azQWBAAtHwAA/+st/+wu//8+AP/9Tv/qLP/1O1l/E0HHwErKAAAAAElFTkSuQmCC'),
	('Rattata', 'diamond_1', 'pokemon', 'A1', 189, 'https://assets.tcgdex.net/en/tcgp/A1/189/high.jpg', 'data:image/png;base64,iVBORw0KGgoAAAANSUhEUgAAAAMAAAAECAIAAADETxJQAAAACXBIWXMAAAsTAAALEwEAmpwYAAAAM0lEQVR4nAEoANf/AJairFhrgk5kbAAhMiYLAQwAEAsA4uLa+/fz9e7qAOvr4+nl4+vl3U6mFVvFBJd6AAAAAElFTkSuQmCC'),
	('Moltres ex', 'diamond_4', 'pokemon', 'A1', 47, 'https://assets.tcgdex.net/en/tcgp/A1/047/high.jpg', 'data:image/png;base64,iVBORw0KGgoAAAANSUhEUgAAAAMAAAAECAIAAADETxJQAAAACXBIWXMAAAsTAAALEwEAmpwYAAAAMUlEQVR4nGPY1RT6/3Zca7AUgycbQ4cPw/+jPgz2DAxpDAw/ivkZjtZlzfaW2F8ZDwApyg5Qt7EP2QAAAABJRU5ErkJggg=='),
	('Eelektrik', 'diamond_2', 'pokemon', 'A1', 108, 'https://assets.tcgdex.net/en/tcgp/A1/108/high.jpg', 'data:image/png;base64,iVBORw0KGgoAAAANSUhEUgAAAAMAAAAECAIAAADETxJQAAAACXBIWXMAAAsTAAALEwEAmpwYAAAAM0lEQVR4nAEoANf/ALKvcmppHbOqSQCBeC8aAABwVhkA/+Yk//g1//QxAP/tQfvgG//pK1YOExppyrKhAAAAAElFTkSuQmCC'),
	('Persian', 'diamond_2', 'pokemon', 'A1', 197, 'https://assets.tcgdex.net/en/tcgp/A1/197/high.jpg', 'data:image/png;base64,iVBORw0KGgoAAAANSUhEUgAAAAMAAAAECAIAAADETxJQAAAACXBIWXMAAAsTAAALEwEAmpwYAAAAM0lEQVR4nAEoANf/AFVjXWBpUgsQAABBUjubm2gXJw8A5eXd9O7r//75AOHh2Ofk4evl3j5QFWOMJbZVAAAAAElFTkSuQmCC'),
	('Petilil', 'diamond_1', 'pokemon', 'A1', 29, 'https://assets.tcgdex.net/en/tcgp/A1/029/high.jpg', 'data:image/png;base64,iVBORw0KGgoAAAANSUhEUgAAAAMAAAAECAIAAADETxJQAAAACXBIWXMAAAsTAAALEwEAmpwYAAAAM0lEQVR4nAEoANf/ANXfqExqIBIgAAAWPgAcLQAOEQAAmb4lm74AxOlGAOj/k6jOSt//hPs6D4UfB79VAAAAAElFTkSuQmCC'),
	('Dome Fossil', 'diamond_1', 'trainer', 'A1', 217, 'https://assets.tcgdex.net/en/tcgp/A1/217/high.jpg', 'data:image/png;base64,iVBORw0KGgoAAAANSUhEUgAAAAMAAAAECAIAAADETxJQAAAACXBIWXMAAAsTAAALEwEAmpwYAAAAM0lEQVR4nAEoANf/AGl2bKKmeGRyXwAULwUmHwAAEAAAzNXT7O3h1dzcAPX7//D//9v2/0S/FUa6CHuCAAAAAElFTkSuQmCC'),
	('Weezing', 'star_1', 'pokemon', 'A1', 243, 'https://assets.tcgdex.net/en/tcgp/A1/243/high.jpg', 'data:image/png;base64,iVBORw0KGgoAAAANSUhEUgAAAAMAAAAECAIAAADETxJQAAAACXBIWXMAAAsTAAALEwEAmpwYAAAAM0lEQVR4nAEoANf/AOTayv/5/6SdmQAUDAKSj4twamUAGhYIXWJVSkc3AJeSg8vOx5qel4dFElZ6gnj6AAAAAElFTkSuQmCC'),
	('Erika', 'star_2', 'trainer', 'A1', 266, 'https://assets.tcgdex.net/en/tcgp/A1/266/high.jpg', 'data:image/png;base64,iVBORw0KGgoAAAANSUhEUgAAAAMAAAAECAIAAADETxJQAAAACXBIWXMAAAsTAAALEwEAmpwYAAAAM0lEQVR4nAEoANf/AMCsnFZJS97AvgDUvpRuYkH/8tAA8+6xQxEAiW1IAKeneC4AAEgnDaC7EdsUJjDKAAAAAElFTkSuQmCC'),
	('Dugtrio', 'diamond_2', 'pokemon', 'A1', 140, 'https://assets.tcgdex.net/en/tcgp/A1/140/high.jpg', 'data:image/png;base64,iVBORw0KGgoAAAANSUhEUgAAAAMAAAAECAIAAADETxJQAAAACXBIWXMAAAsTAAALEwEAmpwYAAAAM0lEQVR4nAEoANf/AP/+9YVxYO/gyQDIv60UAAC5rpgA97Iu9qgo4JATAP/be//CSf/EatFbFtS8pCbpAAAAAElFTkSuQmCC'),
	('Pinsir', 'diamond_2', 'pokemon', 'A1', 26, 'https://assets.tcgdex.net/en/tcgp/A1/026/high.jpg', 'data:image/png;base64,iVBORw0KGgoAAAANSUhEUgAAAAMAAAAECAIAAADETxJQAAAACXBIWXMAAAsTAAALEwEAmpwYAAAAMUlEQVR4nGNIzzGJSRG1DWRlUFJkUGJgkFNkYNj3KHDbTdVDT50ZXv+fduRV6uP/7QDhCQ+fJVn6sgAAAABJRU5ErkJggg=='),
	('Flareon', 'diamond_3', 'pokemon', 'A1', 45, 'https://assets.tcgdex.net/en/tcgp/A1/045/high.jpg', 'data:image/png;base64,iVBORw0KGgoAAAANSUhEUgAAAAMAAAAECAIAAADETxJQAAAACXBIWXMAAAsTAAALEwEAmpwYAAAAMUlEQVR4nGP4f335xzUJb+amMFxudfv/qDyEn4GhSZnhuB9DKAMDw8IAw1gGhkplBgCEBg7rXyprYgAAAABJRU5ErkJggg=='),
	('Snom', 'diamond_1', 'pokemon', 'A1', 92, 'https://assets.tcgdex.net/en/tcgp/A1/092/high.jpg', 'data:image/png;base64,iVBORw0KGgoAAAANSUhEUgAAAAMAAAAECAIAAADETxJQAAAACXBIWXMAAAsTAAALEwEAmpwYAAAAMElEQVR4nGMwDoj3Ku059eE/A4OUVph3cPeSLQwM0XUMbjkMNskMDBkdDMpuDN65ABeQDD0dJouEAAAAAElFTkSuQmCC'),
	('Gogoat', 'diamond_1', 'pokemon', 'A1', 32, 'https://assets.tcgdex.net/en/tcgp/A1/032/high.jpg', 'data:image/png;base64,iVBORw0KGgoAAAANSUhEUgAAAAMAAAAECAIAAADETxJQAAAACXBIWXMAAAsTAAALEwEAmpwYAAAAM0lEQVR4nAEoANf/ALrSw3iCYGdmQwBofW0OAwBBPy0A0O5g0fZC2/1XAOf/k87yb+D/hGPwFCvKjCHfAAAAAElFTkSuQmCC'),
	('Horsea', 'diamond_1', 'pokemon', 'A1', 70, 'https://assets.tcgdex.net/en/tcgp/A1/070/high.jpg', 'data:image/png;base64,iVBORw0KGgoAAAANSUhEUgAAAAMAAAAECAIAAADETxJQAAAACXBIWXMAAAsTAAALEwEAmpwYAAAAM0lEQVR4nAEoANf/AN/7/4e70avV6wAdWHgACSwAJlAAAH+pAIq2AH6rAD6bvQB1nRGJrXB0EHDl00EQAAAAAElFTkSuQmCC'),
	('Arcanine ex', 'diamond_4', 'pokemon', 'A1', 41, 'https://assets.tcgdex.net/en/tcgp/A1/041/high.jpg', 'data:image/png;base64,iVBORw0KGgoAAAANSUhEUgAAAAMAAAAECAIAAADETxJQAAAACXBIWXMAAAsTAAALEwEAmpwYAAAAMUlEQVR4nGM40Vn4//nu/4+nMpgwMBgwMNyu02XosGDJ42IIYmBgOJSqtS/H6f/5OgBNng9czX7BMAAAAABJRU5ErkJggg=='),
	('Centiskorch', 'diamond_2', 'pokemon', 'A1', 52, 'https://assets.tcgdex.net/en/tcgp/A1/052/high.jpg', 'data:image/png;base64,iVBORw0KGgoAAAANSUhEUgAAAAMAAAAECAIAAADETxJQAAAACXBIWXMAAAsTAAALEwEAmpwYAAAAM0lEQVR4nAEoANf/AM25pCoAAPq2fABqRi5HFQD/vncA/5xm8XMo7mw4AP/nu/+VYv+3jWYuE+gyTluNAAAAAElFTkSuQmCC'),
	('Staryu', 'diamond_1', 'pokemon', 'A1', 74, 'https://assets.tcgdex.net/en/tcgp/A1/074/high.jpg', 'data:image/png;base64,iVBORw0KGgoAAAANSUhEUgAAAAMAAAAECAIAAADETxJQAAAACXBIWXMAAAsTAAALEwEAmpwYAAAAM0lEQVR4nAEoANf/AIjF6QBmiEqbtAAAgrcADycAQFQAmvL/pP//feP/AJvx/z+03oLd/2q5FQekdYEnAAAAAElFTkSuQmCC'),
	('Heliolisk', 'diamond_1', 'pokemon', 'A1', 111, 'https://assets.tcgdex.net/en/tcgp/A1/111/high.jpg', 'data:image/png;base64,iVBORw0KGgoAAAANSUhEUgAAAAMAAAAECAIAAADETxJQAAAACXBIWXMAAAsTAAALEwEAmpwYAAAAMUlEQVR4nGOQ0RETkWVYsb+LQUCMQZaFITvBgOH/G93/fx3+P1Vh+P8v+Pd9mf8/HQD1ihCdv2jFBwAAAABJRU5ErkJggg=='),
	('Jolteon', 'diamond_3', 'pokemon', 'A1', 102, 'https://assets.tcgdex.net/en/tcgp/A1/102/high.jpg', 'data:image/png;base64,iVBORw0KGgoAAAANSUhEUgAAAAMAAAAECAIAAADETxJQAAAACXBIWXMAAAsTAAALEwEAmpwYAAAAMUlEQVR4nGMw0mSoLZPYuNKLQZ6BIcyDIdSbn+HeUYb/Pyw+3RZkWD+f4cgqhj1rGAD3+g5LaH4Q8AAAAABJRU5ErkJggg=='),
	('Electabuzz', 'diamond_1', 'pokemon', 'A1', 101, 'https://assets.tcgdex.net/en/tcgp/A1/101/high.jpg', 'data:image/png;base64,iVBORw0KGgoAAAANSUhEUgAAAAMAAAAECAIAAADETxJQAAAACXBIWXMAAAsTAAALEwEAmpwYAAAAM0lEQVR4nAEoANf/ABIjAD1DAOXigAAAEAAcFwCcoFIA7dAA688A/+srAP/1S+bNAPrkKwJIEFX0Ug6qAAAAAElFTkSuQmCC'),
	('Golduck', 'diamond_2', 'pokemon', 'A1', 58, 'https://assets.tcgdex.net/en/tcgp/A1/058/high.jpg', 'data:image/png;base64,iVBORw0KGgoAAAANSUhEUgAAAAMAAAAECAIAAADETxJQAAAACXBIWXMAAAsTAAALEwEAmpwYAAAAM0lEQVR4nAEoANf/AJaqtiVZc97//wCNudYAEyhdlLYAAISrMpvGAHGcACuMrQBAZwBtknGUEJv8nQCYAAAAAElFTkSuQmCC'),
	('Ducklett', 'diamond_1', 'pokemon', 'A1', 85, 'https://assets.tcgdex.net/en/tcgp/A1/085/high.jpg', 'data:image/png;base64,iVBORw0KGgoAAAANSUhEUgAAAAMAAAAECAIAAADETxJQAAAACXBIWXMAAAsTAAALEwEAmpwYAAAAM0lEQVR4nAEoANf/ALHN3dH//0xseACi0N3R9f0ADBgAid//e9v/Z9H/AKD1/ziw3X7b//GnGTX9kbg0AAAAAElFTkSuQmCC'),
	('Lapras', 'diamond_3', 'pokemon', 'A1', 79, 'https://assets.tcgdex.net/en/tcgp/A1/079/high.jpg', 'data:image/png;base64,iVBORw0KGgoAAAANSUhEUgAAAAMAAAAECAIAAADETxJQAAAACXBIWXMAAAsTAAALEwEAmpwYAAAAM0lEQVR4nAEoANf/AK/Q4l6mvqrQ2gCt0LbQ/Om93sQAAEtrIo+0AE12AAAtTQAWNAArR8XoEdPX/C8tAAAAAElFTkSuQmCC'),
	('Kabuto', 'diamond_2', 'pokemon', 'A1', 158, 'https://assets.tcgdex.net/en/tcgp/A1/158/high.jpg', 'data:image/png;base64,iVBORw0KGgoAAAANSUhEUgAAAAMAAAAECAIAAADETxJQAAAACXBIWXMAAAsTAAALEwEAmpwYAAAAM0lEQVR4nAEoANf/AHdmVLSVff/3vgAuIyIPAArLtIkA7KsX2I8AyYAAAPK7V+OiJuGiR2HWEhdbXhIKAAAAAElFTkSuQmCC'),
	('Dragonair', 'diamond_2', 'pokemon', 'A1', 184, 'https://assets.tcgdex.net/en/tcgp/A1/184/high.jpg', 'data:image/png;base64,iVBORw0KGgoAAAANSUhEUgAAAAMAAAAECAIAAADETxJQAAAACXBIWXMAAAsTAAALEwEAmpwYAAAAMUlEQVR4nGO48e3lgVc3gmvSGVY/fcKQ1cogIc3QUMgwtZnBWIaBobtS29aIwVKHAQB40w5hPoTgvwAAAABJRU5ErkJggg=='),
	('Marowak', 'diamond_2', 'pokemon', 'A1', 152, 'https://assets.tcgdex.net/en/tcgp/A1/152/high.jpg', 'data:image/png;base64,iVBORw0KGgoAAAANSUhEUgAAAAMAAAAECAIAAADETxJQAAAACXBIWXMAAAsTAAALEwEAmpwYAAAAM0lEQVR4nAEoANf/APLx37uzoJmLdgA3KBQ7KhUVAAAA/70235IG3o8DAP/uiv/ASP28Ym+6Et9gpB4sAAAAAElFTkSuQmCC'),
	('Blaine', 'diamond_2', 'trainer', 'A1', 221, 'https://assets.tcgdex.net/en/tcgp/A1/221/high.jpg', 'data:image/png;base64,iVBORw0KGgoAAAANSUhEUgAAAAMAAAAECAIAAADETxJQAAAACXBIWXMAAAsTAAALEwEAmpwYAAAAM0lEQVR4nAEoANf/AHhrXmVjVVROQwAlJioNCApDOi4A4N3e7Ozy/vv4APTw6//25+vaxDhvFQ0q//eKAAAAAElFTkSuQmCC'),
	('Giovanni', 'diamond_2', 'trainer', 'A1', 223, 'https://assets.tcgdex.net/en/tcgp/A1/223/high.jpg', 'data:image/png;base64,iVBORw0KGgoAAAANSUhEUgAAAAMAAAAECAIAAADETxJQAAAACXBIWXMAAAsTAAALEwEAmpwYAAAAM0lEQVR4nAEoANf/ALKsqKeop6SnpwBzemoLAQBjXlUA4N7WzsvL5dzWAPjy7//97vvr1Ks9GHRnJM7NAAAAAElFTkSuQmCC'),
	('Spearow', 'diamond_1', 'pokemon', 'A1', 191, 'https://assets.tcgdex.net/en/tcgp/A1/191/high.jpg', 'data:image/png;base64,iVBORw0KGgoAAAANSUhEUgAAAAMAAAAECAIAAADETxJQAAAACXBIWXMAAAsTAAALEwEAmpwYAAAAM0lEQVR4nAEoANf/ADlmbylNa1t0lQAAPjYAEwAbSCsA7uvh+/vy9vLoAOvs5Ovl5Ovl3jS4FPgpqhryAAAAAElFTkSuQmCC'),
	('Wooloo', 'diamond_1', 'pokemon', 'A1', 214, 'https://assets.tcgdex.net/en/tcgp/A1/214/high.jpg', 'data:image/png;base64,iVBORw0KGgoAAAANSUhEUgAAAAMAAAAECAIAAADETxJQAAAACXBIWXMAAAsTAAALEwEAmpwYAAAAM0lEQVR4nAEoANf/ACcxJUZFP1VaSwASHwANFgADFgAA19fR+fby7+vmANPVzM/LyM7KwPY/Ef09JiZBAAAAAElFTkSuQmCC'),
	('Eevee', 'star_1', 'pokemon', 'A1', 248, 'https://assets.tcgdex.net/en/tcgp/A1/248/high.jpg', 'data:image/png;base64,iVBORw0KGgoAAAANSUhEUgAAAAMAAAAECAIAAADETxJQAAAACXBIWXMAAAsTAAALEwEAmpwYAAAAMUlEQVR4nGNQ4mTYN7X9/7uTDN4WqkUe8ic7ahiqo2wTxRjuzSli8FBV31Ifc+3gfAAyig/YyyfNbwAAAABJRU5ErkJggg=='),
	('Ditto', 'diamond_3', 'pokemon', 'A1', 205, 'https://assets.tcgdex.net/en/tcgp/A1/205/high.jpg', 'data:image/png;base64,iVBORw0KGgoAAAANSUhEUgAAAAMAAAAECAIAAADETxJQAAAACXBIWXMAAAsTAAALEwEAmpwYAAAAM0lEQVR4nAEoANf/ADVDNIFnX5eIfQBSWmYZABNFTF0A5unn9f389vf3AMfGwd/W0tjRxFQ8FYbC4vyoAAAAAElFTkSuQmCC'),
	('Meowth', 'star_1', 'pokemon', 'A1', 246, 'https://assets.tcgdex.net/en/tcgp/A1/246/high.jpg', 'data:image/png;base64,iVBORw0KGgoAAAANSUhEUgAAAAMAAAAECAIAAADETxJQAAAACXBIWXMAAAsTAAALEwEAmpwYAAAAM0lEQVR4nAEoANf/AHVvcywqJmNqfAC2o5h9bUwABBkAu7SD4tKrZWBuAMfFrvv/8Ky1xj6TEzAt6d3EAAAAAElFTkSuQmCC'),
	('Articuno ex', 'star_2', 'pokemon', 'A1', 258, 'https://assets.tcgdex.net/en/tcgp/A1/258/high.jpg', 'data:image/png;base64,iVBORw0KGgoAAAANSUhEUgAAAAMAAAAECAIAAADETxJQAAAACXBIWXMAAAsTAAALEwEAmpwYAAAAM0lEQVR4nAEoANf/AF+KowAAIZv8/wCl6/+f+P+H+/8AmcHftfH/bsX7AMft9erw293+8OCUGx815qrAAAAAAElFTkSuQmCC'),
	('Blastoise', 'diamond_3', 'pokemon', 'A1', 55, 'https://assets.tcgdex.net/en/tcgp/A1/055/high.jpg', 'data:image/png;base64,iVBORw0KGgoAAAANSUhEUgAAAAMAAAAECAIAAADETxJQAAAACXBIWXMAAAsTAAALEwEAmpwYAAAAMUlEQVR4nGOYv/WIUlT+qff/GRhMfAwSypjc4xkYwmqrrvxnSJ3IwGAXxyBhyuCcAAA9Wg2Mi7tJkAAAAABJRU5ErkJggg=='),
	('Goldeen', 'diamond_1', 'pokemon', 'A1', 72, 'https://assets.tcgdex.net/en/tcgp/A1/072/high.jpg', 'data:image/png;base64,iVBORw0KGgoAAAANSUhEUgAAAAMAAAAECAIAAADETxJQAAAACXBIWXMAAAsTAAALEwEAmpwYAAAAM0lEQVR4nAEoANf/AABVXmR+jLvp9QAoh53Sy809bnIAHJC3T8LyAGeTADWUtgAjRABuk2dlENXA+aR1AAAAAElFTkSuQmCC'),
	('Venusaur', 'diamond_3', 'pokemon', 'A1', 3, 'https://assets.tcgdex.net/en/tcgp/A1/003/high.jpg', 'data:image/png;base64,iVBORw0KGgoAAAANSUhEUgAAAAMAAAAECAIAAADETxJQAAAACXBIWXMAAAsTAAALEwEAmpwYAAAAM0lEQVR4nAEoANf/AHSFaqe5gJ6ocQAOJwQADQAAGQAAxOhf4/9U0fZVAMDbcr3gV8/ubTe+EeIMeEAQAAAAAElFTkSuQmCC'),
	('Blastoise ex', 'diamond_4', 'pokemon', 'A1', 56, 'https://assets.tcgdex.net/en/tcgp/A1/056/high.jpg', 'data:image/png;base64,iVBORw0KGgoAAAANSUhEUgAAAAMAAAAECAIAAADETxJQAAAACXBIWXMAAAsTAAALEwEAmpwYAAAAM0lEQVR4nAEoANf/AD5VZa/J5Oz9/wAADiMCGjZReqoAUqPJKJTDAHOcAGu01QZmfpvP2VlTEaLHY8/EAAAAAElFTkSuQmCC'),
	('Psyduck', 'diamond_1', 'pokemon', 'A1', 57, 'https://assets.tcgdex.net/en/tcgp/A1/057/high.jpg', 'data:image/png;base64,iVBORw0KGgoAAAANSUhEUgAAAAMAAAAECAIAAADETxJQAAAACXBIWXMAAAsTAAALEwEAmpwYAAAAMUlEQVR4nGO49OP/xZdn+3fuZUiZMWd6txODhAQDQ3o3g3sBg2chg0zLEgYpC4a8yQCFxg98LSibXAAAAABJRU5ErkJggg=='),
	('Salandit', 'diamond_1', 'pokemon', 'A1', 49, 'https://assets.tcgdex.net/en/tcgp/A1/049/high.jpg', 'data:image/png;base64,iVBORw0KGgoAAAANSUhEUgAAAAMAAAAECAIAAADETxJQAAAACXBIWXMAAAsTAAALEwEAmpwYAAAAM0lEQVR4nAEoANf/AMODYlxPSf/nygCuaUQdBw5oWlsA/5Zc/34t9HI8AP/esv+fbv+7k3FLFBw5IeAkAAAAAElFTkSuQmCC'),
	('Frogadier', 'diamond_2', 'pokemon', 'A1', 88, 'https://assets.tcgdex.net/en/tcgp/A1/088/high.jpg', 'data:image/png;base64,iVBORw0KGgoAAAANSUhEUgAAAAMAAAAECAIAAADETxJQAAAACXBIWXMAAAsTAAALEwEAmpwYAAAAM0lEQVR4nAEoANf/ALXc1RhicnOnpwDJ+vsAFxFVfXkAker/h+P/ZMr6AInd/yyq1nTR+adGFp8+3L/KAAAAAElFTkSuQmCC'),
	('Pincurchin', 'diamond_2', 'pokemon', 'A1', 112, 'https://assets.tcgdex.net/en/tcgp/A1/112/high.jpg', 'data:image/png;base64,iVBORw0KGgoAAAANSUhEUgAAAAMAAAAECAIAAADETxJQAAAACXBIWXMAAAsTAAALEwEAmpwYAAAAMUlEQVR4nGPIyHQ3NZOOTDRkiIj35eCStHAyY/j/XOP/J+P/Py0Z/r9x+f9U9f9HMwANtxEqZXzVgwAAAABJRU5ErkJggg=='),
	('Poliwrath', 'diamond_3', 'pokemon', 'A1', 61, 'https://assets.tcgdex.net/en/tcgp/A1/061/high.jpg', 'data:image/png;base64,iVBORw0KGgoAAAANSUhEUgAAAAMAAAAECAIAAADETxJQAAAACXBIWXMAAAsTAAALEwEAmpwYAAAAMUlEQVR4nGM4/fxb2dJdp77+Z2BQtmDgkWHwTGJgiGsKX3+doWsng0jdAobIOoaiiQBfhA924tUZkwAAAABJRU5ErkJggg=='),
	('Gyarados', 'diamond_3', 'pokemon', 'A1', 78, 'https://assets.tcgdex.net/en/tcgp/A1/078/high.jpg', 'data:image/png;base64,iVBORw0KGgoAAAANSUhEUgAAAAMAAAAECAIAAADETxJQAAAACXBIWXMAAAsTAAALEwEAmpwYAAAAM0lEQVR4nAEoANf/AJ/A1StyhHqnwQCQwtwAHDMAFT4AbsTws///Ycr7AEqgyCWhykWkxYA8E/GIS2lrAAAAAElFTkSuQmCC'),
	('Mankey', 'diamond_1', 'pokemon', 'A1', 141, 'https://assets.tcgdex.net/en/tcgp/A1/141/high.jpg', 'data:image/png;base64,iVBORw0KGgoAAAANSUhEUgAAAAMAAAAECAIAAADETxJQAAAACXBIWXMAAAsTAAALEwEAmpwYAAAAMUlEQVR4nGOw0+dRkWMwM2ZhEGVhUFXg0VBhYvh/zff3Gq2vy1QZ/n/o+n82+P/RLAC4ZA5agNcvYgAAAABJRU5ErkJggg=='),
	('Machoke', 'diamond_2', 'pokemon', 'A1', 144, 'https://assets.tcgdex.net/en/tcgp/A1/144/high.jpg', 'data:image/png;base64,iVBORw0KGgoAAAANSUhEUgAAAAMAAAAECAIAAADETxJQAAAACXBIWXMAAAsTAAALEwEAmpwYAAAAM0lEQVR4nAEoANf/AP/v1Y55bvzevQB2WEgXBRmvkYIA/8tF/7w79KElAP/xjP/RVv/LcbhmFnnSxBLmAAAAAElFTkSuQmCC'),
	('Golett', 'diamond_1', 'pokemon', 'A1', 135, 'https://assets.tcgdex.net/en/tcgp/A1/135/high.jpg', 'data:image/png;base64,iVBORw0KGgoAAAANSUhEUgAAAAMAAAAECAIAAADETxJQAAAACXBIWXMAAAsTAAALEwEAmpwYAAAAM0lEQVR4nAEoANf/AP/25Tw8ROvq8ADIs4AREQCzyJsA/9D/243K15PTAP/u/+Kj3f/j/997GfuCvlepAAAAAElFTkSuQmCC'),
	('Rhyhorn', 'diamond_1', 'pokemon', 'A1', 156, 'https://assets.tcgdex.net/en/tcgp/A1/156/high.jpg', 'data:image/png;base64,iVBORw0KGgoAAAANSUhEUgAAAAMAAAAECAIAAADETxJQAAAACXBIWXMAAAsTAAALEwEAmpwYAAAAM0lEQVR4nAEoANf/ANfEoLu3rN/IogBGNSQJBQmGd2MA/8I465wT1ocAAP/uh/u5PvOzV4xcFAxJbbYRAAAAAElFTkSuQmCC'),
	('Pyukumuku', 'diamond_1', 'pokemon', 'A1', 90, 'https://assets.tcgdex.net/en/tcgp/A1/090/high.jpg', 'data:image/png;base64,iVBORw0KGgoAAAANSUhEUgAAAAMAAAAECAIAAADETxJQAAAACXBIWXMAAAsTAAALEwEAmpwYAAAAM0lEQVR4nAEoANf/AEhzcRlmdFCSmQAJFBEeGw8kQUYAmPD/jOb/btH/AK///zSv3Ijk/yRWEskDEMFXAAAAAElFTkSuQmCC'),
	('Kabutops', 'diamond_3', 'pokemon', 'A1', 159, 'https://assets.tcgdex.net/en/tcgp/A1/159/high.jpg', 'data:image/png;base64,iVBORw0KGgoAAAANSUhEUgAAAAMAAAAECAIAAADETxJQAAAACXBIWXMAAAsTAAALEwEAmpwYAAAAMUlEQVR4nGNYPKtNV5whyl6IITHMV4CJwURVkuHfNrP/j+IutDAwvNwYdne23NlJxgD9YQ7Qkb5JIAAAAABJRU5ErkJggg=='),
	('Dodrio', 'diamond_2', 'pokemon', 'A1', 200, 'https://assets.tcgdex.net/en/tcgp/A1/200/high.jpg', 'data:image/png;base64,iVBORw0KGgoAAAANSUhEUgAAAAMAAAAECAIAAADETxJQAAAACXBIWXMAAAsTAAALEwEAmpwYAAAAM0lEQVR4nAEoANf/AHZ+QFFBAGp+KAA7YwAZDwAjUAAA7vDt+vz9+/b1AOzt5O7o5u7p4S6nFOWA4LJxAAAAAElFTkSuQmCC'),
	('Shellder', 'diamond_1', 'pokemon', 'A1', 66, 'https://assets.tcgdex.net/en/tcgp/A1/066/high.jpg', 'data:image/png;base64,iVBORw0KGgoAAAANSUhEUgAAAAMAAAAECAIAAADETxJQAAAACXBIWXMAAAsTAAALEwEAmpwYAAAAM0lEQVR4nAEoANf/AHaOlgBVZ16EhwAAQDsADhAyiXIAq///rv//pP//ALP//4Lu/6P+/0lIFT370tCYAAAAAElFTkSuQmCC'),
	('Wigglytuff ex', 'diamond_4', 'pokemon', 'A1', 195, 'https://assets.tcgdex.net/en/tcgp/A1/195/high.jpg', 'data:image/png;base64,iVBORw0KGgoAAAANSUhEUgAAAAMAAAAECAIAAADETxJQAAAACXBIWXMAAAsTAAALEwEAmpwYAAAAM0lEQVR4nAEoANf/ABscHBgNDTxBRwB2cneCcnWmmJsA39bQ//338+feAMXAtLKtn9bQuzliFLNv/HSuAAAAAElFTkSuQmCC'),
	('Haunter', 'diamond_2', 'pokemon', 'A1', 121, 'https://assets.tcgdex.net/en/tcgp/A1/121/high.jpg', 'data:image/png;base64,iVBORw0KGgoAAAANSUhEUgAAAAMAAAAECAIAAADETxJQAAAACXBIWXMAAAsTAAALEwEAmpwYAAAAM0lEQVR4nAEoANf/AKOrzT8/cZCcwgB2g6gDByVIZogA/+b//rbw8qrqAP/r//y59f/s/57SGIpxVnTPAAAAAElFTkSuQmCC'),
	('Pinsir', 'star_1', 'pokemon', 'A1', 229, 'https://assets.tcgdex.net/en/tcgp/A1/229/high.jpg', 'data:image/png;base64,iVBORw0KGgoAAAANSUhEUgAAAAMAAAAECAIAAADETxJQAAAACXBIWXMAAAsTAAALEwEAmpwYAAAAMUlEQVR4nGMwN9MzMNBm4GNgKAhw7EgLi/R1Yti8trSrJDTQWJZh/aqm//9O9U4uAgDZhw5f9RmzfgAAAABJRU5ErkJggg=='),
	('Ditto', 'star_1', 'pokemon', 'A1', 247, 'https://assets.tcgdex.net/en/tcgp/A1/247/high.jpg', 'data:image/png;base64,iVBORw0KGgoAAAANSUhEUgAAAAMAAAAECAIAAADETxJQAAAACXBIWXMAAAsTAAALEwEAmpwYAAAAMUlEQVR4nGNgkGJgcHR0mDubQVqWIWzSpu6pGxn+f5vQV2o4JUONgcdSbek09/+PWwD4jA7mSyzBMAAAAABJRU5ErkJggg=='),
	('Clobbopus', 'diamond_1', 'pokemon', 'A1', 162, 'https://assets.tcgdex.net/en/tcgp/A1/162/high.jpg', 'data:image/png;base64,iVBORw0KGgoAAAANSUhEUgAAAAMAAAAECAIAAADETxJQAAAACXBIWXMAAAsTAAALEwEAmpwYAAAAMUlEQVR4nGPYva3L2kiwqS6U4fTO1vhQu/efzjJUeTMEyjHYMjAwTEljiNFjCNNmAAA4/wzuV866TQAAAABJRU5ErkJggg=='),
	('Marowak ex', 'star_2', 'pokemon', 'A1', 264, 'https://assets.tcgdex.net/en/tcgp/A1/264/high.jpg', 'data:image/png;base64,iVBORw0KGgoAAAANSUhEUgAAAAMAAAAECAIAAADETxJQAAAACXBIWXMAAAsTAAALEwEAmpwYAAAAMUlEQVR4nGNQsjT0q81kkGRgyLjY/en3PaPlBQx1G4PPrs46dKmSoaRUsrVMd9ZcJwA39xDGJ0BY5wAAAABJRU5ErkJggg=='),
	('Snorlax', 'star_1', 'pokemon', 'A1', 250, 'https://assets.tcgdex.net/en/tcgp/A1/250/high.jpg', 'data:image/png;base64,iVBORw0KGgoAAAANSUhEUgAAAAMAAAAECAIAAADETxJQAAAACXBIWXMAAAsTAAALEwEAmpwYAAAAMUlEQVR4nGMonL2YQUizqCqcYcbK/vv//8dVNjBk5AdGFCUb2EsyTGkt2jA/q6LMGwBM6hCMWf5BwwAAAABJRU5ErkJggg=='),
	('Pikachu ex', 'diamond_4', 'pokemon', 'A1', 96, 'https://assets.tcgdex.net/en/tcgp/A1/096/high.jpg', 'data:image/png;base64,iVBORw0KGgoAAAANSUhEUgAAAAMAAAAECAIAAADETxJQAAAACXBIWXMAAAsTAAALEwEAmpwYAAAAMUlEQVR4nGOQEmBQEGGIzWBgEDe23baeISGNgWH5fIb/vxx2b2Fg6GplmNHKsGe1HgDIxwyFggaNDQAAAABJRU5ErkJggg=='),
	('Seel', 'diamond_1', 'pokemon', 'A1', 64, 'https://assets.tcgdex.net/en/tcgp/A1/064/high.jpg', 'data:image/png;base64,iVBORw0KGgoAAAANSUhEUgAAAAMAAAAECAIAAADETxJQAAAACXBIWXMAAAsTAAALEwEAmpwYAAAAMUlEQVR4nGNIKu50iq/2SKhkOHDr7de//88++8nA4JnF4JzJYBLFwOCaxCBlxWAUBABsWw8sKpCXgAAAAABJRU5ErkJggg=='),
	('Ninetales', 'diamond_2', 'pokemon', 'A1', 38, 'https://assets.tcgdex.net/en/tcgp/A1/038/high.jpg', 'data:image/png;base64,iVBORw0KGgoAAAANSUhEUgAAAAMAAAAECAIAAADETxJQAAAACXBIWXMAAAsTAAALEwEAmpwYAAAAMUlEQVR4nGPYvW3d/8eLHyxOZVDkZfj/bXVbnB5DEgODJwNDCAMDw7Zk2xZVhjmOCgBnbw5o43Y1TQAAAABJRU5ErkJggg=='),
	('Caterpie', 'diamond_1', 'pokemon', 'A1', 5, 'https://assets.tcgdex.net/en/tcgp/A1/005/high.jpg', 'data:image/png;base64,iVBORw0KGgoAAAANSUhEUgAAAAMAAAAECAIAAADETxJQAAAACXBIWXMAAAsTAAALEwEAmpwYAAAAMUlEQVR4nGMIjVdNbtVMaLNlEOBj4OJjYJNkYNh9N2DKDoajL9wY3v6fdvpD1qv//QDmeg+pP0QFSAAAAABJRU5ErkJggg=='),
	('Seadra', 'diamond_2', 'pokemon', 'A1', 71, 'https://assets.tcgdex.net/en/tcgp/A1/071/high.jpg', 'data:image/png;base64,iVBORw0KGgoAAAANSUhEUgAAAAMAAAAECAIAAADETxJQAAAACXBIWXMAAAsTAAALEwEAmpwYAAAAM0lEQVR4nAEoANf/ANzz/5vL23mUfgAwZoEAFiUAOjwAAIKqBIiyAJLCAFGqywB2njSZv2L4EIcE5VYPAAAAAElFTkSuQmCC'),
	('Seaking', 'diamond_1', 'pokemon', 'A1', 73, 'https://assets.tcgdex.net/en/tcgp/A1/073/high.jpg', 'data:image/png;base64,iVBORw0KGgoAAAANSUhEUgAAAAMAAAAECAIAAADETxJQAAAACXBIWXMAAAsTAAALEwEAmpwYAAAAMUlEQVR4nGN49uN/WHIug5Ihw7lP/8tDAlhFFBkYmlZKTN7LMGEvg/WsPQxRTQwNiwFVtg/bn/fL3wAAAABJRU5ErkJggg=='),
	('Magmar', 'diamond_1', 'pokemon', 'A1', 44, 'https://assets.tcgdex.net/en/tcgp/A1/044/high.jpg', 'data:image/png;base64,iVBORw0KGgoAAAANSUhEUgAAAAMAAAAECAIAAADETxJQAAAACXBIWXMAAAsTAAALEwEAmpwYAAAAMUlEQVR4nGP4/+zUAl8xbQYGhv+f70bqMDd6qjLs9JNerM9wIVSO4dfs4lMJhtfL/ABO3RBZSUcD7QAAAABJRU5ErkJggg=='),
	('Salazzle', 'diamond_1', 'pokemon', 'A1', 50, 'https://assets.tcgdex.net/en/tcgp/A1/050/high.jpg', 'data:image/png;base64,iVBORw0KGgoAAAANSUhEUgAAAAMAAAAECAIAAADETxJQAAAACXBIWXMAAAsTAAALEwEAmpwYAAAAM0lEQVR4nAEoANf/ALepjKeUgP/v3QB8aD8TCQBlTTgA+YRM4FsB4V8lAP/Oo/KCU/+ieX6PE1fOm5CHAAAAAElFTkSuQmCC'),
	('Gengar ex', 'diamond_4', 'pokemon', 'A1', 123, 'https://assets.tcgdex.net/en/tcgp/A1/123/high.jpg', 'data:image/png;base64,iVBORw0KGgoAAAANSUhEUgAAAAMAAAAECAIAAADETxJQAAAACXBIWXMAAAsTAAALEwEAmpwYAAAAM0lEQVR4nAEoANf/AP3U/+Ou/XNElwBHKH09ACrll9UAtXnBx2efzX+0AM2Qxu663f/m/75aF5na8AfRAAAAAElFTkSuQmCC'),
	('Clefairy', 'diamond_1', 'pokemon', 'A1', 113, 'https://assets.tcgdex.net/en/tcgp/A1/113/high.jpg', 'data:image/png;base64,iVBORw0KGgoAAAANSUhEUgAAAAMAAAAECAIAAADETxJQAAAACXBIWXMAAAsTAAALEwEAmpwYAAAAMElEQVR4nGMQ51KdUtwqzqDCwKrk9v/jT151L4YY7RgPDldHDmeGNOs0R27HNLNkANNJCnng5DZHAAAAAElFTkSuQmCC'),
	('Paras', 'diamond_1', 'pokemon', 'A1', 14, 'https://assets.tcgdex.net/en/tcgp/A1/014/high.jpg', 'data:image/png;base64,iVBORw0KGgoAAAANSUhEUgAAAAMAAAAECAIAAADETxJQAAAACXBIWXMAAAsTAAALEwEAmpwYAAAAMUlEQVR4nGNoXRJWlM7a0GnGEFWto8bCkFUkz3DuQ9zpb/ZX/4QxvPs/4/ibtKf/OwE6cRMR0udwMwAAAABJRU5ErkJggg=='),
	('Hitmonlee', 'diamond_1', 'pokemon', 'A1', 154, 'https://assets.tcgdex.net/en/tcgp/A1/154/high.jpg', 'data:image/png;base64,iVBORw0KGgoAAAANSUhEUgAAAAMAAAAECAIAAADETxJQAAAACXBIWXMAAAsTAAALEwEAmpwYAAAAM0lEQVR4nAEoANf/APOvlDQAALdyUgDAiX9jPjKnbWkA4KUPk1sAgkgAAP/uitOUD+KjR0nCEQNkrY/jAAAAAElFTkSuQmCC'),
	('Woobat', 'diamond_1', 'pokemon', 'A1', 133, 'https://assets.tcgdex.net/en/tcgp/A1/133/high.jpg', 'data:image/png;base64,iVBORw0KGgoAAAANSUhEUgAAAAMAAAAECAIAAADETxJQAAAACXBIWXMAAAsTAAALEwEAmpwYAAAAMElEQVR4nGMQkVKS845mEFVg6Fmw/Nj3/6aB4QxtAQ3hQoFBfD4MVb5VbvwuNT6VAPGhDI3pKHVCAAAAAElFTkSuQmCC'),
	('Primeape', 'diamond_2', 'pokemon', 'A1', 142, 'https://assets.tcgdex.net/en/tcgp/A1/142/high.jpg', 'data:image/png;base64,iVBORw0KGgoAAAANSUhEUgAAAAMAAAAECAIAAADETxJQAAAACXBIWXMAAAsTAAALEwEAmpwYAAAAM0lEQVR4nAEoANf/AOv0xCUKAM/UbwB6lVkdHABYaQUA6qkcs3MAn1sAAP/vjP+7Qvi3XE1GEZwQcROfAAAAAElFTkSuQmCC'),
	('Gardevoir', 'diamond_3', 'pokemon', 'A1', 132, 'https://assets.tcgdex.net/en/tcgp/A1/132/high.jpg', 'data:image/png;base64,iVBORw0KGgoAAAANSUhEUgAAAAMAAAAECAIAAADETxJQAAAACXBIWXMAAAsTAAALEwEAmpwYAAAAMUlEQVR4nGP4//zot4vzV6fVMVxfvvT/q7OtcSUMmgwaDgwOmgxGDEY8FuoMytY8JgChPQ84e9YEywAAAABJRU5ErkJggg=='),
	('Pidgeotto', 'diamond_1', 'pokemon', 'A1', 187, 'https://assets.tcgdex.net/en/tcgp/A1/187/high.jpg', 'data:image/png;base64,iVBORw0KGgoAAAANSUhEUgAAAAMAAAAECAIAAADETxJQAAAACXBIWXMAAAsTAAALEwEAmpwYAAAAM0lEQVR4nAEoANf/AF9xd1NjbY2hqABAWVwABAQZKhoA5+Tb+/j27ObfAOrr4Ojj3+bf2FqAFdcmZOIYAAAAAElFTkSuQmCC'),
	('Melmetal', 'diamond_3', 'pokemon', 'A1', 182, 'https://assets.tcgdex.net/en/tcgp/A1/182/high.jpg', 'data:image/png;base64,iVBORw0KGgoAAAANSUhEUgAAAAMAAAAECAIAAADETxJQAAAACXBIWXMAAAsTAAALEwEAmpwYAAAAM0lEQVR4nAEoANf/AMnJyHJyaFJRTAAzJiRKRD8PCgAApKCj9Pb44ersAObq7tfa2bS9uV3RFOvy7/VGAAAAAElFTkSuQmCC'),
	('Electrode', 'diamond_2', 'pokemon', 'A1', 100, 'https://assets.tcgdex.net/en/tcgp/A1/100/high.jpg', 'data:image/png;base64,iVBORw0KGgoAAAANSUhEUgAAAAMAAAAECAIAAADETxJQAAAACXBIWXMAAAsTAAALEwEAmpwYAAAALElEQVR4nGNorAjLjFHMCGVg8HFSVWFgcDMRZvj/SgOE/pgx/P/gBGK9MwIAEQIRC9E5/P4AAAAASUVORK5CYII='),
	('Helioptile', 'diamond_1', 'pokemon', 'A1', 110, 'https://assets.tcgdex.net/en/tcgp/A1/110/high.jpg', 'data:image/png;base64,iVBORw0KGgoAAAANSUhEUgAAAAMAAAAECAIAAADETxJQAAAACXBIWXMAAAsTAAALEwEAmpwYAAAAMUlEQVR4nGOYWu+c4MfQni/IkO7GoczIYKbOwPD/i+n/vzb/f1sx/P/u+f+Fxv8vFgAUwBFQ2NrE4gAAAABJRU5ErkJggg=='),
	('Alakazam', 'diamond_3', 'pokemon', 'A1', 117, 'https://assets.tcgdex.net/en/tcgp/A1/117/high.jpg', 'data:image/png;base64,iVBORw0KGgoAAAANSUhEUgAAAAMAAAAECAIAAADETxJQAAAACXBIWXMAAAsTAAALEwEAmpwYAAAAMUlEQVR4nGPwcTC/unvK35//GfTkGI6tUmxrCmaI0QiPlQnTZdBmsBCwU2dQcRS1AwA73gx8IGO13QAAAABJRU5ErkJggg=='),
	('Nidoqueen', 'star_1', 'pokemon', 'A1', 240, 'https://assets.tcgdex.net/en/tcgp/A1/240/high.jpg', 'data:image/png;base64,iVBORw0KGgoAAAANSUhEUgAAAAMAAAAECAIAAADETxJQAAAACXBIWXMAAAsTAAALEwEAmpwYAAAAMUlEQVR4nGP48urt/y/fEgMCGGQFxfKjE3xMjRmM1JWlGIQTgkIYslOS0qJCF82cBgBPJA6eSYSdkgAAAABJRU5ErkJggg=='),
	('Gastly', 'diamond_1', 'pokemon', 'A1', 120, 'https://assets.tcgdex.net/en/tcgp/A1/120/high.jpg', 'data:image/png;base64,iVBORw0KGgoAAAANSUhEUgAAAAMAAAAECAIAAADETxJQAAAACXBIWXMAAAsTAAALEwEAmpwYAAAAM0lEQVR4nAEoANf/AP/u/WlbbLajuwBYTmEKAw52a3wA/9f/7qHh8qvqAP/s///D/v/q/7kjGQziBLTXAAAAAElFTkSuQmCC'),
	('Meltan', 'diamond_1', 'pokemon', 'A1', 181, 'https://assets.tcgdex.net/en/tcgp/A1/181/high.jpg', 'data:image/png;base64,iVBORw0KGgoAAAANSUhEUgAAAAMAAAAECAIAAADETxJQAAAACXBIWXMAAAsTAAALEwEAmpwYAAAAM0lEQVR4nAEoANf/ALernHB2cVNaXgB6a11DNiwABQ4A0dnd5Ozw4+rqAPn7+ubq6t7m53LpFqxi2XZ+AAAAAElFTkSuQmCC'),
	('Bulbasaur', 'star_1', 'pokemon', 'A1', 227, 'https://assets.tcgdex.net/en/tcgp/A1/227/high.jpg', 'data:image/png;base64,iVBORw0KGgoAAAANSUhEUgAAAAMAAAAECAIAAADETxJQAAAACXBIWXMAAAsTAAALEwEAmpwYAAAAMUlEQVR4nGOIrauUtzKqnNjMwCDAldRSyMDOylDf3nTn8XUGKVWGldtPH794/NP/bwAEXhC4O3O0EwAAAABJRU5ErkJggg=='),
	('Koga', 'diamond_2', 'trainer', 'A1', 222, 'https://assets.tcgdex.net/en/tcgp/A1/222/high.jpg', 'data:image/png;base64,iVBORw0KGgoAAAANSUhEUgAAAAMAAAAECAIAAADETxJQAAAACXBIWXMAAAsTAAALEwEAmpwYAAAAM0lEQVR4nAEoANf/ALi2pJqfka2yowCHgWkWAAB3aUkA5t3b2Nba7eTiAPHv7P/57PPhzLIxGLh2o+NlAAAAAElFTkSuQmCC'),
	('Drowzee', 'diamond_1', 'pokemon', 'A1', 124, 'https://assets.tcgdex.net/en/tcgp/A1/124/high.jpg', 'data:image/png;base64,iVBORw0KGgoAAAANSUhEUgAAAAMAAAAECAIAAADETxJQAAAACXBIWXMAAAsTAAALEwEAmpwYAAAAM0lEQVR4nAEoANf/AA0TGkY9GCAmJQBqWDb/9GM8LwAA6ancl1CTr2ijANen16NpoNyn2AG8EPjyv5ArAAAAAElFTkSuQmCC'),
	('Blastoise ex', 'star_2', 'pokemon', 'A1', 256, 'https://assets.tcgdex.net/en/tcgp/A1/256/high.jpg', 'data:image/png;base64,iVBORw0KGgoAAAANSUhEUgAAAAMAAAAECAIAAADETxJQAAAACXBIWXMAAAsTAAALEwEAmpwYAAAAMUlEQVR4nGOYMGW+uXeqX+NiBjP74P+/9uUmlzNoeISdONDEwiLJwCqhIaMo7eDuBQA5xg1C1AZIuwAAAABJRU5ErkJggg=='),
	('Helix Fossil', 'diamond_1', 'trainer', 'A1', 216, 'https://assets.tcgdex.net/en/tcgp/A1/216/high.jpg', 'data:image/png;base64,iVBORw0KGgoAAAANSUhEUgAAAAMAAAAECAIAAADETxJQAAAACXBIWXMAAAsTAAALEwEAmpwYAAAAM0lEQVR4nAEoANf/AGhugLPDtmRpcwAABiQIMRsEGCoAyMvX19rl3eLtAO70+Ov7/9Ds91XTFaWe6sRSAAAAAElFTkSuQmCC'),
	('Geodude', 'diamond_1', 'pokemon', 'A1', 147, 'https://assets.tcgdex.net/en/tcgp/A1/147/high.jpg', 'data:image/png;base64,iVBORw0KGgoAAAANSUhEUgAAAAMAAAAECAIAAADETxJQAAAACXBIWXMAAAsTAAALEwEAmpwYAAAAMUlEQVR4nGPwclYvzwl2NOJk0FYRdrTVk+JlYPh/2unLItlXs0UY/n/q/r/P5fvWaADsDQ94/Zoy0gAAAABJRU5ErkJggg=='),
	('Abra', 'diamond_1', 'pokemon', 'A1', 115, 'https://assets.tcgdex.net/en/tcgp/A1/115/high.jpg', 'data:image/png;base64,iVBORw0KGgoAAAANSUhEUgAAAAMAAAAECAIAAADETxJQAAAACXBIWXMAAAsTAAALEwEAmpwYAAAAM0lEQVR4nAEoANf/AImlnwEeFE5sbACy7scAHQBHd1wA/9b/1IvH25TRAP/r/+en4v/p/2XGFj+Bn1CTAAAAAElFTkSuQmCC'),
	('Misty', 'diamond_2', 'trainer', 'A1', 220, 'https://assets.tcgdex.net/en/tcgp/A1/220/high.jpg', 'data:image/png;base64,iVBORw0KGgoAAAANSUhEUgAAAAMAAAAECAIAAADETxJQAAAACXBIWXMAAAsTAAALEwEAmpwYAAAAM0lEQVR4nAEoANf/AEpNTVhaUjY8PACAh4EOFRV2fnUAtLi6pK24xcnNANrUz/Ln18KvmjHAE4JuQmQaAAAAAElFTkSuQmCC'),
	('Blaine', 'star_2', 'trainer', 'A1', 268, 'https://assets.tcgdex.net/en/tcgp/A1/268/high.jpg', 'data:image/png;base64,iVBORw0KGgoAAAANSUhEUgAAAAMAAAAECAIAAADETxJQAAAACXBIWXMAAAsTAAALEwEAmpwYAAAAMUlEQVR4nGN4vLTw/7cjB5bNYLjVpVoXb9xTFM/goiPKz8B7e2kCgxE7Q1G024xoAQB8AQ93H0j5zgAAAABJRU5ErkJggg=='),
	('Cubone', 'star_1', 'pokemon', 'A1', 239, 'https://assets.tcgdex.net/en/tcgp/A1/239/high.jpg', 'data:image/png;base64,iVBORw0KGgoAAAANSUhEUgAAAAMAAAAECAIAAADETxJQAAAACXBIWXMAAAsTAAALEwEAmpwYAAAAM0lEQVR4nAEoANf/AJGVxz1PiQAFKwD48PyMgYG5oJwA8/jR//TneG12AERRUWhiXDo7RZJrE1FgjashAAAAAElFTkSuQmCC'),
	('Gloom', 'star_1', 'pokemon', 'A1', 228, 'https://assets.tcgdex.net/en/tcgp/A1/228/high.jpg', 'data:image/png;base64,iVBORw0KGgoAAAANSUhEUgAAAAMAAAAECAIAAADETxJQAAAACXBIWXMAAAsTAAALEwEAmpwYAAAAMElEQVR4nGOoqfU7tLn0/6+DDIryDEkZpvVVwQz2ngyhMQx+EQwMHv4GrLwM4rIMACxoC2N4UmW6AAAAAElFTkSuQmCC'),
	('Jigglypuff', 'diamond_1', 'pokemon', 'A1', 193, 'https://assets.tcgdex.net/en/tcgp/A1/193/high.jpg', 'data:image/png;base64,iVBORw0KGgoAAAANSUhEUgAAAAMAAAAECAIAAADETxJQAAAACXBIWXMAAAsTAAALEwEAmpwYAAAAM0lEQVR4nAEoANf/AGRlX0hAPnF0bACAhnoAAwBpcmkAw8O97u3q4t3YAMLCubWxr7m0rUmfFBK94u8FAAAAAElFTkSuQmCC'),
	('Grimer', 'diamond_1', 'pokemon', 'A1', 174, 'https://assets.tcgdex.net/en/tcgp/A1/174/high.jpg', 'data:image/png;base64,iVBORw0KGgoAAAANSUhEUgAAAAMAAAAECAIAAADETxJQAAAACXBIWXMAAAsTAAALEwEAmpwYAAAAMUlEQVR4nGN4//9beXf95LVzGSZPqbPUs6sojGJgMDFhEBJiUFZmCKool/HytElOBgBTmw2UfP2FTwAAAABJRU5ErkJggg=='),
	('Charizard ex', 'star_3', 'pokemon', 'A1', 280, 'https://assets.tcgdex.net/en/tcgp/A1/280/high.jpg', 'data:image/png;base64,iVBORw0KGgoAAAANSUhEUgAAAAMAAAAECAIAAADETxJQAAAACXBIWXMAAAsTAAALEwEAmpwYAAAAMElEQVR4nGMQYuSzdPCJ8nZgYOAQi1HjWZzpzJAYYP/38/3Q4CAGFkYGdyc9Ll1TALazCagmS1yxAAAAAElFTkSuQmCC'),
	('Eevee', 'diamond_1', 'pokemon', 'A1', 208, 'https://assets.tcgdex.net/en/tcgp/A1/208/high.jpg', 'data:image/png;base64,iVBORw0KGgoAAAANSUhEUgAAAAMAAAAECAIAAADETxJQAAAACXBIWXMAAAsTAAALEwEAmpwYAAAAM0lEQVR4nAEoANf/ADY5EyASAHVxUQCNhmE4KwCspn0A0tPO+/f63NbUALu9tK2qp7u2rTJEE78riFoYAAAAAElFTkSuQmCC'),
	('Snorlax', 'diamond_3', 'pokemon', 'A1', 211, 'https://assets.tcgdex.net/en/tcgp/A1/211/high.jpg', 'data:image/png;base64,iVBORw0KGgoAAAANSUhEUgAAAAMAAAAECAIAAADETxJQAAAACXBIWXMAAAsTAAALEwEAmpwYAAAAMUlEQVR4nGNwd7VT0Ddw83Fk0DHXYuBiYBBnY9iwYc2/7x9PnzjG0NvbOW/m1Ml9TQDiyw8ux3eLCgAAAABJRU5ErkJggg=='),
	('Clefable', 'diamond_2', 'pokemon', 'A1', 114, 'https://assets.tcgdex.net/en/tcgp/A1/114/high.jpg', 'data:image/png;base64,iVBORw0KGgoAAAANSUhEUgAAAAMAAAAECAIAAADETxJQAAAACXBIWXMAAAsTAAALEwEAmpwYAAAAM0lEQVR4nAEoANf/AP/s4sCYpxEEJAAeKEP/+vR5la0AnGafejt1k1OKAKd3o4NIfqRyoo2tEzSaYLWxAAAAAElFTkSuQmCC'),
	('Charizard ex', 'star_2', 'pokemon', 'A1', 253, 'https://assets.tcgdex.net/en/tcgp/A1/253/high.jpg', 'data:image/png;base64,iVBORw0KGgoAAAANSUhEUgAAAAMAAAAECAIAAADETxJQAAAACXBIWXMAAAsTAAALEwEAmpwYAAAAMUlEQVR4nGOYFuO1zT1eioGboTRc+nm3p4ayHsO5GUn/v9Zfr7NhqHG3mlkUMrfSFwAfZA9kNhLDbwAAAABJRU5ErkJggg=='),
	('Electrode', 'star_1', 'pokemon', 'A1', 235, 'https://assets.tcgdex.net/en/tcgp/A1/235/high.jpg', 'data:image/png;base64,iVBORw0KGgoAAAANSUhEUgAAAAMAAAAECAIAAADETxJQAAAACXBIWXMAAAsTAAALEwEAmpwYAAAAMUlEQVR4nGNIzU6atXtBZpkPw///O/4emrR2ZgSDmZe+CjODd5QOg4GHQ9X0Un1/RwBpdA+cvZZvwwAAAABJRU5ErkJggg=='),
	('Wigglytuff ex', 'promo', 'pokemon', 'A1', 265, 'https://assets.tcgdex.net/en/tcgp/A1/265/high.jpg', 'data:image/png;base64,iVBORw0KGgoAAAANSUhEUgAAAAMAAAAECAIAAADETxJQAAAACXBIWXMAAAsTAAALEwEAmpwYAAAAMUlEQVR4nGOI1XGc6V2nxqDCsL1y5oG58zu8Exi2T1n1/9eXnQ3zGYL0ItoTE5MtXAFLDREqVTOGogAAAABJRU5ErkJggg=='),
	('Charizard ex', 'crown', 'pokemon', 'A1', 284, 'https://assets.tcgdex.net/en/tcgp/A1/284/high.jpg', 'data:image/png;base64,iVBORw0KGgoAAAANSUhEUgAAAAMAAAAECAIAAADETxJQAAAACXBIWXMAAAsTAAALEwEAmpwYAAAAM0lEQVR4nAEoANf/AK+VEvbQalNVKQBaTADxtkcBDQAA//mV/+t9/9hVAMWvXdCxN9W2W2mdE4mDesJ6AAAAAElFTkSuQmCC'),
	('Graveler', 'diamond_2', 'pokemon', 'A1', 148, 'https://assets.tcgdex.net/en/tcgp/A1/148/high.jpg', 'data:image/png;base64,iVBORw0KGgoAAAANSUhEUgAAAAMAAAAECAIAAADETxJQAAAACXBIWXMAAAsTAAALEwEAmpwYAAAAMUlEQVR4nGPYvW5yZbZXZ10UgzALg5AgQ6CHLsP//SZPprOdrGVg+P+m48sms6fLfAAmeBBrUp9uUAAAAABJRU5ErkJggg=='),
	('Eevee', 'diamond_1', 'pokemon', 'A1', 207, 'https://assets.tcgdex.net/en/tcgp/A1/207/high.jpg', 'data:image/png;base64,iVBORw0KGgoAAAANSUhEUgAAAAMAAAAECAIAAADETxJQAAAACXBIWXMAAAsTAAALEwEAmpwYAAAAM0lEQVR4nAEoANf/AJSVhVRXOEpdQgAtPiwIBwALIAsA5+fi//v8+/XyAObm3eLd2+bi2TorFMPVxmwOAAAAAElFTkSuQmCC'),
	('Machamp ex', 'star_2', 'pokemon', 'A1', 263, 'https://assets.tcgdex.net/en/tcgp/A1/263/high.jpg', 'data:image/png;base64,iVBORw0KGgoAAAANSUhEUgAAAAMAAAAECAIAAADETxJQAAAACXBIWXMAAAsTAAALEwEAmpwYAAAAM0lEQVR4nAEoANf/ANTDpe7SpEc2PADQwaDe6t+EeIQAs3JOdXdniW1JAC4AAPTlwP/sqrMxFRPdBigFAAAAAElFTkSuQmCC'),
	('Brock', 'star_2', 'trainer', 'A1', 271, 'https://assets.tcgdex.net/en/tcgp/A1/271/high.jpg', 'data:image/png;base64,iVBORw0KGgoAAAANSUhEUgAAAAMAAAAECAIAAADETxJQAAAACXBIWXMAAAsTAAALEwEAmpwYAAAAM0lEQVR4nAEoANf/AP/3vt/MsuvSqgCsh0Q2HQDRoE8A3sSJFAYAjXAjAKyUS4F1ToZwNay6EmLj+aKrAAAAAElFTkSuQmCC'),
	('Minccino', 'diamond_1', 'pokemon', 'A1', 212, 'https://assets.tcgdex.net/en/tcgp/A1/212/high.jpg', 'data:image/png;base64,iVBORw0KGgoAAAANSUhEUgAAAAMAAAAECAIAAADETxJQAAAACXBIWXMAAAsTAAALEwEAmpwYAAAAM0lEQVR4nAEoANf/AHx3Y2liRLm2nQAdEQA0KgAaEQAA19jR9vHv2dTQAN3e1s3Ix9XOx0b0FFPFS0DgAAAAAElFTkSuQmCC'),
	('Porygon', 'diamond_2', 'pokemon', 'A1', 209, 'https://assets.tcgdex.net/en/tcgp/A1/209/high.jpg', 'data:image/png;base64,iVBORw0KGgoAAAANSUhEUgAAAAMAAAAECAIAAADETxJQAAAACXBIWXMAAAsTAAALEwEAmpwYAAAAM0lEQVR4nAEoANf/AEtlgRc+WzyKqQBWZYIACiwAQ2sA597W//37//n0AO7w5+vn5PDr4VCDFic2ZEvXAAAAAElFTkSuQmCC'),
	('Sabrina', 'diamond_2', 'trainer', 'A1', 225, 'https://assets.tcgdex.net/en/tcgp/A1/225/high.jpg', 'data:image/png;base64,iVBORw0KGgoAAAANSUhEUgAAAAMAAAAECAIAAADETxJQAAAACXBIWXMAAAsTAAALEwEAmpwYAAAAM0lEQVR4nAEoANf/AH5zhZOMnaWbqABhT2okABlwYFsA59vb39DQ6N3SAPTw7P/77vjn045bF7rpjZ4ZAAAAAElFTkSuQmCC'),
	('Pawniard', 'diamond_1', 'pokemon', 'A1', 179, 'https://assets.tcgdex.net/en/tcgp/A1/179/high.jpg', 'data:image/png;base64,iVBORw0KGgoAAAANSUhEUgAAAAMAAAAECAIAAADETxJQAAAACXBIWXMAAAsTAAALEwEAmpwYAAAAM0lEQVR4nAEoANf/AHCUoiIuNrHJ1AAACAAbLzqUrrsAwMTC6/H0xszMAPX2+M7T08PLzGsyFikAFuirAAAAAElFTkSuQmCC'),
	('Kangaskhan', 'diamond_3', 'pokemon', 'A1', 203, 'https://assets.tcgdex.net/en/tcgp/A1/203/high.jpg', 'data:image/png;base64,iVBORw0KGgoAAAANSUhEUgAAAAMAAAAECAIAAADETxJQAAAACXBIWXMAAAsTAAALEwEAmpwYAAAAM0lEQVR4nAEoANf/AJSFjHhtXkdFPABJGDNPNh4lAA4AycrE+/f13djXAKqqpLmzr62qmzt7EurXFnw9AAAAAElFTkSuQmCC'),
	('Machop', 'diamond_1', 'pokemon', 'A1', 143, 'https://assets.tcgdex.net/en/tcgp/A1/143/high.jpg', 'data:image/png;base64,iVBORw0KGgoAAAANSUhEUgAAAAMAAAAECAIAAADETxJQAAAACXBIWXMAAAsTAAALEwEAmpwYAAAAMUlEQVR4nGO4/n5bc0/F6r2TGcxDGWKKQhn4GBiW5jKk6TP48DIwvN8eOiWeoS2UAQA6aA2FP1QrjwAAAABJRU5ErkJggg=='),
	('Zapdos ex', 'star_2', 'pokemon', 'A1', 276, 'https://assets.tcgdex.net/en/tcgp/A1/276/high.jpg', 'data:image/png;base64,iVBORw0KGgoAAAANSUhEUgAAAAMAAAAECAIAAADETxJQAAAACXBIWXMAAAsTAAALEwEAmpwYAAAAMUlEQVR4nGPYefRI99zmXK9eBm0PD5uwWAY+WQZZST2NkHwGaX6Ghs0bj1xd+P/HAwAeQg91CJ9hYgAAAABJRU5ErkJggg=='),
	('Mienshao', 'diamond_2', 'pokemon', 'A1', 161, 'https://assets.tcgdex.net/en/tcgp/A1/161/high.jpg', 'data:image/png;base64,iVBORw0KGgoAAAANSUhEUgAAAAMAAAAECAIAAADETxJQAAAACXBIWXMAAAsTAAALEwEAmpwYAAAAMUlEQVR4nGMw97TKKoxjk2Bg4FKRevT3f9mKVoZHixnLbBnCZRkY/p9IW5TFMDOVAQAFPA2/LQ73CgAAAABJRU5ErkJggg=='),
	('Pikachu ex', 'star_3', 'pokemon', 'A1', 281, 'https://assets.tcgdex.net/en/tcgp/A1/281/high.jpg', 'data:image/png;base64,iVBORw0KGgoAAAANSUhEUgAAAAMAAAAECAIAAADETxJQAAAACXBIWXMAAAsTAAALEwEAmpwYAAAAMUlEQVR4nGNQNNZUt1UpbCtjCE2z//Z/74N/1xji4816WuwWb2tgUDXRk5ATYGJjAAAupQ3D7R65QQAAAABJRU5ErkJggg=='),
	('Starmie ex', 'star_2', 'pokemon', 'A1', 257, 'https://assets.tcgdex.net/en/tcgp/A1/257/high.jpg', 'data:image/png;base64,iVBORw0KGgoAAAANSUhEUgAAAAMAAAAECAIAAADETxJQAAAACXBIWXMAAAsTAAALEwEAmpwYAAAAMUlEQVR4nGPY+v/XrN+vGZoqGWac2Lk1lCEwxJeBobRY39qCQVSNgWXuJMbKCgZbVQBv0g6LgdSNKgAAAABJRU5ErkJggg=='),
	('Raticate', 'diamond_1', 'pokemon', 'A1', 190, 'https://assets.tcgdex.net/en/tcgp/A1/190/high.jpg', 'data:image/png;base64,iVBORw0KGgoAAAANSUhEUgAAAAMAAAAECAIAAADETxJQAAAACXBIWXMAAAsTAAALEwEAmpwYAAAAM0lEQVR4nAEoANf/AHaEimttX2+GjQAYJyIXFQAAEhEA7e/p/Pv7+PTuAO3t4+3p5uvm3k+zFadyN4m/AAAAAElFTkSuQmCC'),
	('Dubwool', 'diamond_1', 'pokemon', 'A1', 215, 'https://assets.tcgdex.net/en/tcgp/A1/215/high.jpg', 'data:image/png;base64,iVBORw0KGgoAAAANSUhEUgAAAAMAAAAECAIAAADETxJQAAAACXBIWXMAAAsTAAALEwEAmpwYAAAAM0lEQVR4nAEoANf/AKCnq0NJUV96hwBdbFoADABxfW0A4ODY//nz/vfvAPPz6+jk4+/r43nAF16sBXr2AAAAAElFTkSuQmCC'),
	('Diglett', 'star_1', 'pokemon', 'A1', 238, 'https://assets.tcgdex.net/en/tcgp/A1/238/high.jpg', 'data:image/png;base64,iVBORw0KGgoAAAANSUhEUgAAAAMAAAAECAIAAADETxJQAAAACXBIWXMAAAsTAAALEwEAmpwYAAAAMUlEQVR4nGN48fXuzNVNhVVBDBn5iZNWdhx6eYLB3ERFz8ZESoCBISkt2cnN3tpCGwB11g8TcGzotwAAAABJRU5ErkJggg=='),
	('Mewtwo ex', 'star_3', 'pokemon', 'A1', 282, 'https://assets.tcgdex.net/en/tcgp/A1/282/high.jpg', 'data:image/png;base64,iVBORw0KGgoAAAANSUhEUgAAAAMAAAAECAIAAADETxJQAAAACXBIWXMAAAsTAAALEwEAmpwYAAAAMUlEQVR4nGM48vj+1f8/q6dOY0hobF57/REDvyQDj5Sse2a+kkswQ05FSUCE++X7JwCOoRHIjOjNMAAAAABJRU5ErkJggg=='),
	('Muk', 'diamond_3', 'pokemon', 'A1', 175, 'https://assets.tcgdex.net/en/tcgp/A1/175/high.jpg', 'data:image/png;base64,iVBORw0KGgoAAAANSUhEUgAAAAMAAAAECAIAAADETxJQAAAACXBIWXMAAAsTAAALEwEAmpwYAAAAMElEQVR4nGN49+9/YfPs4r41DKGFPTFBLU4BmQwMFrYM0jIMfAIMAcXlPJbmRhFBAEysDQP5PGBjAAAAAElFTkSuQmCC'),
	('Tauros', 'diamond_2', 'pokemon', 'A1', 204, 'https://assets.tcgdex.net/en/tcgp/A1/204/high.jpg', 'data:image/png;base64,iVBORw0KGgoAAAANSUhEUgAAAAMAAAAECAIAAADETxJQAAAACXBIWXMAAAsTAAALEwEAmpwYAAAAM0lEQVR4nAEoANf/AExmaDY5OZ+hoAAONSUADQBNYEwA6urg+vr36ejiAObn3+Pf3OXf1kOMFUdol52RAAAAAElFTkSuQmCC'),
	('Golbat', 'star_1', 'pokemon', 'A1', 242, 'https://assets.tcgdex.net/en/tcgp/A1/242/high.jpg', 'data:image/png;base64,iVBORw0KGgoAAAANSUhEUgAAAAMAAAAECAIAAADETxJQAAAACXBIWXMAAAsTAAALEwEAmpwYAAAAM0lEQVR4nAEoANf/ANzAx7agw62bwgDr9v8QHzBiY34A3djdAAAeLzxKAMWbmNy+2Obd5bSFFYA/JIkpAAAAAElFTkSuQmCC'),
	('Machamp ex', 'star_2', 'pokemon', 'A1', 278, 'https://assets.tcgdex.net/en/tcgp/A1/278/high.jpg', 'data:image/png;base64,iVBORw0KGgoAAAANSUhEUgAAAAMAAAAECAIAAADETxJQAAAACXBIWXMAAAsTAAALEwEAmpwYAAAAM0lEQVR4nAEoANf/AP/z/9Pc7XIqZACou9SRlMQXAAUAY1VzOCUySxwAAKPH2O/mn//Wu6F0FDGKWz5jAAAAAElFTkSuQmCC'),
	('Articuno ex', 'star_2', 'pokemon', 'A1', 275, 'https://assets.tcgdex.net/en/tcgp/A1/275/high.jpg', 'data:image/png;base64,iVBORw0KGgoAAAANSUhEUgAAAAMAAAAECAIAAADETxJQAAAACXBIWXMAAAsTAAALEwEAmpwYAAAAM0lEQVR4nAEoANf/AIuUpGSEoJ+N7gDB2/GNs+wAI04ACQ0xRluEF0RcAJDS5KfAo/r39oHkE+rU8Y5eAAAAAElFTkSuQmCC'),
	('Exeggutor ex', 'star_2', 'pokemon', 'A1', 252, 'https://assets.tcgdex.net/en/tcgp/A1/252/high.jpg', 'data:image/png;base64,iVBORw0KGgoAAAANSUhEUgAAAAMAAAAECAIAAADETxJQAAAACXBIWXMAAAsTAAALEwEAmpwYAAAAMUlEQVR4nGMI7SxkkBVI3bmBwX+Zj44KQ/eL9Qwn3tXMztFd+6CW4fO7cmNThsw0RgA1tQ/+NCWtmQAAAABJRU5ErkJggg=='),
	('Lt. Surge', 'star_2', 'trainer', 'A1', 273, 'https://assets.tcgdex.net/en/tcgp/A1/273/high.jpg', 'data:image/png;base64,iVBORw0KGgoAAAANSUhEUgAAAAMAAAAECAIAAADETxJQAAAACXBIWXMAAAsTAAALEwEAmpwYAAAAMElEQVR4nGPo62v98/t+XWsdAwOfgFuMjY2bMYNjZhy/Mr9lsB9D5671WaURQckuADIgDe9D+aLqAAAAAElFTkSuQmCC'),
	('Mewtwo ex', 'star_2', 'pokemon', 'A1', 262, 'https://assets.tcgdex.net/en/tcgp/A1/262/high.jpg', 'data:image/png;base64,iVBORw0KGgoAAAANSUhEUgAAAAMAAAAECAIAAADETxJQAAAACXBIWXMAAAsTAAALEwEAmpwYAAAAMUlEQVR4nGMI0DWZGleuzCDKsKV28v8v/3c2TmHICkpf2D+7wDeTQVdTz93fOz3OGwA+Pg9h/NGWxwAAAABJRU5ErkJggg=='),
	('Arcanine ex', 'star_2', 'pokemon', 'A1', 254, 'https://assets.tcgdex.net/en/tcgp/A1/254/high.jpg', 'data:image/png;base64,iVBORw0KGgoAAAANSUhEUgAAAAMAAAAECAIAAADETxJQAAAACXBIWXMAAAsTAAALEwEAmpwYAAAAMUlEQVR4nGN4cWHt/08HUhx1GVbla/y/0XlhbT2DNgPDtiq/Gn9uBkdVkbaE4KY0QwCRChDRAVG27QAAAABJRU5ErkJggg=='),
	('Pidgeot', 'star_1', 'pokemon', 'A1', 245, 'https://assets.tcgdex.net/en/tcgp/A1/245/high.jpg', 'data:image/png;base64,iVBORw0KGgoAAAANSUhEUgAAAAMAAAAECAIAAADETxJQAAAACXBIWXMAAAsTAAALEwEAmpwYAAAAMUlEQVR4nGOo7FnEIKhw79t/BjN7HwtVhYUXfjJ45pYFdKxlKJ7GoJxRzBBRyxQRBgA5SA6Rx9zaBAAAAABJRU5ErkJggg=='),
	('Rhydon', 'diamond_2', 'pokemon', 'A1', 157, 'https://assets.tcgdex.net/en/tcgp/A1/157/high.jpg', 'data:image/png;base64,iVBORw0KGgoAAAANSUhEUgAAAAMAAAAECAIAAADETxJQAAAACXBIWXMAAAsTAAALEwEAmpwYAAAAM0lEQVR4nAEoANf/AP/20o6FcbSebQDayaYHDQyxnW4A3p4FzoQAwHYAAPnAYOChJNeaQJ8SE6jcQRIrAAAAAElFTkSuQmCC'),
	('Mienfoo', 'diamond_1', 'pokemon', 'A1', 160, 'https://assets.tcgdex.net/en/tcgp/A1/160/high.jpg', 'data:image/png;base64,iVBORw0KGgoAAAANSUhEUgAAAAMAAAAECAIAAADETxJQAAAACXBIWXMAAAsTAAALEwEAmpwYAAAAM0lEQVR4nAEoANf/AOjOp9atiPr94QBwbVQwAABcWkoA/8g+/bAr24oAAP/ngv/CR//DabBNFX/lZLvoAAAAAElFTkSuQmCC'),
	('Gengar ex', 'star_2', 'pokemon', 'A1', 261, 'https://assets.tcgdex.net/en/tcgp/A1/261/high.jpg', 'data:image/png;base64,iVBORw0KGgoAAAANSUhEUgAAAAMAAAAECAIAAADETxJQAAAACXBIWXMAAAsTAAALEwEAmpwYAAAAM0lEQVR4nAEoANf/AP/77rCcs5yLkQA/G0wcAEzLnrEAlXt1PRFPuKKmAPH50p2Mgvj3w5a9FQPyWcucAAAAAElFTkSuQmCC'),
	('Zapdos ex', 'star_2', 'pokemon', 'A1', 260, 'https://assets.tcgdex.net/en/tcgp/A1/260/high.jpg', 'data:image/png;base64,iVBORw0KGgoAAAANSUhEUgAAAAMAAAAECAIAAADETxJQAAAACXBIWXMAAAsTAAALEwEAmpwYAAAAMElEQVR4nGPIcmSoCWVozWFgmJrM8P+z375JDAzpTgwbqxgMGBgYjCQZQl0Fvc2YAfBQCnRODkOWAAAAAElFTkSuQmCC'),
	('Nidoran♀', 'diamond_1', 'pokemon', 'A1', 166, 'https://assets.tcgdex.net/en/tcgp/A1/166/high.jpg', 'data:image/png;base64,iVBORw0KGgoAAAANSUhEUgAAAAMAAAAECAIAAADETxJQAAAACXBIWXMAAAsTAAALEwEAmpwYAAAAM0lEQVR4nAEoANf/AM38+r/s+JPR0gC2o3T/+ujH5qIABDg5AA8KACciAGOJiSZUVkx0ddeZEuur/95NAAAAAElFTkSuQmCC'),
	('Sabrina', 'star_2', 'trainer', 'A1', 272, 'https://assets.tcgdex.net/en/tcgp/A1/272/high.jpg', 'data:image/png;base64,iVBORw0KGgoAAAANSUhEUgAAAAMAAAAECAIAAADETxJQAAAACXBIWXMAAAsTAAALEwEAmpwYAAAAM0lEQVR4nAEoANf/AP/t/+ve9vfB+ABkBlMpABb/0v8Ack1qNQAS6p7cACUAIJ9vdplUZcC3ExYgBaaQAAAAAElFTkSuQmCC'),
	('Dragonite', 'star_1', 'pokemon', 'A1', 244, 'https://assets.tcgdex.net/en/tcgp/A1/244/high.jpg', 'data:image/png;base64,iVBORw0KGgoAAAANSUhEUgAAAAMAAAAECAIAAADETxJQAAAACXBIWXMAAAsTAAALEwEAmpwYAAAAMUlEQVR4nGPwcIjhZRA3V5Vl6Mqq29po56CtyvD/2+Wbe5c5WQcx6Fh6uXmFRUQmAAD5Sw1xl5ts5gAAAABJRU5ErkJggg=='),
	('Koga', 'star_2', 'trainer', 'A1', 269, 'https://assets.tcgdex.net/en/tcgp/A1/269/high.jpg', 'data:image/png;base64,iVBORw0KGgoAAAANSUhEUgAAAAMAAAAECAIAAADETxJQAAAACXBIWXMAAAsTAAALEwEAmpwYAAAAM0lEQVR4nAEoANf/AOzg///3///p/wByTopbVVo3AzMAtXqzFgAfOg5cAIlXopl5iteasLsDE2OvyDucAAAAAElFTkSuQmCC'),
	('Lickitung', 'diamond_2', 'pokemon', 'A1', 201, 'https://assets.tcgdex.net/en/tcgp/A1/201/high.jpg', 'data:image/png;base64,iVBORw0KGgoAAAANSUhEUgAAAAMAAAAECAIAAADETxJQAAAACXBIWXMAAAsTAAALEwEAmpwYAAAAM0lEQVR4nAEoANf/ALyrrqSEgHlWUAA5PCVyWTInAQAA7vDn/f34+/r0APj47/v29f/78odxF+0fw+AaAAAAAElFTkSuQmCC'),
	('Cubone', 'diamond_1', 'pokemon', 'A1', 151, 'https://assets.tcgdex.net/en/tcgp/A1/151/high.jpg', 'data:image/png;base64,iVBORw0KGgoAAAANSUhEUgAAAAMAAAAECAIAAADETxJQAAAACXBIWXMAAAsTAAALEwEAmpwYAAAAMUlEQVR4nGP4f3t7ZaiFowoPw/932xUZGCykGBjm5zA0ejB0eDMwnJttsyCLYVE2LwApsQ2QdqUfcgAAAABJRU5ErkJggg=='),
	('Gengar ex', 'star_2', 'pokemon', 'A1', 277, 'https://assets.tcgdex.net/en/tcgp/A1/277/high.jpg', 'data:image/png;base64,iVBORw0KGgoAAAANSUhEUgAAAAMAAAAECAIAAADETxJQAAAACXBIWXMAAAsTAAALEwEAmpwYAAAAM0lEQVR4nAEoANf/AOTc7m9oaeKX8ABIPjkQABRAOkUAYjxdWDxaVUtKAKC/0tC7l//y7FRVEf256MboAAAAAElFTkSuQmCC'),
	('Slowbro', 'diamond_2', 'pokemon', 'A1', 119, 'https://assets.tcgdex.net/en/tcgp/A1/119/high.jpg', 'data:image/png;base64,iVBORw0KGgoAAAANSUhEUgAAAAMAAAAECAIAAADETxJQAAAACXBIWXMAAAsTAAALEwEAmpwYAAAAMElEQVR4nGP4/+HQqoqIRwf6GeTU+A0ZGDTkRRmi1GJNGcytGOwZav2rg6T9KzxLASMdDDi3KZAeAAAAAElFTkSuQmCC'),
	('Lapras', 'star_1', 'pokemon', 'A1', 234, 'https://assets.tcgdex.net/en/tcgp/A1/234/high.jpg', 'data:image/png;base64,iVBORw0KGgoAAAANSUhEUgAAAAMAAAAECAIAAADETxJQAAAACXBIWXMAAAsTAAALEwEAmpwYAAAAM0lEQVR4nAEoANf/AFulwwBqjQBRcQBOdIVpn7MAHDUAiK+q8vndV3p/AHO0zY/CxIC0t0k9Er2WUKCLAAAAAElFTkSuQmCC'),
	('Mawile', 'diamond_1', 'pokemon', 'A1', 178, 'https://assets.tcgdex.net/en/tcgp/A1/178/high.jpg', 'data:image/png;base64,iVBORw0KGgoAAAANSUhEUgAAAAMAAAAECAIAAADETxJQAAAACXBIWXMAAAsTAAALEwEAmpwYAAAAM0lEQVR4nAEoANf/AIySf2JkViUbIABPUDUcAgAlFRwAxMjK2+Ll2+DgAPv8/t/l5tjg4S0KFC0WvNhxAAAAAElFTkSuQmCC'),
	('Grapploct', 'diamond_2', 'pokemon', 'A1', 163, 'https://assets.tcgdex.net/en/tcgp/A1/163/high.jpg', 'data:image/png;base64,iVBORw0KGgoAAAANSUhEUgAAAAMAAAAECAIAAADETxJQAAAACXBIWXMAAAsTAAALEwEAmpwYAAAAM0lEQVR4nAEoANf/AMfVvUBsabjXsQCMlogAEhx+mJQA/rQ09qUo+KYpAP/vjP/LU//HbJeDFWr9d8z6AAAAAElFTkSuQmCC'),
	('Erika', 'diamond_2', 'trainer', 'A1', 219, 'https://assets.tcgdex.net/en/tcgp/A1/219/high.jpg', 'data:image/png;base64,iVBORw0KGgoAAAANSUhEUgAAAAMAAAAECAIAAADETxJQAAAACXBIWXMAAAsTAAALEwEAmpwYAAAAM0lEQVR4nAEoANf/ANLLyHB+fBw6MwBQcVMGBQAOIQQA1NvP5dvZ+u3lAPv08v/+8OrbxWHvFeYUqa/aAAAAAElFTkSuQmCC'),
	('Gengar', 'diamond_3', 'pokemon', 'A1', 122, 'https://assets.tcgdex.net/en/tcgp/A1/122/high.jpg', 'data:image/png;base64,iVBORw0KGgoAAAANSUhEUgAAAAMAAAAECAIAAADETxJQAAAACXBIWXMAAAsTAAALEwEAmpwYAAAAM0lEQVR4nAEoANf/APnQ1mg8bZ1vkADCh6SPRngQADQA/8j//9z/56fnAN6s4dOTyvfA7rb4GCAA7mXtAAAAAElFTkSuQmCC'),
	('Gyarados', 'star_1', 'pokemon', 'A1', 233, 'https://assets.tcgdex.net/en/tcgp/A1/233/high.jpg', 'data:image/png;base64,iVBORw0KGgoAAAANSUhEUgAAAAMAAAAECAIAAADETxJQAAAACXBIWXMAAAsTAAALEwEAmpwYAAAAM0lEQVR4nAEoANf/AKi20FNfbzNHXAAABStlbW2DoLwAaprEZJvPfKfOANX//4uvyUdVYlV9Es/dxsSWAAAAAElFTkSuQmCC'),
	('Magneton', 'diamond_3', 'pokemon', 'A1', 98, 'https://assets.tcgdex.net/en/tcgp/A1/098/high.jpg', 'data:image/png;base64,iVBORw0KGgoAAAANSUhEUgAAAAMAAAAECAIAAADETxJQAAAACXBIWXMAAAsTAAALEwEAmpwYAAAAMUlEQVR4nGNoqMtJLA3Py3Fn0JJRNPdLE2FiZLiyheH/N9v/nywZ7pxUfXKK49klUQAdSxBTRBCjfQAAAABJRU5ErkJggg=='),
	('Nidoking', 'star_1', 'pokemon', 'A1', 241, 'https://assets.tcgdex.net/en/tcgp/A1/241/high.jpg', 'data:image/png;base64,iVBORw0KGgoAAAANSUhEUgAAAAMAAAAECAIAAADETxJQAAAACXBIWXMAAAsTAAALEwEAmpwYAAAAM0lEQVR4nAEoANf/AO//9M/iqIWadwCnuWD/98nc5ZcAKCYA2dZ3Hi8bAAAOD2RyZEhYX9DcEtvCfMugAAAAAElFTkSuQmCC'),
	('Meowth', 'diamond_1', 'pokemon', 'A1', 196, 'https://assets.tcgdex.net/en/tcgp/A1/196/high.jpg', 'data:image/png;base64,iVBORw0KGgoAAAANSUhEUgAAAAMAAAAECAIAAADETxJQAAAACXBIWXMAAAsTAAALEwEAmpwYAAAAM0lEQVR4nAEoANf/AFFEXWlZXWlbbwAVAB9cSCwxHigA4uPb/fjz+/XtAO3t4+rm5O7p4DxuFU1jewFsAAAAAElFTkSuQmCC'),
	('Mew', 'star_3', 'pokemon', 'A1', 283, 'https://assets.tcgdex.net/en/tcgp/A1/283/high.jpg', 'data:image/png;base64,iVBORw0KGgoAAAANSUhEUgAAAAMAAAAECAIAAADETxJQAAAACXBIWXMAAAsTAAALEwEAmpwYAAAAMUlEQVR4nGOoX7Tsxf//p25fZxDOzKufv+rMqQcMUiGBepVFhuqaDOF5cRJ+rgx8DACj5xCHyBG0bAAAAABJRU5ErkJggg=='),
	('Giovanni', 'star_2', 'trainer', 'A1', 270, 'https://assets.tcgdex.net/en/tcgp/A1/270/high.jpg', 'data:image/png;base64,iVBORw0KGgoAAAANSUhEUgAAAAMAAAAECAIAAADETxJQAAAACXBIWXMAAAsTAAALEwEAmpwYAAAAMUlEQVR4nGP4f+fx/2+fPn7+wLBFxTwvJHhBgC1DirkxAw//OidfhoSQ8I6G/I+zawGv9xJ8M4MLegAAAABJRU5ErkJggg=='),
	('Misty', 'star_2', 'trainer', 'A1', 267, 'https://assets.tcgdex.net/en/tcgp/A1/267/high.jpg', 'data:image/png;base64,iVBORw0KGgoAAAANSUhEUgAAAAMAAAAECAIAAADETxJQAAAACXBIWXMAAAsTAAALEwEAmpwYAAAAMUlEQVR4nGPoW7z27Z2dVe0NDMF1k3raSzPmT2FwzMgsbF948+9/BikHl5ToIHERdgCWlBHJo20o2wAAAABJRU5ErkJggg=='),
	('Slowpoke', 'star_1', 'pokemon', 'A1', 237, 'https://assets.tcgdex.net/en/tcgp/A1/237/high.jpg', 'data:image/png;base64,iVBORw0KGgoAAAANSUhEUgAAAAMAAAAECAIAAADETxJQAAAACXBIWXMAAAsTAAALEwEAmpwYAAAAM0lEQVR4nAEoANf/AJuy0q/Q9JSv1QDK2pb3/7He+aUAYVwAiYcAcoAcAAASABAdARwQAM3qEU8JUWOoAAAAAElFTkSuQmCC'),
	('Hypno', 'diamond_3', 'pokemon', 'A1', 125, 'https://assets.tcgdex.net/en/tcgp/A1/125/high.jpg', 'data:image/png;base64,iVBORw0KGgoAAAANSUhEUgAAAAMAAAAECAIAAADETxJQAAAACXBIWXMAAAsTAAALEwEAmpwYAAAAMUlEQVR4nGNYNXvh/593OiryGGTZGB5eKVaV5mPoDmyaHdTT4NLE0BXbW+1UNiWhCwBtJxEEuz1HrwAAAABJRU5ErkJggg=='),
	('Wigglytuff ex', 'promo', 'pokemon', 'A1', 279, 'https://assets.tcgdex.net/en/tcgp/A1/279/high.jpg', 'data:image/png;base64,iVBORw0KGgoAAAANSUhEUgAAAAMAAAAECAIAAADETxJQAAAACXBIWXMAAAsTAAALEwEAmpwYAAAAMElEQVR4nGPgF5KorsjICy9h+P/+5s6eKa0NWQx2cjLFPt5VxXEMDErCcalGqlJ8ACpSDSEk3ejDAAAAAElFTkSuQmCC'),
	('Pikachu ex', 'crown', 'pokemon', 'A1', 285, 'https://assets.tcgdex.net/en/tcgp/A1/285/high.jpg', 'data:image/png;base64,iVBORw0KGgoAAAANSUhEUgAAAAMAAAAECAIAAADETxJQAAAACXBIWXMAAAsTAAALEwEAmpwYAAAAMUlEQVR4nGNYNJth92KL/6/aGf4/tvj/ysGYnYHh0Sn/S6sZsgIZGMIDGYLcGWyNGQB8gQ+l77MkvQAAAABJRU5ErkJggg=='),
	('Mewtwo ex', 'crown', 'pokemon', 'A1', 286, 'https://assets.tcgdex.net/en/tcgp/A1/286/high.jpg', 'data:image/png;base64,iVBORw0KGgoAAAANSUhEUgAAAAMAAAAECAIAAADETxJQAAAACXBIWXMAAAsTAAALEwEAmpwYAAAAM0lEQVR4nAEoANf/ANfEJ8GkYKmISgD63Z3/9/N6XiwAfGY1IgkQsJNJAGldGUg8AKORTo4iESe94STsAAAAAElFTkSuQmCC'),
	('Weezing', 'diamond_3', 'pokemon', 'A1', 177, 'https://assets.tcgdex.net/en/tcgp/A1/177/high.jpg', 'data:image/png;base64,iVBORw0KGgoAAAANSUhEUgAAAAMAAAAECAIAAADETxJQAAAACXBIWXMAAAsTAAALEwEAmpwYAAAAM0lEQVR4nAEoANf/APj7/qqfu9Dp1QDjw8Tmss/15dEAAigrABoWABMVACxUWAArKh5FQNZtEX277u/nAAAAAElFTkSuQmCC'),
	('Lt. Surge', 'diamond_2', 'trainer', 'A1', 226, 'https://assets.tcgdex.net/en/tcgp/A1/226/high.jpg', 'data:image/png;base64,iVBORw0KGgoAAAANSUhEUgAAAAMAAAAECAIAAADETxJQAAAACXBIWXMAAAsTAAALEwEAmpwYAAAAM0lEQVR4nAEoANf/AMi9m7KwnIKFkgCch0ULDQBmVjUA3tXLy83L7uncAPTw7//98O/dyaTPGBHCGGFeAAAAAElFTkSuQmCC'),
	('Pikachu ex', 'star_2', 'pokemon', 'A1', 259, 'https://assets.tcgdex.net/en/tcgp/A1/259/high.jpg', 'data:image/png;base64,iVBORw0KGgoAAAANSUhEUgAAAAMAAAAECAIAAADETxJQAAAACXBIWXMAAAsTAAALEwEAmpwYAAAAM0lEQVR4nAEoANf/ALyyQuDLRaeUOADuyxP/80TaqiAAtZRV/8wbcj4AACoAAGBFGFA2AI5kEFt3T1RuAAAAAElFTkSuQmCC'),
	('Brock', 'diamond_2', 'trainer', 'A1', 224, 'https://assets.tcgdex.net/en/tcgp/A1/224/high.jpg', 'data:image/png;base64,iVBORw0KGgoAAAANSUhEUgAAAAMAAAAECAIAAADETxJQAAAACXBIWXMAAAsTAAALEwEAmpwYAAAAM0lEQVR4nAEoANf/AKmfk25qYomEewA8RTgABgAvNSEA3d3X5evr6+zmAPbx7v/25u/dyGWQFi8ZaUYdAAAAAElFTkSuQmCC'),
	('Charmander', 'star_1', 'pokemon', 'A1', 230, 'https://assets.tcgdex.net/en/tcgp/A1/230/high.jpg', 'data:image/png;base64,iVBORw0KGgoAAAANSUhEUgAAAAMAAAAECAIAAADETxJQAAAACXBIWXMAAAsTAAALEwEAmpwYAAAAMUlEQVR4nGN4+/s/g4Q7l4AsQ2Kox/r6BFttcYZ/9+evqrO11hNnaO9stLDRzy/MBgArAw5p7owKsgAAAABJRU5ErkJggg=='),
	('Rapidash', 'star_1', 'pokemon', 'A1', 231, 'https://assets.tcgdex.net/en/tcgp/A1/231/high.jpg', 'data:image/png;base64,iVBORw0KGgoAAAANSUhEUgAAAAMAAAAECAIAAADETxJQAAAACXBIWXMAAAsTAAALEwEAmpwYAAAAMUlEQVR4nGNQiMljMLZR1DZh2Pbkv4W5qh4nA8PR7Uv2zK7//+4+g5+HipOpRLC7DQAL7w4f8wxtaQAAAABJRU5ErkJggg=='),
	('Zubat', 'diamond_1', 'pokemon', 'A1', 172, 'https://assets.tcgdex.net/en/tcgp/A1/172/high.jpg', 'data:image/png;base64,iVBORw0KGgoAAAANSUhEUgAAAAMAAAAECAIAAADETxJQAAAACXBIWXMAAAsTAAALEwEAmpwYAAAAMUlEQVR4nGN4+P//hE1bqqdPZ2iZv9wnu6y4vZVBITiQQYiPwcSUoXvzJqf8gqJZMwGC0BD4makcBQAAAABJRU5ErkJggg=='),
	('Golem', 'diamond_3', 'pokemon', 'A1', 149, 'https://assets.tcgdex.net/en/tcgp/A1/149/high.jpg', 'data:image/png;base64,iVBORw0KGgoAAAANSUhEUgAAAAMAAAAECAIAAADETxJQAAAACXBIWXMAAAsTAAALEwEAmpwYAAAAMUlEQVR4nGO49fychjzDpm5zhtrSSDkJhihrBobHCyT+v0ors2Rg2NtlMDuZIdOGAQAuVw4URBz4DAAAAABJRU5ErkJggg=='),
	('Alakazam', 'star_1', 'pokemon', 'A1', 236, 'https://assets.tcgdex.net/en/tcgp/A1/236/high.jpg', 'data:image/png;base64,iVBORw0KGgoAAAANSUhEUgAAAAMAAAAECAIAAADETxJQAAAACXBIWXMAAAsTAAALEwEAmpwYAAAAMUlEQVR4nGM4unCpt7nj1p5WBk0Ghn1Ncf/vrGeQ5xOKNlXvDgtkePn6/4LiDCteEQBEMg+3l+wztQAAAABJRU5ErkJggg=='),
	('Diglett', 'diamond_1', 'pokemon', 'A1', 139, 'https://assets.tcgdex.net/en/tcgp/A1/139/high.jpg', 'data:image/png;base64,iVBORw0KGgoAAAANSUhEUgAAAAMAAAAECAIAAADETxJQAAAACXBIWXMAAAsTAAALEwEAmpwYAAAAMUlEQVR4nGN48vXB7HUL1x9dwZBU7yQpyKASJ8/QGsxQZMUQLM7AcKBPuyeSoSeSAQBTcA3f5HxIkwAAAABJRU5ErkJggg=='),
	('Shiinotic', 'diamond_2', 'pokemon', 'A1a', 8, 'https://assets.tcgdex.net/en/tcgp/A1a/008/high.jpg', 'data:image/png;base64,iVBORw0KGgoAAAANSUhEUgAAAAMAAAAECAIAAADETxJQAAAACXBIWXMAAAsTAAALEwEAmpwYAAAAM0lEQVR4nAEoANf/ACAuInx2XFNaOwAAFwLEx8Cbr5MAstZCi7IAp84nAOr/lLHXUuD+gyteEkNUKJHCAAAAAElFTkSuQmCC'),
	('Snivy', 'diamond_1', 'pokemon', 'A1a', 4, 'https://assets.tcgdex.net/en/tcgp/A1a/004/high.jpg', 'data:image/png;base64,iVBORw0KGgoAAAANSUhEUgAAAAMAAAAECAIAAADETxJQAAAACXBIWXMAAAsTAAALEwEAmpwYAAAAM0lEQVR4nAEoANf/AFVxQ7vXmAohAAAOMwYAGAAAFAAAudxHp8kAxelBAOj/kpvBP97+g/YqD4CzShb9AAAAAElFTkSuQmCC'),
	('Exeggcute', 'diamond_1', 'pokemon', 'A1a', 1, 'https://assets.tcgdex.net/en/tcgp/A1a/001/high.jpg', 'data:image/png;base64,iVBORw0KGgoAAAANSUhEUgAAAAMAAAAECAIAAADETxJQAAAACXBIWXMAAAsTAAALEwEAmpwYAAAAMUlEQVR4nGMILTKPKbDUD2NhENJnkFUUYBBhYNh5x3vSbobTH3wYXvyffPh5ypP/7QDeuQ9WlXjstAAAAABJRU5ErkJggg=='),
	('Celebi ex', 'diamond_4', 'pokemon', 'A1a', 3, 'https://assets.tcgdex.net/en/tcgp/A1a/003/high.jpg', 'data:image/png;base64,iVBORw0KGgoAAAANSUhEUgAAAAMAAAAECAIAAADETxJQAAAACXBIWXMAAAsTAAALEwEAmpwYAAAAMUlEQVR4nGPwTLB//X86gygDQ0h1Wc/6hE0X1zFkTGCoXczw+H8EQ0wlY81kjYpuTQBHzBAblEJA5AAAAABJRU5ErkJggg=='),
	('Exeggutor', 'diamond_2', 'pokemon', 'A1a', 2, 'https://assets.tcgdex.net/en/tcgp/A1a/002/high.jpg', 'data:image/png;base64,iVBORw0KGgoAAAANSUhEUgAAAAMAAAAECAIAAADETxJQAAAACXBIWXMAAAsTAAALEwEAmpwYAAAAMUlEQVR4nGMoaIhMrbR0ipVjkPLVNbGWZuBnYLj2q/jUW7sbf6IYXv+fce5j3ov/PQAUvxHTHULnUgAAAABJRU5ErkJggg=='),
	('Magmar', 'diamond_2', 'pokemon', 'A1a', 12, 'https://assets.tcgdex.net/en/tcgp/A1a/012/high.jpg', 'data:image/png;base64,iVBORw0KGgoAAAANSUhEUgAAAAMAAAAECAIAAADETxJQAAAACXBIWXMAAAsTAAALEwEAmpwYAAAAM0lEQVR4nAEoANf/APPn2/+7fdCwngD/7LROFAD/zJwAfhgATQAAagAAAP+mfJs6D8doQrEgEjaePNJgAAAAAElFTkSuQmCC'),
	('Ponyta', 'diamond_1', 'pokemon', 'A1a', 10, 'https://assets.tcgdex.net/en/tcgp/A1a/010/high.jpg', 'data:image/png;base64,iVBORw0KGgoAAAANSUhEUgAAAAMAAAAECAIAAADETxJQAAAACXBIWXMAAAsTAAALEwEAmpwYAAAAMUlEQVR4nGMozs84fmD5091LGObMnP/y82cnvyiGEh4GNwYGbwYGhktVIfUKDKsDdAB5Tw/Bq7jnPgAAAABJRU5ErkJggg=='),
	('Morelull', 'diamond_1', 'pokemon', 'A1a', 7, 'https://assets.tcgdex.net/en/tcgp/A1a/007/high.jpg', 'data:image/png;base64,iVBORw0KGgoAAAANSUhEUgAAAAMAAAAECAIAAADETxJQAAAACXBIWXMAAAsTAAALEwEAmpwYAAAAMUlEQVR4nGNIbinomNMqE2HBIGFkYOeXxMDNzXDtZ8Kl7y73/kczvPs/49rv4pf/ewAwexLc6G54sgAAAABJRU5ErkJggg=='),
	('Servine', 'diamond_2', 'pokemon', 'A1a', 5, 'https://assets.tcgdex.net/en/tcgp/A1a/005/high.jpg', 'data:image/png;base64,iVBORw0KGgoAAAANSUhEUgAAAAMAAAAECAIAAADETxJQAAAACXBIWXMAAAsTAAALEwEAmpwYAAAAM0lEQVR4nAEoANf/AIaXZgBWFg9NGQCCpl4/ekAAFwAA2v1q4v9L3f9ZAOn/lMvwa+n/jCXoErMcrqxCAAAAAElFTkSuQmCC'),
	('Dhelmise', 'diamond_2', 'pokemon', 'A1a', 9, 'https://assets.tcgdex.net/en/tcgp/A1a/009/high.jpg', 'data:image/png;base64,iVBORw0KGgoAAAANSUhEUgAAAAMAAAAECAIAAADETxJQAAAACXBIWXMAAAsTAAALEwEAmpwYAAAAM0lEQVR4nAEoANf/AGC0o1SefrTqwAAAXF8AFBwAcnEAxeZRstYlwuRDAOb/k8juaeb/iGQ+E+oGzMvkAAAAAElFTkSuQmCC'),
	('Salandit', 'diamond_1', 'pokemon', 'A1a', 15, 'https://assets.tcgdex.net/en/tcgp/A1a/015/high.jpg', 'data:image/png;base64,iVBORw0KGgoAAAANSUhEUgAAAAMAAAAECAIAAADETxJQAAAACXBIWXMAAAsTAAALEwEAmpwYAAAAM0lEQVR4nAEoANf/APrt6kcvKYZxbQC7nqMJAxfXy+gA/4tV9nIp/4hOAP/itv+WZf/AlZZxFai7NXifAAAAAElFTkSuQmCC'),
	('Volcarona', 'diamond_3', 'pokemon', 'A1a', 14, 'https://assets.tcgdex.net/en/tcgp/A1a/014/high.jpg', 'data:image/png;base64,iVBORw0KGgoAAAANSUhEUgAAAAMAAAAECAIAAADETxJQAAAACXBIWXMAAAsTAAALEwEAmpwYAAAAMUlEQVR4nGPY0Ft/qLnw/7PTDIYMDJEmGsdrohnalBn2eDF0iTAwzPbSLRVl6DfnAwBC4A1k6ge6/QAAAABJRU5ErkJggg=='),
	('Vaporeon', 'diamond_3', 'pokemon', 'A1a', 19, 'https://assets.tcgdex.net/en/tcgp/A1a/019/high.jpg', 'data:image/png;base64,iVBORw0KGgoAAAANSUhEUgAAAAMAAAAECAIAAADETxJQAAAACXBIWXMAAAsTAAALEwEAmpwYAAAAMUlEQVR4nGO4/uX/tHf/i/dfYXAumywSWyiZ2sjAoOJceOgdQ/sWBoagYgZJcwa3RACNmRAA/mb3CgAAAABJRU5ErkJggg=='),
	('Salazzle', 'diamond_1', 'pokemon', 'A1a', 16, 'https://assets.tcgdex.net/en/tcgp/A1a/016/high.jpg', 'data:image/png;base64,iVBORw0KGgoAAAANSUhEUgAAAAMAAAAECAIAAADETxJQAAAACXBIWXMAAAsTAAALEwEAmpwYAAAAM0lEQVR4nAEoANf/AOC5nM2EU6NpWQB7QzYkAABYJh4A/7F5/5tU/6ZsAP/itf+8if/NomvJFGPAm+zEAAAAAElFTkSuQmCC'),
	('Larvesta', 'diamond_1', 'pokemon', 'A1a', 13, 'https://assets.tcgdex.net/en/tcgp/A1a/013/high.jpg', 'data:image/png;base64,iVBORw0KGgoAAAANSUhEUgAAAAMAAAAECAIAAADETxJQAAAACXBIWXMAAAsTAAALEwEAmpwYAAAAM0lEQVR4nAEoANf/ALSbh4x2aqGUlwDdva8JBABtaGgA/5df6WMW+HE3AP/cr/+QYP+uhH/GFEN98u3IAAAAAElFTkSuQmCC'),
	('Serperior', 'diamond_3', 'pokemon', 'A1a', 6, 'https://assets.tcgdex.net/en/tcgp/A1a/006/high.jpg', 'data:image/png;base64,iVBORw0KGgoAAAANSUhEUgAAAAMAAAAECAIAAADETxJQAAAACXBIWXMAAAsTAAALEwEAmpwYAAAAM0lEQVR4nAEoANf/AMPRw9//8sLkxAApLyMlQDcAEQAAj6Uq1/NK3v9gAM7qgsDkX9z7epx6FPcoOZtEAAAAAElFTkSuQmCC'),
	('Dedenne', 'diamond_1', 'pokemon', 'A1a', 30, 'https://assets.tcgdex.net/en/tcgp/A1a/030/high.jpg', 'data:image/png;base64,iVBORw0KGgoAAAANSUhEUgAAAAMAAAAECAIAAADETxJQAAAACXBIWXMAAAsTAAALEwEAmpwYAAAAMUlEQVR4nGOoqVV2NWRoLWFjcLdhUGFgsDZkYPj/1vj/b7v/f+wZ/v8N/P/O+P8vRwD/ZBDdYWjQEwAAAABJRU5ErkJggg=='),
	('Cramorant', 'diamond_1', 'pokemon', 'A1a', 24, 'https://assets.tcgdex.net/en/tcgp/A1a/024/high.jpg', 'data:image/png;base64,iVBORw0KGgoAAAANSUhEUgAAAAMAAAAECAIAAADETxJQAAAACXBIWXMAAAsTAAALEwEAmpwYAAAAM0lEQVR4nAEoANf/AElwbgAXEzJTRwCg9eIAYGJGfmwAlev/rf//lPr/AKj9/27a/5rx/1LwFbOWrFmkAAAAAElFTkSuQmCC'),
	('Rapidash', 'diamond_2', 'pokemon', 'A1a', 11, 'https://assets.tcgdex.net/en/tcgp/A1a/011/high.jpg', 'data:image/png;base64,iVBORw0KGgoAAAANSUhEUgAAAAMAAAAECAIAAADETxJQAAAACXBIWXMAAAsTAAALEwEAmpwYAAAAM0lEQVR4nAEoANf/AJ+knK+NbIRpWgAADQ5GaV1eLRUA/5dg9nIm/3tDAP/es/+mc/++lEwfEtAbKKKrAAAAAElFTkSuQmCC'),
	('Drednaw', 'diamond_2', 'pokemon', 'A1a', 23, 'https://assets.tcgdex.net/en/tcgp/A1a/023/high.jpg', 'data:image/png;base64,iVBORw0KGgoAAAANSUhEUgAAAAMAAAAECAIAAADETxJQAAAACXBIWXMAAAsTAAALEwEAmpwYAAAAM0lEQVR4nAEoANf/AGqFc1V1Xuf+7AAAERgALiiOycUAC4mzM6PSAJTCAE+nyAB9pTebwEUDEK4lq7prAAAAAElFTkSuQmCC'),
	('Lumineon', 'diamond_2', 'pokemon', 'A1a', 21, 'https://assets.tcgdex.net/en/tcgp/A1a/021/high.jpg', 'data:image/png;base64,iVBORw0KGgoAAAANSUhEUgAAAAMAAAAECAIAAADETxJQAAAACXBIWXMAAAsTAAALEwEAmpwYAAAAMUlEQVR4nGMI65zCIKXN4J/I0HrsPINvzOH//xkYMnp46pcxNK5hYMjuZjAIZUhuBwAXAg2kcBErBgAAAABJRU5ErkJggg=='),
	('Galvantula', 'diamond_2', 'pokemon', 'A1a', 29, 'https://assets.tcgdex.net/en/tcgp/A1a/029/high.jpg', 'data:image/png;base64,iVBORw0KGgoAAAANSUhEUgAAAAMAAAAECAIAAADETxJQAAAACXBIWXMAAAsTAAALEwEAmpwYAAAAMUlEQVR4nGOIidW00mZw8WBg0NBikGZiMDJgYPh4lef/B4P/v60Z/r+w/35H4v87UwDVXw7+VugGiQAAAABJRU5ErkJggg=='),
	('Mew ex', 'star_2', 'pokemon', 'A1a', 77, 'https://assets.tcgdex.net/en/tcgp/A1a/077/high.jpg', 'data:image/png;base64,iVBORw0KGgoAAAANSUhEUgAAAAMAAAAECAIAAADETxJQAAAACXBIWXMAAAsTAAALEwEAmpwYAAAAM0lEQVR4nAEoANf/AJdjhOu7wpJcfwDRkKD/+Or/zs4AhVp43aq9o2CHABYAMFY/YlQyS8pTFARIfzJfAAAAAElFTkSuQmCC'),
	('Graveler', 'diamond_2', 'pokemon', 'A1a', 44, 'https://assets.tcgdex.net/en/tcgp/A1a/044/high.jpg', 'data:image/png;base64,iVBORw0KGgoAAAANSUhEUgAAAAMAAAAECAIAAADETxJQAAAACXBIWXMAAAsTAAALEwEAmpwYAAAAM0lEQVR4nAEoANf/AP/96VtRPUhGKADUyrkADQYrKhMA0ZMA0YcAvnMAAOKtTM6QCMuQNkplEBbd7BDHAAAAAElFTkSuQmCC'),
	('Pidgey', 'diamond_1', 'pokemon', 'A1a', 57, 'https://assets.tcgdex.net/en/tcgp/A1a/057/high.jpg', 'data:image/png;base64,iVBORw0KGgoAAAANSUhEUgAAAAMAAAAECAIAAADETxJQAAAACXBIWXMAAAsTAAALEwEAmpwYAAAAM0lEQVR4nAEoANf/AExhTTZILjpUOwAgIgAcAAAZEAAA5+bf+/X18+vnAN3d1dnW093Z0AbOEuQaiJDDAAAAAElFTkSuQmCC'),
	('Celebi ex', 'star_2', 'pokemon', 'A1a', 75, 'https://assets.tcgdex.net/en/tcgp/A1a/075/high.jpg', 'data:image/png;base64,iVBORw0KGgoAAAANSUhEUgAAAAMAAAAECAIAAADETxJQAAAACXBIWXMAAAsTAAALEwEAmpwYAAAAM0lEQVR4nAEoANf/AJS7uo3CuXK91QCRxpu/7ZzI//8AJntahsptPJRlAAAWAC9fNTNhM8DOEqM+KgF7AAAAAElFTkSuQmCC'),
	('Electabuzz', 'diamond_2', 'pokemon', 'A1a', 27, 'https://assets.tcgdex.net/en/tcgp/A1a/027/high.jpg', 'data:image/png;base64,iVBORw0KGgoAAAANSUhEUgAAAAMAAAAECAIAAADETxJQAAAACXBIWXMAAAsTAAALEwEAmpwYAAAAMUlEQVR4nGPIKg2OiGXw8WNgYBBgEBNkEOFgYHhzkeHtFYb//2wYfjyxfHOR4ddTdQDZMw5kvXHLiwAAAABJRU5ErkJggg=='),
	('Chewtle', 'diamond_1', 'pokemon', 'A1a', 22, 'https://assets.tcgdex.net/en/tcgp/A1a/022/high.jpg', 'data:image/png;base64,iVBORw0KGgoAAAANSUhEUgAAAAMAAAAECAIAAADETxJQAAAACXBIWXMAAAsTAAALEwEAmpwYAAAAM0lEQVR4nAEoANf/AKDEpzZEMGltVwBRkIAACQBPhnYAnvb/pv//ivP/AKf9/1/N+Yfi/2QrFXv6gCAfAAAAAElFTkSuQmCC'),
	('Florges', 'diamond_2', 'pokemon', 'A1a', 38, 'https://assets.tcgdex.net/en/tcgp/A1a/038/high.jpg', 'data:image/png;base64,iVBORw0KGgoAAAANSUhEUgAAAAMAAAAECAIAAADETxJQAAAACXBIWXMAAAsTAAALEwEAmpwYAAAAMUlEQVR4nGO4d+3G/w8/j67awHD3ymmf3in1TRMYkvVjtRm0nDlcGCp8KiIUQio8ygDC7RIfjS9WBwAAAABJRU5ErkJggg=='),
	('Primeape', 'diamond_1', 'pokemon', 'A1a', 42, 'https://assets.tcgdex.net/en/tcgp/A1a/042/high.jpg', 'data:image/png;base64,iVBORw0KGgoAAAANSUhEUgAAAAMAAAAECAIAAADETxJQAAAACXBIWXMAAAsTAAALEwEAmpwYAAAAMUlEQVR4nGN4/3vf4vlhBeVSDJG1bhFpugxCDAxbKhka3RlSNRkYvu2L3tfEsK5cCgA59w5sFdoYWgAAAABJRU5ErkJggg=='),
	('Leaf', 'star_2', 'trainer', 'A1a', 82, 'https://assets.tcgdex.net/en/tcgp/A1a/082/high.jpg', 'data:image/png;base64,iVBORw0KGgoAAAANSUhEUgAAAAMAAAAECAIAAADETxJQAAAACXBIWXMAAAsTAAALEwEAmpwYAAAAM0lEQVR4nAEoANf/AP/24P/49PbU1wDHo4MUDQWObFwA0q6WJQAA2LaYAMeXk9WdiN20hd55Fi1N6tkKAAAAAElFTkSuQmCC'),
	('Mew ex', 'star_2', 'pokemon', 'A1a', 83, 'https://assets.tcgdex.net/en/tcgp/A1a/083/high.jpg', 'data:image/png;base64,iVBORw0KGgoAAAANSUhEUgAAAAMAAAAECAIAAADETxJQAAAACXBIWXMAAAsTAAALEwEAmpwYAAAAMUlEQVR4nGPoXF768v/O/PhchsbtaXc/7Ayf5MOgqivNIMnAIMjAwGBppGDLZGOuCgBZ8QzUNTIm6AAAAABJRU5ErkJggg=='),
	('Dedenne', 'star_1', 'pokemon', 'A1a', 73, 'https://assets.tcgdex.net/en/tcgp/A1a/073/high.jpg', 'data:image/png;base64,iVBORw0KGgoAAAANSUhEUgAAAAMAAAAECAIAAADETxJQAAAACXBIWXMAAAsTAAALEwEAmpwYAAAAMUlEQVR4nGOI1JA2ZWAIYWVg6Hbjfz1Bf6mvIsO+Wq//bzv+XypjSDPVXlzusWlSCgD0Kg7YJmNziAAAAABJRU5ErkJggg=='),
	('Aerodactyl ex', 'diamond_4', 'pokemon', 'A1a', 46, 'https://assets.tcgdex.net/en/tcgp/A1a/046/high.jpg', 'data:image/png;base64,iVBORw0KGgoAAAANSUhEUgAAAAMAAAAECAIAAADETxJQAAAACXBIWXMAAAsTAAALEwEAmpwYAAAAM0lEQVR4nAEoANf/ANjAp6afmJNuZgCMZnUWAB9fNUwA/7U//qc29J8tAP/Scf/2hf/XkX7WFLEuVKZaAAAAAElFTkSuQmCC'),
	('Liepard', 'diamond_1', 'pokemon', 'A1a', 52, 'https://assets.tcgdex.net/en/tcgp/A1a/052/high.jpg', 'data:image/png;base64,iVBORw0KGgoAAAANSUhEUgAAAAMAAAAECAIAAADETxJQAAAACXBIWXMAAAsTAAALEwEAmpwYAAAAM0lEQVR4nAEoANf/AO/+57i+oeD7zwCfrYO7soGywIwAAC8xABIOAB0fAExychhFRjxiYrK9EODz5h3EAAAAAElFTkSuQmCC'),
	('Blue', 'diamond_2', 'trainer', 'A1a', 67, 'https://assets.tcgdex.net/en/tcgp/A1a/067/high.jpg', 'data:image/png;base64,iVBORw0KGgoAAAANSUhEUgAAAAMAAAAECAIAAADETxJQAAAACXBIWXMAAAsTAAALEwEAmpwYAAAAM0lEQVR4nAEoANf/AK+vrc3FuqOmowB4aHgZABNvVG4A7unm3Nnj//b8APDr5/zz5O7dxsUXGWXtW0A+AAAAAElFTkSuQmCC'),
	('Gloom', 'diamond_1', 'pokemon', 'A2', 2, 'https://assets.tcgdex.net/en/tcgp/A2/002/high.jpg', 'data:image/png;base64,iVBORw0KGgoAAAANSUhEUgAAAAMAAAAECAIAAADETxJQAAAACXBIWXMAAAsTAAALEwEAmpwYAAAAM0lEQVR4nAEoANf/AOz13I52WsjLowDz99YADwB1lmgAxOhPx/Y+wes/AO7/mMHlYOT/icvaF2zsyPc8AAAAAElFTkSuQmCC'),
	('Combee', 'star_1', 'pokemon', 'A2', 157, 'https://assets.tcgdex.net/en/tcgp/A2/157/high.jpg', 'data:image/png;base64,iVBORw0KGgoAAAANSUhEUgAAAAMAAAAECAIAAADETxJQAAAACXBIWXMAAAsTAAALEwEAmpwYAAAAMUlEQVR4nGPYtWjmlKZKA0VehqZJ9WH2DH8+72SYUW3YGGOyqdmFodDdrjU8SIOBAQBK9w7NpFrKXwAAAABJRU5ErkJggg=='),
	('Magmortar', 'diamond_3', 'pokemon', 'A2', 24, 'https://assets.tcgdex.net/en/tcgp/A2/024/high.jpg', 'data:image/png;base64,iVBORw0KGgoAAAANSUhEUgAAAAMAAAAECAIAAADETxJQAAAACXBIWXMAAAsTAAALEwEAmpwYAAAAMUlEQVR4nGP4/+XaqSnlxfrqDJuqsvKCPNQYGBiOR+g8SpW7G6/DcKMh5kamxeVCFwBm9RD5W4lVpQAAAABJRU5ErkJggg=='),
	('Carnivine', 'diamond_2', 'pokemon', 'A2', 19, 'https://assets.tcgdex.net/en/tcgp/A2/019/high.jpg', 'data:image/png;base64,iVBORw0KGgoAAAANSUhEUgAAAAMAAAAECAIAAADETxJQAAAACXBIWXMAAAsTAAALEwEAmpwYAAAAMUlEQVR4nGNwiI/gkGLQ9dVh0PeRYeBjYBBgYFh+ynzLDflNV40Ynv6ftO122Mv/XQDBrQ5Qgpe1bgAAAABJRU5ErkJggg=='),
	('Tangrowth', 'diamond_2', 'pokemon', 'A2', 5, 'https://assets.tcgdex.net/en/tcgp/A2/005/high.jpg', 'data:image/png;base64,iVBORw0KGgoAAAANSUhEUgAAAAMAAAAECAIAAADETxJQAAAACXBIWXMAAAsTAAALEwEAmpwYAAAAM0lEQVR4nAEoANf/AGNzX2iPcez/vQAlOicADSOCnHUAx+dZvt0uwuY/AOL/kMrwa+D+hGYFFD7Oo22VAAAAAElFTkSuQmCC'),
	('Hippopotas', 'star_1', 'pokemon', 'A2', 171, 'https://assets.tcgdex.net/en/tcgp/A2/171/high.jpg', 'data:image/png;base64,iVBORw0KGgoAAAANSUhEUgAAAAMAAAAECAIAAADETxJQAAAACXBIWXMAAAsTAAALEwEAmpwYAAAAM0lEQVR4nAEoANf/AP/79KGnvQAKNwD/783o0qLHtJoA//bPxah5uZRwAMe7ntG8ltrAp/igGUzaF+RsAAAAAElFTkSuQmCC'),
	('Lucario', 'star_1', 'pokemon', 'A2', 170, 'https://assets.tcgdex.net/en/tcgp/A2/170/high.jpg', 'data:image/png;base64,iVBORw0KGgoAAAANSUhEUgAAAAMAAAAECAIAAADETxJQAAAACXBIWXMAAAsTAAALEwEAmpwYAAAAMUlEQVR4nGP4tm+rlbJmQVQqg52ArJ2re2GgN8PspBgGXslMbyuG/x/eW1m595UVAQAOwQ3d18BYiQAAAABJRU5ErkJggg=='),
	('Heatran', 'star_1', 'pokemon', 'A2', 174, 'https://assets.tcgdex.net/en/tcgp/A2/174/high.jpg', 'data:image/png;base64,iVBORw0KGgoAAAANSUhEUgAAAAMAAAAECAIAAADETxJQAAAACXBIWXMAAAsTAAALEwEAmpwYAAAAM0lEQVR4nAEoANf/APPj4amPkdvPzgCbgX0jAQBmRDwAf2ZZHQAAdWBYAP/27sK5tc7OzocHE6Eyxg7UAAAAAElFTkSuQmCC'),
	('Magmar', 'diamond_1', 'pokemon', 'A2', 23, 'https://assets.tcgdex.net/en/tcgp/A2/023/high.jpg', 'data:image/png;base64,iVBORw0KGgoAAAANSUhEUgAAAAMAAAAECAIAAADETxJQAAAACXBIWXMAAAsTAAALEwEAmpwYAAAAMUlEQVR4nGPIcTa242DwkONlSBJkC2NgMGFgYPi/ufL/qqj/y3MY/j/Z+X9Hy//ziwHbJxAnGN8ArwAAAABJRU5ErkJggg=='),
	('Shinx', 'diamond_1', 'pokemon', 'A2', 58, 'https://assets.tcgdex.net/en/tcgp/A2/058/high.jpg', 'data:image/png;base64,iVBORw0KGgoAAAANSUhEUgAAAAMAAAAECAIAAADETxJQAAAACXBIWXMAAAsTAAALEwEAmpwYAAAAMUlEQVR4nGOILAlySrcJydBgMPNRZODn0TVnY3hzifX/O8P//xwY/n/3+/9S6/9vJwAEmRDBVCpAGQAAAABJRU5ErkJggg=='),
	('Manaphy', 'diamond_2', 'pokemon', 'A2', 50, 'https://assets.tcgdex.net/en/tcgp/A2/050/high.jpg', 'data:image/png;base64,iVBORw0KGgoAAAANSUhEUgAAAAMAAAAECAIAAADETxJQAAAACXBIWXMAAAsTAAALEwEAmpwYAAAAMUlEQVR4nGMomLmYQVwhtKqe4cj//25FRd0r1jAwVM5jKJvN0LGJwXjiRoaIesUJ2wBE/BASEwtCGQAAAABJRU5ErkJggg=='),
	('Shellos', 'diamond_1', 'pokemon', 'A2', 40, 'https://assets.tcgdex.net/en/tcgp/A2/040/high.jpg', 'data:image/png;base64,iVBORw0KGgoAAAANSUhEUgAAAAMAAAAECAIAAADETxJQAAAACXBIWXMAAAsTAAALEwEAmpwYAAAAM0lEQVR4nAEoANf/APv3/6+dubnL4wDi1uciAAU6TlYAiuT/bND/Zcr7AJTq/1vK+H/b/+qzGMcEhigpAAAAAElFTkSuQmCC'),
	('Infernape ex', 'star_2', 'pokemon', 'A2', 181, 'https://assets.tcgdex.net/en/tcgp/A2/181/high.jpg', 'data:image/png;base64,iVBORw0KGgoAAAANSUhEUgAAAAMAAAAECAIAAADETxJQAAAACXBIWXMAAAsTAAALEwEAmpwYAAAAMUlEQVR4nGNICo9dHGStyMDAEGqv93V9UXd3OENqjPv/z1d6YhwYYmOSJk9q7S4IAAAf9g+zYCp3hQAAAABJRU5ErkJggg=='),
	('Azelf', 'diamond_2', 'pokemon', 'A2', 77, 'https://assets.tcgdex.net/en/tcgp/A2/077/high.jpg', 'data:image/png;base64,iVBORw0KGgoAAAANSUhEUgAAAAMAAAAECAIAAADETxJQAAAACXBIWXMAAAsTAAALEwEAmpwYAAAAM0lEQVR4nAEoANf/AKKLvFxUmYl8tQBBRIAAAD0cH1kA9rfuyH264ZvcAP/d/+ut5//i/20uFe8BYpMsAAAAAElFTkSuQmCC'),
	('Weezing', 'diamond_2', 'pokemon', 'A1a', 50, 'https://assets.tcgdex.net/en/tcgp/A1a/050/high.jpg', 'data:image/png;base64,iVBORw0KGgoAAAANSUhEUgAAAAMAAAAECAIAAADETxJQAAAACXBIWXMAAAsTAAALEwEAmpwYAAAAM0lEQVR4nAEoANf/APn977KjoNve2ADTx5vltp3Hs40AADM1ABQLABoWAE91dRVBQjdeXsDCEVuIXYfmAAAAAElFTkSuQmCC'),
	('Mew', 'diamond_3', 'pokemon', 'A1a', 31, 'https://assets.tcgdex.net/en/tcgp/A1a/031/high.jpg', 'data:image/png;base64,iVBORw0KGgoAAAANSUhEUgAAAAMAAAAECAIAAADETxJQAAAACXBIWXMAAAsTAAALEwEAmpwYAAAAMUlEQVR4nGNgErBw86n1dMpjiEmf8uTHfwZeK4a1hcuP1u2otK9iKPesSdOO74tpAQAesw9YMUKoBAAAAABJRU5ErkJggg=='),
	('Beheeyem', 'diamond_2', 'pokemon', 'A1a', 35, 'https://assets.tcgdex.net/en/tcgp/A1a/035/high.jpg', 'data:image/png;base64,iVBORw0KGgoAAAANSUhEUgAAAAMAAAAECAIAAADETxJQAAAACXBIWXMAAAsTAAALEwEAmpwYAAAAMElEQVR4nGNYsWJHiGt0Zk4XAyM3Q1N96c2f/xlCFANsGCx8BLwY8p0L3AVcS92KASkSDXqGh/LKAAAAAElFTkSuQmCC'),
	('Marshadow', 'diamond_3', 'pokemon', 'A1a', 47, 'https://assets.tcgdex.net/en/tcgp/A1a/047/high.jpg', 'data:image/png;base64,iVBORw0KGgoAAAANSUhEUgAAAAMAAAAECAIAAADETxJQAAAACXBIWXMAAAsTAAALEwEAmpwYAAAAM0lEQVR4nAEoANf/AKCXlrikrYhtYQAiHytSUH0ZBRwA/9JW/+tr/689AP/ghP/SWf/Kamo6FBlcZK34AAAAAElFTkSuQmCC'),
	('Chatot', 'diamond_1', 'pokemon', 'A1a', 62, 'https://assets.tcgdex.net/en/tcgp/A1a/062/high.jpg', 'data:image/png;base64,iVBORw0KGgoAAAANSUhEUgAAAAMAAAAECAIAAADETxJQAAAACXBIWXMAAAsTAAALEwEAmpwYAAAAM0lEQVR4nAEoANf/AIN5giUhJTNFSAA8PEwEIBYADRkA5Ojh/v36//r2AOrr3+Xh3/Lt5CXiFHtXjJ/mAAAAAElFTkSuQmCC'),
	('Floette', 'diamond_1', 'pokemon', 'A1a', 37, 'https://assets.tcgdex.net/en/tcgp/A1a/037/high.jpg', 'data:image/png;base64,iVBORw0KGgoAAAANSUhEUgAAAAMAAAAECAIAAADETxJQAAAACXBIWXMAAAsTAAALEwEAmpwYAAAAMUlEQVR4nGN4cPHu4p6JdZU1DG9ePHn9/+205QsZfCS9dBjU7RjsGeKN423YbOIMowGsEhEHbhZaXAAAAABJRU5ErkJggg=='),
	('Aerodactyl ex', 'star_2', 'pokemon', 'A1a', 78, 'https://assets.tcgdex.net/en/tcgp/A1a/078/high.jpg', 'data:image/png;base64,iVBORw0KGgoAAAANSUhEUgAAAAMAAAAECAIAAADETxJQAAAACXBIWXMAAAsTAAALEwEAmpwYAAAAMUlEQVR4nGMIszU5sLAmw1OXYf/s4iBj8zBjDYb/n1e3FsUoMTAwOOuJ7t/S0V/rBQAmdw6mPVwKNwAAAABJRU5ErkJggg=='),
	('Marshadow', 'star_1', 'pokemon', 'A1a', 74, 'https://assets.tcgdex.net/en/tcgp/A1a/074/high.jpg', 'data:image/png;base64,iVBORw0KGgoAAAANSUhEUgAAAAMAAAAECAIAAADETxJQAAAACXBIWXMAAAsTAAALEwEAmpwYAAAAMUlEQVR4nGP4/+HE/9dH/387yuCvxujNx/B/RxKDAgODlyzDoiwdBnN1lfIgk5lFgQCGTg+jOOdKSQAAAABJRU5ErkJggg=='),
	('Pokémon Flute', 'diamond_2', 'trainer', 'A1a', 64, 'https://assets.tcgdex.net/en/tcgp/A1a/064/high.jpg', 'data:image/png;base64,iVBORw0KGgoAAAANSUhEUgAAAAMAAAAECAIAAADETxJQAAAACXBIWXMAAAsTAAALEwEAmpwYAAAAM0lEQVR4nAEoANf/AC9VQTVdOZ+hfgAAFABLWADi3YQAwsvI8/Hg+PvxANne5c/f66vH1VHaFcKd9HBiAAAAAElFTkSuQmCC'),
	('Koffing', 'diamond_1', 'pokemon', 'A1a', 49, 'https://assets.tcgdex.net/en/tcgp/A1a/049/high.jpg', 'data:image/png;base64,iVBORw0KGgoAAAANSUhEUgAAAAMAAAAECAIAAADETxJQAAAACXBIWXMAAAsTAAALEwEAmpwYAAAAM0lEQVR4nAEoANf/APL/5Nvmzdvz2wCVpXq4tJ6zxZYAADs8ABALAB4dAFp+fiVRUUdtbMdcEeNdGhJzAAAAAElFTkSuQmCC'),
	('Scolipede', 'diamond_2', 'pokemon', 'A1a', 55, 'https://assets.tcgdex.net/en/tcgp/A1a/055/high.jpg', 'data:image/png;base64,iVBORw0KGgoAAAANSUhEUgAAAAMAAAAECAIAAADETxJQAAAACXBIWXMAAAsTAAALEwEAmpwYAAAAMUlEQVR4nGN48f/vnHlrl604wuCT5F+Ykz6tdTKDoLsHg6gQg6oKQ/nsWcaxseH1dQB3qw/K97zDvgAAAABJRU5ErkJggg=='),
	('Drifloon', 'star_1', 'pokemon', 'A2', 165, 'https://assets.tcgdex.net/en/tcgp/A2/165/high.jpg', 'data:image/png;base64,iVBORw0KGgoAAAANSUhEUgAAAAMAAAAECAIAAADETxJQAAAACXBIWXMAAAsTAAALEwEAmpwYAAAAM0lEQVR4nAEoANf/AJZzkYIzPCYAJQC5alZ7UTkRBAAAurWw///U2siUAPnw4NXCxZqDgT4AE1QmUKADAAAAAElFTkSuQmCC'),
	('Giratina', 'star_1', 'pokemon', 'A2', 167, 'https://assets.tcgdex.net/en/tcgp/A2/167/high.jpg', 'data:image/png;base64,iVBORw0KGgoAAAANSUhEUgAAAAMAAAAECAIAAADETxJQAAAACXBIWXMAAAsTAAALEwEAmpwYAAAAMUlEQVR4nGPgZBD3dgves34jgwqT7syctP9frzEIcFgbsKgH6lkwCPLpSck6GWt7AgDrLQp7Pj8I3wAAAABJRU5ErkJggg=='),
	('Vespiquen', 'diamond_2', 'pokemon', 'A2', 18, 'https://assets.tcgdex.net/en/tcgp/A2/018/high.jpg', 'data:image/png;base64,iVBORw0KGgoAAAANSUhEUgAAAAMAAAAECAIAAADETxJQAAAACXBIWXMAAAsTAAALEwEAmpwYAAAAM0lEQVR4nAEoANf/AKOifIh5NpaUVABeXzAkAABlZzIAwORNvucxxuxIAOT/j8brZdz6f00TEyS++iv+AAAAAElFTkSuQmCC'),
	('Torterra', 'diamond_3', 'pokemon', 'A2', 12, 'https://assets.tcgdex.net/en/tcgp/A2/012/high.jpg', 'data:image/png;base64,iVBORw0KGgoAAAANSUhEUgAAAAMAAAAECAIAAADETxJQAAAACXBIWXMAAAsTAAALEwEAmpwYAAAAMUlEQVR4nGNoas3JrHGLL7dl0NITF2Jj0LRTYjjxMuHl/6grv2MYzr6sO/k2+eL7PAAhZxG7/NgGiwAAAABJRU5ErkJggg=='),
	('Shaymin', 'diamond_3', 'pokemon', 'A2', 22, 'https://assets.tcgdex.net/en/tcgp/A2/022/high.jpg', 'data:image/png;base64,iVBORw0KGgoAAAANSUhEUgAAAAMAAAAECAIAAADETxJQAAAACXBIWXMAAAsTAAALEwEAmpwYAAAAMElEQVR4nGNIK1V/+qVXQZmBIa1UYc2yqMZOMwYeEYaaOQzx7QwMxiEMemEMfoUMAAx/C3s9D/uJAAAAAElFTkSuQmCC'),
	('Wormadam', 'diamond_1', 'pokemon', 'A2', 16, 'https://assets.tcgdex.net/en/tcgp/A2/016/high.jpg', 'data:image/png;base64,iVBORw0KGgoAAAANSUhEUgAAAAMAAAAECAIAAADETxJQAAAACXBIWXMAAAsTAAALEwEAmpwYAAAAM0lEQVR4nAEoANf/AMLTtzBXJBE8AgCbspNJfkcADQAAw+NVzOo41/dVAO3/l8PpY+D/hUjoE0SCJM7qAAAAAElFTkSuQmCC'),
	('Mamoswine', 'diamond_3', 'pokemon', 'A2', 33, 'https://assets.tcgdex.net/en/tcgp/A2/033/high.jpg', 'data:image/png;base64,iVBORw0KGgoAAAANSUhEUgAAAAMAAAAECAIAAADETxJQAAAACXBIWXMAAAsTAAALEwEAmpwYAAAAM0lEQVR4nAEoANf/ANPb4ldlYXCRpQCOh4IiAAC31dwAer7nrP//iO3/AHbL9Uy542K94KnOFs/anjNHAAAAAElFTkSuQmCC'),
	('Swinub', 'diamond_1', 'pokemon', 'A2', 31, 'https://assets.tcgdex.net/en/tcgp/A2/031/high.jpg', 'data:image/png;base64,iVBORw0KGgoAAAANSUhEUgAAAAMAAAAECAIAAADETxJQAAAACXBIWXMAAAsTAAALEwEAmpwYAAAAM0lEQVR4nAEoANf/AJqxvjtGTj9RYgCLpK9eSj0IDhIAnfb/of//geX/AKD2/1bF8ovn/2k3FV8ausKUAAAAAElFTkSuQmCC'),
	('Empoleon', 'diamond_3', 'pokemon', 'A2', 37, 'https://assets.tcgdex.net/en/tcgp/A2/037/high.jpg', 'data:image/png;base64,iVBORw0KGgoAAAANSUhEUgAAAAMAAAAECAIAAADETxJQAAAACXBIWXMAAAsTAAALEwEAmpwYAAAAM0lEQVR4nAEoANf/AIiImz9PXYegtwBvjrQABxtggpQAiuD/rf//c9z/AHPG7ljB7HTO8nk/FYDTWLUXAAAAAElFTkSuQmCC'),
	('Glaceon', 'diamond_3', 'pokemon', 'A2', 46, 'https://assets.tcgdex.net/en/tcgp/A2/046/high.jpg', 'data:image/png;base64,iVBORw0KGgoAAAANSUhEUgAAAAMAAAAECAIAAADETxJQAAAACXBIWXMAAAsTAAALEwEAmpwYAAAAM0lEQVR4nAEoANf/AIKLllB4jyQ4RgDv//+1vcIABg4AUK/ag9//O63cADKNtACIsTSXuXclEwCvknz5AAAAAElFTkSuQmCC'),
	('Palkia ex', 'diamond_4', 'pokemon', 'A2', 49, 'https://assets.tcgdex.net/en/tcgp/A2/049/high.jpg', 'data:image/png;base64,iVBORw0KGgoAAAANSUhEUgAAAAMAAAAECAIAAADETxJQAAAACXBIWXMAAAsTAAALEwEAmpwYAAAAM0lEQVR4nAEoANf/AIWIjZKVtqCTuwALAhyNf62lnOMAieP/s///mvz/AH/W9HzB1rDt+qxvGBBlz4MzAAAAAElFTkSuQmCC'),
	('Palkia ex', 'star_2', 'pokemon', 'A2', 182, 'https://assets.tcgdex.net/en/tcgp/A2/182/high.jpg', 'data:image/png;base64,iVBORw0KGgoAAAANSUhEUgAAAAMAAAAECAIAAADETxJQAAAACXBIWXMAAAsTAAALEwEAmpwYAAAAM0lEQVR4nAEoANf/AP/i5P/j/j8QOADNpZjatbQjAAIA797m9+TuPSItALq2r1VRUW1dTs2dFNURpO1RAAAAAElFTkSuQmCC'),
	('Giratina', 'diamond_3', 'pokemon', 'A2', 78, 'https://assets.tcgdex.net/en/tcgp/A2/078/high.jpg', 'data:image/png;base64,iVBORw0KGgoAAAANSUhEUgAAAAMAAAAECAIAAADETxJQAAAACXBIWXMAAAsTAAALEwEAmpwYAAAAM0lEQVR4nAEoANf/AHhgiTEXOX1dhgByTXchAB0QADUA/9T//+D//7//AP/L/+6t5f/P/UbnFX2mJjcwAAAAAElFTkSuQmCC'),
	('Mismagius ex', 'star_2', 'pokemon', 'A2', 184, 'https://assets.tcgdex.net/en/tcgp/A2/184/high.jpg', 'data:image/png;base64,iVBORw0KGgoAAAANSUhEUgAAAAMAAAAECAIAAADETxJQAAAACXBIWXMAAAsTAAALEwEAmpwYAAAAM0lEQVR4nAEoANf/AP/l4f/Y9qve/wCIYX8hACprVY8An53URCpIrWqLAKGVzZmHm//06MlRFh7DQ5DTAAAAAElFTkSuQmCC'),
	('Magikarp', 'diamond_1', 'pokemon', 'A1a', 17, 'https://assets.tcgdex.net/en/tcgp/A1a/017/high.jpg', 'data:image/png;base64,iVBORw0KGgoAAAANSUhEUgAAAAMAAAAECAIAAADETxJQAAAACXBIWXMAAAsTAAALEwEAmpwYAAAAMUlEQVR4nGM4/f+vbXoSg446w/pnrxrLwxeeOsTAkN7L0LiWoXs3Q8DKMwwqrgxlMwBu4RDABtxnaAAAAABJRU5ErkJggg=='),
	('Pikachu', 'diamond_1', 'pokemon', 'A1a', 25, 'https://assets.tcgdex.net/en/tcgp/A1a/025/high.jpg', 'data:image/png;base64,iVBORw0KGgoAAAANSUhEUgAAAAMAAAAECAIAAADETxJQAAAACXBIWXMAAAsTAAALEwEAmpwYAAAAMUlEQVR4nGOIDDasKDPqb7dhEGJjsLYSUpFnYPj/xer/S4P/f+wZ/v8L+v/N5v8/VwARDxFzaXPtzAAAAABJRU5ErkJggg=='),
	('Swirlix', 'diamond_1', 'pokemon', 'A1a', 39, 'https://assets.tcgdex.net/en/tcgp/A1a/039/high.jpg', 'data:image/png;base64,iVBORw0KGgoAAAANSUhEUgAAAAMAAAAECAIAAADETxJQAAAACXBIWXMAAAsTAAALEwEAmpwYAAAAM0lEQVR4nAEoANf/AM3CvsS1qGVHPgDay7n//9ofAAAA76/owHi31JDQAP/L/9mY0vvF+NgrGRt/w4YwAAAAAElFTkSuQmCC'),
	('Elgyem', 'diamond_1', 'pokemon', 'A1a', 34, 'https://assets.tcgdex.net/en/tcgp/A1a/034/high.jpg', 'data:image/png;base64,iVBORw0KGgoAAAANSUhEUgAAAAMAAAAECAIAAADETxJQAAAACXBIWXMAAAsTAAALEwEAmpwYAAAAMUlEQVR4nGPYce75hiPX/v3+z5DfWFG1YqqujTpDuFKQEYOGFoMGQ6lHqYege4VHGQCQQg/e6VLs5QAAAABJRU5ErkJggg=='),
	('Sigilyph', 'diamond_2', 'pokemon', 'A1a', 33, 'https://assets.tcgdex.net/en/tcgp/A1a/033/high.jpg', 'data:image/png;base64,iVBORw0KGgoAAAANSUhEUgAAAAMAAAAECAIAAADETxJQAAAACXBIWXMAAAsTAAALEwEAmpwYAAAAM0lEQVR4nAEoANf/ANTF1kJCRquZqgA7QFITGRIABx4A/8j/147S25XXAP/u/+2t5//p/225FfBE75D6AAAAAElFTkSuQmCC'),
	('Blue', 'star_2', 'trainer', 'A1a', 81, 'https://assets.tcgdex.net/en/tcgp/A1a/081/high.jpg', 'data:image/png;base64,iVBORw0KGgoAAAANSUhEUgAAAAMAAAAECAIAAADETxJQAAAACXBIWXMAAAsTAAALEwEAmpwYAAAAM0lEQVR4nAEoANf/AKvK4/f77bSvtAChu71gZ1aqxsYAjLPEDRkkvunnAAAGN3htd7a+p9r8FUrbzQ+5AAAAAElFTkSuQmCC'),
	('Salandit', 'star_1', 'pokemon', 'A1a', 71, 'https://assets.tcgdex.net/en/tcgp/A1a/071/high.jpg', 'data:image/png;base64,iVBORw0KGgoAAAANSUhEUgAAAAMAAAAECAIAAADETxJQAAAACXBIWXMAAAsTAAALEwEAmpwYAAAAMUlEQVR4nGP4/enLh5//d207ztCWmBBha7xl6kQGZVFJT3XZtTVxDAoyqmIMDFOq0wCiAxA7cieK0wAAAABJRU5ErkJggg=='),
	('Golem', 'diamond_3', 'pokemon', 'A1a', 45, 'https://assets.tcgdex.net/en/tcgp/A1a/045/high.jpg', 'data:image/png;base64,iVBORw0KGgoAAAANSUhEUgAAAAMAAAAECAIAAADETxJQAAAACXBIWXMAAAsTAAALEwEAmpwYAAAAM0lEQVR4nAEoANf/AMe7m11SGVNUEAAZAAAbDQBWTigA/8lK/+xp/644AP/Hbf+6Qe+vTh4/EQ7/sS88AAAAAElFTkSuQmCC'),
	('Purrloin', 'diamond_1', 'pokemon', 'A1a', 51, 'https://assets.tcgdex.net/en/tcgp/A1a/051/high.jpg', 'data:image/png;base64,iVBORw0KGgoAAAANSUhEUgAAAAMAAAAECAIAAADETxJQAAAACXBIWXMAAAsTAAALEwEAmpwYAAAAM0lEQVR4nAEoANf/AO///7S+3KHa4ACou5LUyr2SwIcAADMwABAKACQjAFB2dx9MTUBnZsAXEYbDZF0TAAAAAElFTkSuQmCC'),
	('Budding Expeditioner', 'diamond_2', 'trainer', 'A1a', 66, 'https://assets.tcgdex.net/en/tcgp/A1a/066/high.jpg', 'data:image/png;base64,iVBORw0KGgoAAAANSUhEUgAAAAMAAAAECAIAAADETxJQAAAACXBIWXMAAAsTAAALEwEAmpwYAAAAM0lEQVR4nAEoANf/AN3Yw6efiG97aQCVmmEjJQAAEgAA19LKz9bR0NjTAPbx7//57fnjzpYIF00sxa8cAAAAAElFTkSuQmCC'),
	('Roserade', 'diamond_2', 'pokemon', 'A2', 9, 'https://assets.tcgdex.net/en/tcgp/A2/009/high.jpg', 'data:image/png;base64,iVBORw0KGgoAAAANSUhEUgAAAAMAAAAECAIAAADETxJQAAAACXBIWXMAAAsTAAALEwEAmpwYAAAAM0lEQVR4nAEoANf/ALHFo4SldDxXGgATNA0AFgAAEQAAzO1dxOc61PZVAO3/l9L3c+j/jC00EiuKke6FAAAAAElFTkSuQmCC'),
	('Leafeon', 'diamond_3', 'pokemon', 'A2', 20, 'https://assets.tcgdex.net/en/tcgp/A2/020/high.jpg', 'data:image/png;base64,iVBORw0KGgoAAAANSUhEUgAAAAMAAAAECAIAAADETxJQAAAACXBIWXMAAAsTAAALEwEAmpwYAAAAM0lEQVR4nAEoANf/ADgtBsnWjZSdUQAaBgCThU00MwAAt9pL4P9Vud08AKG+VZq+OLvaXTEJER40Gv1pAAAAAElFTkSuQmCC'),
	('Chimchar', 'diamond_1', 'pokemon', 'A2', 27, 'https://assets.tcgdex.net/en/tcgp/A2/027/high.jpg', 'data:image/png;base64,iVBORw0KGgoAAAANSUhEUgAAAAMAAAAECAIAAADETxJQAAAACXBIWXMAAAsTAAALEwEAmpwYAAAAMUlEQVR4nGOYO6X2/6ctC7LtGIx0hee2ucoxMDCcj1XbYsmw2YaD4f/mjgdFTt/7MgBLxRCGg++r8wAAAABJRU5ErkJggg=='),
	('Turtwig', 'diamond_1', 'pokemon', 'A2', 10, 'https://assets.tcgdex.net/en/tcgp/A2/010/high.jpg', 'data:image/png;base64,iVBORw0KGgoAAAANSUhEUgAAAAMAAAAECAIAAADETxJQAAAACXBIWXMAAAsTAAALEwEAmpwYAAAAMUlEQVR4nGPwDtFl1GYU0mRgkDVlYJBkYFRjYDj/OeH6P/db/6MYXv2fsu9J3P3/zQDArw8Wju/eYgAAAABJRU5ErkJggg=='),
	('Monferno', 'diamond_2', 'pokemon', 'A2', 28, 'https://assets.tcgdex.net/en/tcgp/A2/028/high.jpg', 'data:image/png;base64,iVBORw0KGgoAAAANSUhEUgAAAAMAAAAECAIAAADETxJQAAAACXBIWXMAAAsTAAALEwEAmpwYAAAAM0lEQVR4nAEoANf/ANSykNCfaYFjPwBsVTK5n2McBQAA/5xl/4g9/5NYAP/fsv+sef/Gm3tLFKNM5WTnAAAAAElFTkSuQmCC'),
	('Piplup', 'diamond_1', 'pokemon', 'A2', 35, 'https://assets.tcgdex.net/en/tcgp/A2/035/high.jpg', 'data:image/png;base64,iVBORw0KGgoAAAANSUhEUgAAAAMAAAAECAIAAADETxJQAAAACXBIWXMAAAsTAAALEwEAmpwYAAAAM0lEQVR4nAEoANf/AAA6UwBZcwBabwAAZm0AGSkAS0gAnPP/kvD/lv3/AKf9/xugzIbh/wNtEfwP7IPaAAAAAElFTkSuQmCC'),
	('Heat Rotom', 'diamond_1', 'pokemon', 'A2', 30, 'https://assets.tcgdex.net/en/tcgp/A2/030/high.jpg', 'data:image/png;base64,iVBORw0KGgoAAAANSUhEUgAAAAMAAAAECAIAAADETxJQAAAACXBIWXMAAAsTAAALEwEAmpwYAAAAM0lEQVR4nAEoANf/ANWyo04xAIdhOABWRT8rAACtd1MA/41W4mYf+nhBAP/muv+jcP/AljgvEkhcE6cLAAAAAElFTkSuQmCC'),
	('Frost Rotom', 'diamond_1', 'pokemon', 'A2', 48, 'https://assets.tcgdex.net/en/tcgp/A2/048/high.jpg', 'data:image/png;base64,iVBORw0KGgoAAAANSUhEUgAAAAMAAAAECAIAAADETxJQAAAACXBIWXMAAAsTAAALEwEAmpwYAAAAM0lEQVR4nAEoANf/ANfs/0hGWoavzgCRwNslAABxm7wAku7/qv//kvf/ALL//2LN+aP7/8X/GOsOrjXMAAAAAElFTkSuQmCC'),
	('Buizel', 'diamond_1', 'pokemon', 'A2', 38, 'https://assets.tcgdex.net/en/tcgp/A2/038/high.jpg', 'data:image/png;base64,iVBORw0KGgoAAAANSUhEUgAAAAMAAAAECAIAAADETxJQAAAACXBIWXMAAAsTAAALEwEAmpwYAAAAM0lEQVR4nAEoANf/AHegmxdnWQAPEgAkS0BdjWQAIBYAmfX/qv//jPP/AJ30/1vJ9oji/y65E6SIT6/+AAAAAElFTkSuQmCC'),
	('Burmy', 'diamond_1', 'pokemon', 'A2', 15, 'https://assets.tcgdex.net/en/tcgp/A2/015/high.jpg', 'data:image/png;base64,iVBORw0KGgoAAAANSUhEUgAAAAMAAAAECAIAAADETxJQAAAACXBIWXMAAAsTAAALEwEAmpwYAAAAMUlEQVR4nGNwC3CXVGHVCZZnUDeyEePnZBBlYLjyK/ncR5sbvyMY3v6fevxN6qv/3QDZmw/6tNwvywAAAABJRU5ErkJggg=='),
	('Electabuzz', 'diamond_1', 'pokemon', 'A2', 56, 'https://assets.tcgdex.net/en/tcgp/A2/056/high.jpg', 'data:image/png;base64,iVBORw0KGgoAAAANSUhEUgAAAAMAAAAECAIAAADETxJQAAAACXBIWXMAAAsTAAALEwEAmpwYAAAAM0lEQVR4nAEoANf/ALuycKCQN0A7AABUTCVTQREUBAAA9NgW/+cl//w2AP/sPv7jIf/qLC/vEaA/mJiqAAAAAElFTkSuQmCC'),
	('Dusknoir', 'diamond_3', 'pokemon', 'A2', 72, 'https://assets.tcgdex.net/en/tcgp/A2/072/high.jpg', 'data:image/png;base64,iVBORw0KGgoAAAANSUhEUgAAAAMAAAAECAIAAADETxJQAAAACXBIWXMAAAsTAAALEwEAmpwYAAAAM0lEQVR4nAEoANf/AOfn9Pv59oeDkwB/jZmstJ0ABg4AtXmqzYK+rWyqAMCRxaFlm8KLt9YKFmOjzBCZAAAAAElFTkSuQmCC'),
	('Snover', 'diamond_1', 'pokemon', 'A2', 44, 'https://assets.tcgdex.net/en/tcgp/A2/044/high.jpg', 'data:image/png;base64,iVBORw0KGgoAAAANSUhEUgAAAAMAAAAECAIAAADETxJQAAAACXBIWXMAAAsTAAALEwEAmpwYAAAAM0lEQVR4nAEoANf/AHOTtImxztr7/wBzl7ILDA6tz9wARqjPPqHMULnoAGe/4wCPu0qs0bCCFUPVqkR/AAAAAElFTkSuQmCC'),
	('Rhydon', 'diamond_2', 'pokemon', 'A2', 81, 'https://assets.tcgdex.net/en/tcgp/A2/081/high.jpg', 'data:image/png;base64,iVBORw0KGgoAAAANSUhEUgAAAAMAAAAECAIAAADETxJQAAAACXBIWXMAAAsTAAALEwEAmpwYAAAAMUlEQVR4nGOoSLRvS7F9vjmPwU6RQYWHIdaYheHFctG95Qzt7gwM/1+03JwlfWW6LQAMLw6y/6o59wAAAABJRU5ErkJggg=='),
	('Pachirisu ex', 'star_2', 'pokemon', 'A2', 183, 'https://assets.tcgdex.net/en/tcgp/A2/183/high.jpg', 'data:image/png;base64,iVBORw0KGgoAAAANSUhEUgAAAAMAAAAECAIAAADETxJQAAAACXBIWXMAAAsTAAALEwEAmpwYAAAAMUlEQVR4nGMQkQtgCGtiCElj8HTPuPH//97D1xgsNVzaGyYz8DkxMDAYqJp5ckkaAgAIGgvw6LGB1AAAAABJRU5ErkJggg=='),
	('Gyarados ex', 'diamond_4', 'pokemon', 'A1a', 18, 'https://assets.tcgdex.net/en/tcgp/A1a/018/high.jpg', 'data:image/png;base64,iVBORw0KGgoAAAANSUhEUgAAAAMAAAAECAIAAADETxJQAAAACXBIWXMAAAsTAAALEwEAmpwYAAAAMUlEQVR4nGOILatmqJshmt7JcOr/f/XCPg4mSYbsE290Z+yzaV7MIFEzw6B2YuScdQBBzhCMBNkENgAAAABJRU5ErkJggg=='),
	('Flabébé', 'diamond_1', 'pokemon', 'A1a', 36, 'https://assets.tcgdex.net/en/tcgp/A1a/036/high.jpg', 'data:image/png;base64,iVBORw0KGgoAAAANSUhEUgAAAAMAAAAECAIAAADETxJQAAAACXBIWXMAAAsTAAALEwEAmpwYAAAAMUlEQVR4nGM4f+Xs67M757RWMvz/tXumn1yQlAhDjFq4NoOaDYMtQ7ZDjoewe55jDgB+2w8sv/A7yQAAAABJRU5ErkJggg=='),
	('Mankey', 'diamond_1', 'pokemon', 'A1a', 41, 'https://assets.tcgdex.net/en/tcgp/A1a/041/high.jpg', 'data:image/png;base64,iVBORw0KGgoAAAANSUhEUgAAAAMAAAAECAIAAADETxJQAAAACXBIWXMAAAsTAAALEwEAmpwYAAAAMUlEQVR4nGOoSotuTg1YUBfHIM7AI8MqUBjowfD/qu+7BYqPpwgz/P8y4f/FiP8XSwEi0hGYt3jwBwAAAABJRU5ErkJggg=='),
	('Raichu', 'diamond_3', 'pokemon', 'A1a', 26, 'https://assets.tcgdex.net/en/tcgp/A1a/026/high.jpg', 'data:image/png;base64,iVBORw0KGgoAAAANSUhEUgAAAAMAAAAECAIAAADETxJQAAAACXBIWXMAAAsTAAALEwEAmpwYAAAAMUlEQVR4nGMoyzItj2UI9WZgiPZkSDZjUGJiYPhwWeL/X5v/7wwZ7p1Sfn1W8PV1KQD8Cg+MCDEw4gAAAABJRU5ErkJggg=='),
	('Finneon', 'diamond_1', 'pokemon', 'A1a', 20, 'https://assets.tcgdex.net/en/tcgp/A1a/020/high.jpg', 'data:image/png;base64,iVBORw0KGgoAAAANSUhEUgAAAAMAAAAECAIAAADETxJQAAAACXBIWXMAAAsTAAALEwEAmpwYAAAAM0lEQVR4nAEoANf/AG2Php/N3s35/wAAEB8BMkdFfpkAacr6as//OavbAH7V+Qibx2XD64dqFISt/f11AAAAAElFTkSuQmCC'),
	('Mew ex', 'diamond_4', 'pokemon', 'A1a', 32, 'https://assets.tcgdex.net/en/tcgp/A1a/032/high.jpg', 'data:image/png;base64,iVBORw0KGgoAAAANSUhEUgAAAAMAAAAECAIAAADETxJQAAAACXBIWXMAAAsTAAALEwEAmpwYAAAAMUlEQVR4nGOY09f37tb1ZdXLGf7f//f/6f/GyGUMRgxmBgxqngy+DJqsRpYcOn4ajgCpgxA3/nVZJQAAAABJRU5ErkJggg=='),
	('Geodude', 'diamond_1', 'pokemon', 'A1a', 43, 'https://assets.tcgdex.net/en/tcgp/A1a/043/high.jpg', 'data:image/png;base64,iVBORw0KGgoAAAANSUhEUgAAAAMAAAAECAIAAADETxJQAAAACXBIWXMAAAsTAAALEwEAmpwYAAAAM0lEQVR4nAEoANf/AOfRqv/x1P7ZpQBJNR4gBgBVOiAA/7sz6JcQ4ZEGAP/ngf+7Qfa0WqFJFG4NzxaPAAAAAElFTkSuQmCC'),
	('Pidgeot ex', 'diamond_4', 'pokemon', 'A1a', 59, 'https://assets.tcgdex.net/en/tcgp/A1a/059/high.jpg', 'data:image/png;base64,iVBORw0KGgoAAAANSUhEUgAAAAMAAAAECAIAAADETxJQAAAACXBIWXMAAAsTAAALEwEAmpwYAAAAM0lEQVR4nAEoANf/ABEPAUEsHB0TAABqYjkbAABBNAQAwcC68u7o9vfyALu9wquil6igkNu5EEzxQoBuAAAAAElFTkSuQmCC'),
	('Druddigon', 'diamond_2', 'pokemon', 'A1a', 56, 'https://assets.tcgdex.net/en/tcgp/A1a/056/high.jpg', 'data:image/png;base64,iVBORw0KGgoAAAANSUhEUgAAAAMAAAAECAIAAADETxJQAAAACXBIWXMAAAsTAAALEwEAmpwYAAAAM0lEQVR4nAEoANf/AP/91Ug0JV5lTwBlXVIOAhIABg4Aup0w2r4ltZsaAPXfk9K7WdfAbDF8EM36QVN8AAAAAElFTkSuQmCC'),
	('Joltik', 'diamond_1', 'pokemon', 'A1a', 28, 'https://assets.tcgdex.net/en/tcgp/A1a/028/high.jpg', 'data:image/png;base64,iVBORw0KGgoAAAANSUhEUgAAAAMAAAAECAIAAADETxJQAAAACXBIWXMAAAsTAAALEwEAmpwYAAAAL0lEQVR4nGOYMzWsvpChpkSSISZCXY6XQZyLgeH/K63/b3T+/7Vi+P/ZHcT5YAYAISsReaxPKNQAAAAASUVORK5CYII='),
	('Tauros', 'diamond_3', 'pokemon', 'A1a', 60, 'https://assets.tcgdex.net/en/tcgp/A1a/060/high.jpg', 'data:image/png;base64,iVBORw0KGgoAAAANSUhEUgAAAAMAAAAECAIAAADETxJQAAAACXBIWXMAAAsTAAALEwEAmpwYAAAAM0lEQVR4nAEoANf/AFxMXE0/NF5QUQAiJjgAABAiJzAA1dTS////6+rnAMLBvc7HxNDKvRe0EvF4hENHAAAAAElFTkSuQmCC'),
	('Budding Expeditioner', 'star_2', 'trainer', 'A1a', 80, 'https://assets.tcgdex.net/en/tcgp/A1a/080/high.jpg', 'data:image/png;base64,iVBORw0KGgoAAAANSUhEUgAAAAMAAAAECAIAAADETxJQAAAACXBIWXMAAAsTAAALEwEAmpwYAAAAM0lEQVR4nAEoANf/AOXXv7uvmvf43gCOgFEnAAC0j2MAhY1PLDkANkEMAPL7udnSm5yfXJgRE0UoJSMwAAAAAElFTkSuQmCC'),
	('Gyarados ex', 'star_2', 'pokemon', 'A1a', 76, 'https://assets.tcgdex.net/en/tcgp/A1a/076/high.jpg', 'data:image/png;base64,iVBORw0KGgoAAAANSUhEUgAAAAMAAAAECAIAAADETxJQAAAACXBIWXMAAAsTAAALEwEAmpwYAAAAM0lEQVR4nAEoANf/AHByervH1Yw9RACOd3aWo6lNHhcAaEQ5//PBbGlcAB0AAuXUqN7dt2UVEluO+N0GAAAAAElFTkSuQmCC'),
	('Mew ex', 'crown', 'pokemon', 'A1a', 86, 'https://assets.tcgdex.net/en/tcgp/A1a/086/high.jpg', 'data:image/png;base64,iVBORw0KGgoAAAANSUhEUgAAAAMAAAAECAIAAADETxJQAAAACXBIWXMAAAsTAAALEwEAmpwYAAAAMUlEQVR4nGNYMkPu/8czV/fWMJxcWfzt/t2kYCaG7mLTJGedYBsGBl05Bg0uBlNNBgCNEA7hjxzIgAAAAABJRU5ErkJggg=='),
	('Stonjourner', 'diamond_2', 'pokemon', 'A1a', 48, 'https://assets.tcgdex.net/en/tcgp/A1a/048/high.jpg', 'data:image/png;base64,iVBORw0KGgoAAAANSUhEUgAAAAMAAAAECAIAAADETxJQAAAACXBIWXMAAAsTAAALEwEAmpwYAAAAM0lEQVR4nAEoANf/AP31wJqPZvPhmwBqaUkFBgBOVS8A56IV04gAtGwAAP/mgPWyOO6tU4HNEvX7J+QWAAAAAElFTkSuQmCC'),
	('Celebi ex', 'star_3', 'pokemon', 'A1a', 85, 'https://assets.tcgdex.net/en/tcgp/A1a/085/high.jpg', 'data:image/png;base64,iVBORw0KGgoAAAANSUhEUgAAAAMAAAAECAIAAADETxJQAAAACXBIWXMAAAsTAAALEwEAmpwYAAAAMUlEQVR4nGMICDRqq7PycpZimNDh/f//glPbcxjUlRiOHC01N2Jl4BNgyMhQV5NlAAAjsQy0Ok+DTQAAAABJRU5ErkJggg=='),
	('Eevee', 'diamond_1', 'pokemon', 'A1a', 61, 'https://assets.tcgdex.net/en/tcgp/A1a/061/high.jpg', 'data:image/png;base64,iVBORw0KGgoAAAANSUhEUgAAAAMAAAAECAIAAADETxJQAAAACXBIWXMAAAsTAAALEwEAmpwYAAAAM0lEQVR4nAEoANf/AHV1aIyCb5igkgBPTz8jAABSTDoA+fnz//38/PbyAPX27vbz8P348HyqF8rPKYQGAAAAAElFTkSuQmCC'),
	('Aerodactyl ex', 'star_2', 'pokemon', 'A1a', 84, 'https://assets.tcgdex.net/en/tcgp/A1a/084/high.jpg', 'data:image/png;base64,iVBORw0KGgoAAAANSUhEUgAAAAMAAAAECAIAAADETxJQAAAACXBIWXMAAAsTAAALEwEAmpwYAAAAMUlEQVR4nGN4cmL1/1uLjxa0M/z/tv5Sb+yhGfEMze5WugwModZMDOaeJh7WDFPzQwCsuRD7CAU4OQAAAABJRU5ErkJggg=='),
	('Mythical Slab', 'diamond_2', 'trainer', 'A1a', 65, 'https://assets.tcgdex.net/en/tcgp/A1a/065/high.jpg', 'data:image/png;base64,iVBORw0KGgoAAAANSUhEUgAAAAMAAAAECAIAAADETxJQAAAACXBIWXMAAAsTAAALEwEAmpwYAAAAM0lEQVR4nAEoANf/AHeLqoiRo5KbsABBVYUFABtraJoA5Obx//f97u79AOry9eLy+sPg6qFjGKEtGsUfAAAAAElFTkSuQmCC'),
	('Serperior', 'star_1', 'pokemon', 'A1a', 70, 'https://assets.tcgdex.net/en/tcgp/A1a/070/high.jpg', 'data:image/png;base64,iVBORw0KGgoAAAANSUhEUgAAAAMAAAAECAIAAADETxJQAAAACXBIWXMAAAsTAAALEwEAmpwYAAAAMElEQVR4nGP4/+9NUpSrl6suw9JZ9apqDO7WKgxejgbCggw8ogwMReXZsspSohoaAA60CmleZEOHAAAAAElFTkSuQmCC'),
	('Old Amber', 'diamond_1', 'trainer', 'A1a', 63, 'https://assets.tcgdex.net/en/tcgp/A1a/063/high.jpg', 'data:image/png;base64,iVBORw0KGgoAAAANSUhEUgAAAAMAAAAECAIAAADETxJQAAAACXBIWXMAAAsTAAALEwEAmpwYAAAAM0lEQVR4nAEoANf/AF59i5mZeYuehgAAP1wfBQBUiXwAzdvk6e7z5/b/AOrv8ur6/8Tc6nqqF0NrPyvdAAAAAElFTkSuQmCC'),
	('Exeggutor', 'star_1', 'pokemon', 'A1a', 69, 'https://assets.tcgdex.net/en/tcgp/A1a/069/high.jpg', 'data:image/png;base64,iVBORw0KGgoAAAANSUhEUgAAAAMAAAAECAIAAADETxJQAAAACXBIWXMAAAsTAAALEwEAmpwYAAAAM0lEQVR4nAEoANf/AP7d0JJoQtC2dwAnCgBNLAA5FwAAtppyNxgAOw4AAP/41djFlpuTgDenD+ZmAdtuAAAAAElFTkSuQmCC'),
	('Slurpuff', 'diamond_1', 'pokemon', 'A1a', 40, 'https://assets.tcgdex.net/en/tcgp/A1a/040/high.jpg', 'data:image/png;base64,iVBORw0KGgoAAAANSUhEUgAAAAMAAAAECAIAAADETxJQAAAACXBIWXMAAAsTAAALEwEAmpwYAAAAMUlEQVR4nGO4dPXspfU7K0qyGZJLI/+/ecHAxcDQ6t/gz+cVJBrIMCFpQoxqZE9MFwB88xCVllVhjAAAAABJRU5ErkJggg=='),
	('Leaf', 'diamond_2', 'trainer', 'A1a', 68, 'https://assets.tcgdex.net/en/tcgp/A1a/068/high.jpg', 'data:image/png;base64,iVBORw0KGgoAAAANSUhEUgAAAAMAAAAECAIAAADETxJQAAAACXBIWXMAAAsTAAALEwEAmpwYAAAAM0lEQVR4nAEoANf/AKOnqqSnsq+yvAA7ZEkABwBdfVkA2+LT6uvf5/LgAPbv7v/47fLcyanaGHzEf0GYAAAAAElFTkSuQmCC'),
	('Pidgeotto', 'diamond_1', 'pokemon', 'A1a', 58, 'https://assets.tcgdex.net/en/tcgp/A1a/058/high.jpg', 'data:image/png;base64,iVBORw0KGgoAAAANSUhEUgAAAAMAAAAECAIAAADETxJQAAAACXBIWXMAAAsTAAALEwEAmpwYAAAAM0lEQVR4nAEoANf/AFRqPzk8HnKRmwAGGgAUCgBFdmYA8e3q+Pbz//3yAPX26/Xw7/Lt5jfcFZSgDawZAAAAAElFTkSuQmCC'),
	('Whirlipede', 'diamond_1', 'pokemon', 'A1a', 54, 'https://assets.tcgdex.net/en/tcgp/A1a/054/high.jpg', 'data:image/png;base64,iVBORw0KGgoAAAANSUhEUgAAAAMAAAAECAIAAADETxJQAAAACXBIWXMAAAsTAAALEwEAmpwYAAAAMUlEQVR4nGNYdeBUTmXTk///GWyyyg1svCes38fAoKfPICTIICHO4JGTI2hvbxYTDQBU2g2anioAfQAAAABJRU5ErkJggg=='),
	('Pidgeot ex', 'star_2', 'pokemon', 'A1a', 79, 'https://assets.tcgdex.net/en/tcgp/A1a/079/high.jpg', 'data:image/png;base64,iVBORw0KGgoAAAANSUhEUgAAAAMAAAAECAIAAADETxJQAAAACXBIWXMAAAsTAAALEwEAmpwYAAAAMUlEQVR4nGMoii1ISOieMnUmQ2NM8OkFNf9/H2aobml7cqCbg8GcgUHaxtUjzMk6HABqRRAiVcun7AAAAABJRU5ErkJggg=='),
	('Bellossom', 'diamond_2', 'pokemon', 'A2', 3, 'https://assets.tcgdex.net/en/tcgp/A2/003/high.jpg', 'data:image/png;base64,iVBORw0KGgoAAAANSUhEUgAAAAMAAAAECAIAAADETxJQAAAACXBIWXMAAAsTAAALEwEAmpwYAAAAMUlEQVR4nGNwCJVXEWGIruFnsIpjYlBlkPRnYNj7wHvzXeVdj2wYHv/v33Qt8PX/HgDTwQ8tFXwNVgAAAABJRU5ErkJggg=='),
	('Oddish', 'diamond_1', 'pokemon', 'A2', 1, 'https://assets.tcgdex.net/en/tcgp/A2/001/high.jpg', 'data:image/png;base64,iVBORw0KGgoAAAANSUhEUgAAAAMAAAAECAIAAADETxJQAAAACXBIWXMAAAsTAAALEwEAmpwYAAAAMUlEQVR4nGMwcTTn1pF1j7BiYPDQZOBjZXdXZ7jwM+H6d5db/6MZ3v2fdv5L3sv/PQDfKBBql4EejAAAAABJRU5ErkJggg=='),
	('Shinx', 'star_1', 'pokemon', 'A2', 163, 'https://assets.tcgdex.net/en/tcgp/A2/163/high.jpg', 'data:image/png;base64,iVBORw0KGgoAAAANSUhEUgAAAAMAAAAECAIAAADETxJQAAAACXBIWXMAAAsTAAALEwEAmpwYAAAAMUlEQVR4nGP4/2vR/38b5y6OYvh3JObtu9V12bYM83LdexL05BgYGLwDU9wUJDWZGAC/ixDim4aosgAAAABJRU5ErkJggg=='),
	('Slugma', 'diamond_1', 'pokemon', 'A2', 25, 'https://assets.tcgdex.net/en/tcgp/A2/025/high.jpg', 'data:image/png;base64,iVBORw0KGgoAAAANSUhEUgAAAAMAAAAECAIAAADETxJQAAAACXBIWXMAAAsTAAALEwEAmpwYAAAAM0lEQVR4nAEoANf/AHlGJt9+HL5sNwBVAACyKAA6AAAA/7h8/5dN/5RdAP/nu/+4g//Qoyt0EnzS8I1rAAAAAElFTkSuQmCC'),
	('Mow Rotom', 'diamond_1', 'pokemon', 'A2', 21, 'https://assets.tcgdex.net/en/tcgp/A2/021/high.jpg', 'data:image/png;base64,iVBORw0KGgoAAAANSUhEUgAAAAMAAAAECAIAAADETxJQAAAACXBIWXMAAAsTAAALEwEAmpwYAAAAM0lEQVR4nAEoANf/AF14UkxcKqfAiQAVIwADBQB9kVgAveBQr9gjw+dGAOX/kb7iX+X/iCTMEfdgxavWAAAAAElFTkSuQmCC'),
	('Infernape ex', 'diamond_4', 'pokemon', 'A2', 29, 'https://assets.tcgdex.net/en/tcgp/A2/029/high.jpg', 'data:image/png;base64,iVBORw0KGgoAAAANSUhEUgAAAAMAAAAECAIAAADETxJQAAAACXBIWXMAAAsTAAALEwEAmpwYAAAAMUlEQVR4nGP4//7Ai1VpF/tcGY7MD1vc4OQrxcAQzMDQysywyIiB4f/W5FPFTkeLPQBz2xCVivT2pAAAAABJRU5ErkJggg=='),
	('Abomasnow', 'diamond_2', 'pokemon', 'A2', 45, 'https://assets.tcgdex.net/en/tcgp/A2/045/high.jpg', 'data:image/png;base64,iVBORw0KGgoAAAANSUhEUgAAAAMAAAAECAIAAADETxJQAAAACXBIWXMAAAsTAAALEwEAmpwYAAAAMUlEQVR4nGNgEFNl4FdhkNZnOP3828mr95Jr+xhUezcxRDUxOGYwMJTPYNDwYQgtBwD3igyDVjUwngAAAABJRU5ErkJggg=='),
	('Magcargo', 'diamond_2', 'pokemon', 'A2', 26, 'https://assets.tcgdex.net/en/tcgp/A2/026/high.jpg', 'data:image/png;base64,iVBORw0KGgoAAAANSUhEUgAAAAMAAAAECAIAAADETxJQAAAACXBIWXMAAAsTAAALEwEAmpwYAAAAM0lEQVR4nAEoANf/APfIpKxjNv+0hQDjlGFEAABWJRcA/61z/4Q7/4RMAP/mvP+xff/NoZVdFXbd3A4aAAAAAElFTkSuQmCC'),
	('Wash Rotom', 'diamond_1', 'pokemon', 'A2', 47, 'https://assets.tcgdex.net/en/tcgp/A2/047/high.jpg', 'data:image/png;base64,iVBORw0KGgoAAAANSUhEUgAAAAMAAAAECAIAAADETxJQAAAACXBIWXMAAAsTAAALEwEAmpwYAAAAM0lEQVR4nAEoANf/AOD++0FcX1RncADP7dlWTTUAChcAdNH7etv/W8X1AIDX/Dqy3mnG7pUHFXK2LLviAAAAAElFTkSuQmCC'),
	('Magnezone', 'diamond_3', 'pokemon', 'A2', 53, 'https://assets.tcgdex.net/en/tcgp/A2/053/high.jpg', 'data:image/png;base64,iVBORw0KGgoAAAANSUhEUgAAAAMAAAAECAIAAADETxJQAAAACXBIWXMAAAsTAAALEwEAmpwYAAAAMUlEQVR4nGNIibQtK/RtLTVjUONnkGAQ8DJWZvh+S/7/f6f/n8wYbhwReXKC8eFZdgAKdQ/FVGNApQAAAABJRU5ErkJggg=='),
	('Garchomp', 'star_1', 'pokemon', 'A2', 175, 'https://assets.tcgdex.net/en/tcgp/A2/175/high.jpg', 'data:image/png;base64,iVBORw0KGgoAAAANSUhEUgAAAAMAAAAECAIAAADETxJQAAAACXBIWXMAAAsTAAALEwEAmpwYAAAAM0lEQVR4nAEoANf/AP/2996+sP/22gA0HReQcm5pTUgAbVNMc09CGgQAALiyrambi6OdlqDvEsjfXRooAAAAAElFTkSuQmCC'),
	('Magnemite', 'diamond_1', 'pokemon', 'A2', 51, 'https://assets.tcgdex.net/en/tcgp/A2/051/high.jpg', 'data:image/png;base64,iVBORw0KGgoAAAANSUhEUgAAAAMAAAAECAIAAADETxJQAAAACXBIWXMAAAsTAAALEwEAmpwYAAAAMUlEQVR4nGPwyfJhFmCwy3VlEApUY5CXMC9IYXh7jeH/N73/HzUZPt/Te3qK4cUVBgDr7Q86XieTdQAAAABJRU5ErkJggg=='),
	('Mesprit', 'diamond_3', 'pokemon', 'A2', 76, 'https://assets.tcgdex.net/en/tcgp/A2/076/high.jpg', 'data:image/png;base64,iVBORw0KGgoAAAANSUhEUgAAAAMAAAAECAIAAADETxJQAAAACXBIWXMAAAsTAAALEwEAmpwYAAAAM0lEQVR4nAEoANf/AHZfh6J7qoFkjwBKMmBOKFYXAC8A/93//8n/6qboAO+98tqZ0f7I9XKxFj3yNNUxAAAAAElFTkSuQmCC'),
	('Gallade ex', 'star_2', 'pokemon', 'A2', 185, 'https://assets.tcgdex.net/en/tcgp/A2/185/high.jpg', 'data:image/png;base64,iVBORw0KGgoAAAANSUhEUgAAAAMAAAAECAIAAADETxJQAAAACXBIWXMAAAsTAAALEwEAmpwYAAAAM0lEQVR4nAEoANf/AP/pqf/5o2tpPACDbRz/7LFZVRUA99Ox7tPRLQAAANLLy4eBdlpINcKXFJ+5wNqFAAAAAElFTkSuQmCC'),
	('Regirock', 'diamond_2', 'pokemon', 'A2', 87, 'https://assets.tcgdex.net/en/tcgp/A2/087/high.jpg', 'data:image/png;base64,iVBORw0KGgoAAAANSUhEUgAAAAMAAAAECAIAAADETxJQAAAACXBIWXMAAAsTAAALEwEAmpwYAAAAM0lEQVR4nAEoANf/AKqPacWXccWkdwB5Yk4ZAAKQd18A6KUoxX4A2o0AAP/yi//CSfu6X2VdEvN1VUqJAAAAAElFTkSuQmCC'),
	('Volkner', 'star_2', 'trainer', 'A2', 193, 'https://assets.tcgdex.net/en/tcgp/A2/193/high.jpg', 'data:image/png;base64,iVBORw0KGgoAAAANSUhEUgAAAAMAAAAECAIAAADETxJQAAAACXBIWXMAAAsTAAALEwEAmpwYAAAAM0lEQVR4nAEoANf/AL2yjN374/D/+wCWkGRFcXyt1OIAlLW2AAA1ADVoAJWzslFdUIB2XcrFE9xXMaNiAAAAAElFTkSuQmCC'),
	('Mars', 'star_2', 'trainer', 'A2', 195, 'https://assets.tcgdex.net/en/tcgp/A2/195/high.jpg', 'data:image/png;base64,iVBORw0KGgoAAAANSUhEUgAAAAMAAAAECAIAAADETxJQAAAACXBIWXMAAAsTAAALEwEAmpwYAAAAMUlEQVR4nGOYVtNzu7dtVvsEBh0GhUQGCQsmaYZCv9QtizeXWkYzzO2Z/v/Hq0mZ8QAytxCKqri4NAAAAABJRU5ErkJggg=='),
	('Wormadam', 'diamond_1', 'pokemon', 'A2', 90, 'https://assets.tcgdex.net/en/tcgp/A2/090/high.jpg', 'data:image/png;base64,iVBORw0KGgoAAAANSUhEUgAAAAMAAAAECAIAAADETxJQAAAACXBIWXMAAAsTAAALEwEAmpwYAAAAMUlEQVR4nGP4/upIRLCJvQUfw/+Pu68cqBFnYGBYX8kwM5KhypaB4exs8wWZDPMzOQBYsQ9lih2Z3QAAAABJRU5ErkJggg=='),
	('Riolu', 'diamond_1', 'pokemon', 'A2', 91, 'https://assets.tcgdex.net/en/tcgp/A2/091/high.jpg', 'data:image/png;base64,iVBORw0KGgoAAAANSUhEUgAAAAMAAAAECAIAAADETxJQAAAACXBIWXMAAAsTAAALEwEAmpwYAAAAMUlEQVR4nGP4//WpgoJ6fWE0Q6yXDyuPfJijDcOdOcw/lkgtiWdg+H+v6vlyrefLfQA5QBCf6qLFsgAAAABJRU5ErkJggg=='),
	('Mismagius ex', 'diamond_4', 'pokemon', 'A2', 67, 'https://assets.tcgdex.net/en/tcgp/A2/067/high.jpg', 'data:image/png;base64,iVBORw0KGgoAAAANSUhEUgAAAAMAAAAECAIAAADETxJQAAAACXBIWXMAAAsTAAALEwEAmpwYAAAAM0lEQVR4nAEoANf/AJJslolXm8l29wAlADcfADrbhd4A/MD27Jvax321ANKPy//O8//p/4trFxgNsQBXAAAAAElFTkSuQmCC'),
	('Palkia ex', 'star_3', 'pokemon', 'A2', 204, 'https://assets.tcgdex.net/en/tcgp/A2/204/high.jpg', 'data:image/png;base64,iVBORw0KGgoAAAANSUhEUgAAAAMAAAAECAIAAADETxJQAAAACXBIWXMAAAsTAAALEwEAmpwYAAAAMUlEQVR4nGPo7uvdtGntl9//GNzcXE8cPXH+3FkGBjYeQwNjPX0DBlVNNQd7AydbTQCEDg8zjZuaPwAAAABJRU5ErkJggg=='),
	('Weavile ex', 'diamond_4', 'pokemon', 'A2', 99, 'https://assets.tcgdex.net/en/tcgp/A2/099/high.jpg', 'data:image/png;base64,iVBORw0KGgoAAAANSUhEUgAAAAMAAAAECAIAAADETxJQAAAACXBIWXMAAAsTAAALEwEAmpwYAAAAM0lEQVR4nAEoANf/ANHZ5OG7vf/w+ACHfJKDS2XxxekAGDZMABATABImAEhhcWmKfYybnbbIEnmHkLxsAAAAAElFTkSuQmCC'),
	('Drapion', 'diamond_2', 'pokemon', 'A2', 106, 'https://assets.tcgdex.net/en/tcgp/A2/106/high.jpg', 'data:image/png;base64,iVBORw0KGgoAAAANSUhEUgAAAAMAAAAECAIAAADETxJQAAAACXBIWXMAAAsTAAALEwEAmpwYAAAAMUlEQVR4nGP49uN/U2Ht0xefGfZuOZrpFrthSisDm7U1Az8vg7gIQ0RtrbS7m0NaGgCUsA/yTiYEcQAAAABJRU5ErkJggg=='),
	('Vaporeon', 'star_1', 'pokemon', 'A1a', 72, 'https://assets.tcgdex.net/en/tcgp/A1a/072/high.jpg', 'data:image/png;base64,iVBORw0KGgoAAAANSUhEUgAAAAMAAAAECAIAAADETxJQAAAACXBIWXMAAAsTAAALEwEAmpwYAAAAM0lEQVR4nAEoANf/ACdIcAA8fAASSwAAOXJEhKap6v8ArMjNmri6zfTsAK7FrHyPgI6ejTX/Ev2OLG4PAAAAAElFTkSuQmCC'),
	('Yanmega ex', 'diamond_4', 'pokemon', 'A2', 7, 'https://assets.tcgdex.net/en/tcgp/A2/007/high.jpg', 'data:image/png;base64,iVBORw0KGgoAAAANSUhEUgAAAAMAAAAECAIAAADETxJQAAAACXBIWXMAAAsTAAALEwEAmpwYAAAAM0lEQVR4nAEoANf/AIJ1Z1ZNJUdANwCjk6ciAwAhDQgAzPBpsNAov+VFAKzFWtfzgun/rRvnEX9FqTOwAAAAAElFTkSuQmCC'),
	('Tangela', 'diamond_1', 'pokemon', 'A2', 4, 'https://assets.tcgdex.net/en/tcgp/A2/004/high.jpg', 'data:image/png;base64,iVBORw0KGgoAAAANSUhEUgAAAAMAAAAECAIAAADETxJQAAAACXBIWXMAAAsTAAALEwEAmpwYAAAAM0lEQVR4nAEoANf/AJ6icmhxTD5ECQA/SCACBAAbHwAAxOtV1flC0PVOAOr/lLTYVuL/hhNxETcWvgqwAAAAAElFTkSuQmCC'),
	('Gastrodon', 'star_1', 'pokemon', 'A2', 161, 'https://assets.tcgdex.net/en/tcgp/A2/161/high.jpg', 'data:image/png;base64,iVBORw0KGgoAAAANSUhEUgAAAAMAAAAECAIAAADETxJQAAAACXBIWXMAAAsTAAALEwEAmpwYAAAAMUlEQVR4nGN4//H/mtu/04t6GAItg9XDk1UcAxm8PIIYOKQZRJUY5s1eXlbWWFFcBgBbxg8nVgseggAAAABJRU5ErkJggg=='),
	('Mesprit', 'star_1', 'pokemon', 'A2', 166, 'https://assets.tcgdex.net/en/tcgp/A2/166/high.jpg', 'data:image/png;base64,iVBORw0KGgoAAAANSUhEUgAAAAMAAAAECAIAAADETxJQAAAACXBIWXMAAAsTAAALEwEAmpwYAAAAM0lEQVR4nAEoANf/AKCq0gAWVgAgUAAnkq4lU3s0aoMA4NGg//HA9tayAFdRZO3n3DRGYEr9Eol+NRUxAAAAAElFTkSuQmCC'),
	('Grotle', 'diamond_2', 'pokemon', 'A2', 11, 'https://assets.tcgdex.net/en/tcgp/A2/011/high.jpg', 'data:image/png;base64,iVBORw0KGgoAAAANSUhEUgAAAAMAAAAECAIAAADETxJQAAAACXBIWXMAAAsTAAALEwEAmpwYAAAAM0lEQVR4nAEoANf/AE1qOQAfAOb/yABwlRoIGQAvUDcAp8o1pMoAmL8gANHugKLIQ8/vcRaCEFmc9jCzAAAAAElFTkSuQmCC'),
	('Cresselia', 'star_1', 'pokemon', 'A2', 168, 'https://assets.tcgdex.net/en/tcgp/A2/168/high.jpg', 'data:image/png;base64,iVBORw0KGgoAAAANSUhEUgAAAAMAAAAECAIAAADETxJQAAAACXBIWXMAAAsTAAALEwEAmpwYAAAAM0lEQVR4nAEoANf/AKnC7VhkkiU0WQDk/f+6yeqXotEAmqnNma3UtcruAAAONAAOPAs3YrsZE3cscHUBAAAAAElFTkSuQmCC'),
	('Prinplup', 'diamond_2', 'pokemon', 'A2', 36, 'https://assets.tcgdex.net/en/tcgp/A2/036/high.jpg', 'data:image/png;base64,iVBORw0KGgoAAAANSUhEUgAAAAMAAAAECAIAAADETxJQAAAACXBIWXMAAAsTAAALEwEAmpwYAAAAM0lEQVR4nAEoANf/AEt6kAAZODV+oQBGhZ8Yc4/F//8ALpC2QaLNAISwADGTtABokQKFqjfAEDwttMXUAAAAAElFTkSuQmCC'),
	('Gastrodon', 'diamond_2', 'pokemon', 'A2', 41, 'https://assets.tcgdex.net/en/tcgp/A2/041/high.jpg', 'data:image/png;base64,iVBORw0KGgoAAAANSUhEUgAAAAMAAAAECAIAAADETxJQAAAACXBIWXMAAAsTAAALEwEAmpwYAAAAM0lEQVR4nAEoANf/AJ/F1kRpcHatsgA4W2gADwAzbGcApfz/n/f/lfL/ALb//4v0/6r//4JJFtLjE9gMAAAAAElFTkSuQmCC'),
	('Voltorb', 'diamond_1', 'pokemon', 'A2', 54, 'https://assets.tcgdex.net/en/tcgp/A2/054/high.jpg', 'data:image/png;base64,iVBORw0KGgoAAAANSUhEUgAAAAMAAAAECAIAAADETxJQAAAACXBIWXMAAAsTAAALEwEAmpwYAAAAMUlEQVR4nGOI9jcQ5GJQspFiWDM5RpKJwVKPn+H/O+M/D5T//3dk+P8/6P874///PQDzKxCukjWT7gAAAABJRU5ErkJggg=='),
	('Luxio', 'diamond_2', 'pokemon', 'A2', 59, 'https://assets.tcgdex.net/en/tcgp/A2/059/high.jpg', 'data:image/png;base64,iVBORw0KGgoAAAANSUhEUgAAAAMAAAAECAIAAADETxJQAAAACXBIWXMAAAsTAAALEwEAmpwYAAAAM0lEQVR4nAEoANf/AKCkhJKVXaOnbABGRSUACQA4OBYA/+4w//s8//9AAP/4Tf/pK//1PFe4E1p/a+POAAAAAElFTkSuQmCC'),
	('Rotom', 'diamond_1', 'pokemon', 'A2', 62, 'https://assets.tcgdex.net/en/tcgp/A2/062/high.jpg', 'data:image/png;base64,iVBORw0KGgoAAAANSUhEUgAAAAMAAAAECAIAAADETxJQAAAACXBIWXMAAAsTAAALEwEAmpwYAAAAMUlEQVR4nGMISLBMTzOJT9Zi0DYUF2BgCCuLZ/j/1ujPI9X/v20Z/v8N/P9S9/8vJwAQpxF6d9X5sQAAAABJRU5ErkJggg=='),
	('Staraptor', 'star_1', 'pokemon', 'A2', 176, 'https://assets.tcgdex.net/en/tcgp/A2/176/high.jpg', 'data:image/png;base64,iVBORw0KGgoAAAANSUhEUgAAAAMAAAAECAIAAADETxJQAAAACXBIWXMAAAsTAAALEwEAmpwYAAAAM0lEQVR4nAEoANf/AOD7/6PC1qitsABqlKVQXVpJUl4AXF9VAAsWAFZ/ALbJy4mfo1J7kZOLEjcwC7seAAAAAElFTkSuQmCC'),
	('Weavile ex', 'star_2', 'pokemon', 'A2', 186, 'https://assets.tcgdex.net/en/tcgp/A2/186/high.jpg', 'data:image/png;base64,iVBORw0KGgoAAAANSUhEUgAAAAMAAAAECAIAAADETxJQAAAACXBIWXMAAAsTAAALEwEAmpwYAAAAMUlEQVR4nGNYXdzXqGRpyCDH8KjvRIqDX4V7FsP/N/8zIpP2lu1lKFIP37Js2f9P/wFMARMI7FNCnAAAAABJRU5ErkJggg=='),
	('Croagunk', 'star_1', 'pokemon', 'A2', 173, 'https://assets.tcgdex.net/en/tcgp/A2/173/high.jpg', 'data:image/png;base64,iVBORw0KGgoAAAANSUhEUgAAAAMAAAAECAIAAADETxJQAAAACXBIWXMAAAsTAAALEwEAmpwYAAAAMUlEQVR4nGP4//P/scUXvt79zxDsmqOqGVOSMZmhs32Rgl4MA4M1A4NCEIOgGY9+PACU1w8J/Tsl7AAAAABJRU5ErkJggg=='),
	('Ralts', 'diamond_1', 'pokemon', 'A2', 68, 'https://assets.tcgdex.net/en/tcgp/A2/068/high.jpg', 'data:image/png;base64,iVBORw0KGgoAAAANSUhEUgAAAAMAAAAECAIAAADETxJQAAAACXBIWXMAAAsTAAALEwEAmpwYAAAAMUlEQVR4nGOYku9QGa9QGarF8Gp7wP9vc66ucmbwkvDUYtDVYzBkCNUON2QwDNMMAwAwpQznKRzsQQAAAABJRU5ErkJggg=='),
	('Cranidos', 'diamond_2', 'pokemon', 'A2', 88, 'https://assets.tcgdex.net/en/tcgp/A2/088/high.jpg', 'data:image/png;base64,iVBORw0KGgoAAAANSUhEUgAAAAMAAAAECAIAAADETxJQAAAACXBIWXMAAAsTAAALEwEAmpwYAAAAM0lEQVR4nAEoANf/APHLn+rPm66FRACOcFQUCQAzHAMA/85H/a0v/68yAP/zjf/SWP/Mb4lLFJexoem4AAAAAElFTkSuQmCC'),
	('Rhyperior', 'diamond_3', 'pokemon', 'A2', 82, 'https://assets.tcgdex.net/en/tcgp/A2/082/high.jpg', 'data:image/png;base64,iVBORw0KGgoAAAANSUhEUgAAAAMAAAAECAIAAADETxJQAAAACXBIWXMAAAsTAAALEwEAmpwYAAAAM0lEQVR4nAEoANf/APrn1DoiAFxJKAD/79IiCQCFdlYA+bQz/+hkyoAAAOqxVdiVEK91EG2hEjHNSu4iAAAAAElFTkSuQmCC'),
	('Pachirisu ex', 'diamond_4', 'pokemon', 'A2', 61, 'https://assets.tcgdex.net/en/tcgp/A2/061/high.jpg', 'data:image/png;base64,iVBORw0KGgoAAAANSUhEUgAAAAMAAAAECAIAAADETxJQAAAACXBIWXMAAAsTAAALEwEAmpwYAAAAM0lEQVR4nAEoANf/AJ+ull2ATkl1TwA/U14AESkAESAA4MUE4MUEzb0AAMq7R8WuAP/9hB5cEBLi4kYSAAAAAElFTkSuQmCC'),
	('Yanmega ex', 'star_2', 'pokemon', 'A2', 196, 'https://assets.tcgdex.net/en/tcgp/A2/196/high.jpg', 'data:image/png;base64,iVBORw0KGgoAAAANSUhEUgAAAAMAAAAECAIAAADETxJQAAAACXBIWXMAAAsTAAALEwEAmpwYAAAAMUlEQVR4nGOYU1ZlzMWgyyDD8H9G2WxJ/gwGBoYt3r7/n8/+M8OJwcLT8dG+0LvrqgAM/g+q9mBaMQAAAABJRU5ErkJggg=='),
	('Weavile ex', 'star_2', 'pokemon', 'A2', 201, 'https://assets.tcgdex.net/en/tcgp/A2/201/high.jpg', 'data:image/png;base64,iVBORw0KGgoAAAANSUhEUgAAAAMAAAAECAIAAADETxJQAAAACXBIWXMAAAsTAAALEwEAmpwYAAAAMUlEQVR4nGPQl1MVYWAzEA5jkBETn9A529IvhuHBqXv/f/+OSE1iyJu9dP6S2mhfHwDtCg8ESWD90QAAAABJRU5ErkJggg=='),
	('Gallade ex', 'star_2', 'pokemon', 'A2', 200, 'https://assets.tcgdex.net/en/tcgp/A2/200/high.jpg', 'data:image/png;base64,iVBORw0KGgoAAAANSUhEUgAAAAMAAAAECAIAAADETxJQAAAACXBIWXMAAAsTAAALEwEAmpwYAAAAM0lEQVR4nAEoANf/ANj//4rEp9C95QCT6+SPsp6+7+oAAAEtADE4c6WOAAA4SCU0HIR+ds4BEsCfrEswAAAAAElFTkSuQmCC'),
	('Lucario', 'diamond_3', 'pokemon', 'A2', 92, 'https://assets.tcgdex.net/en/tcgp/A2/092/high.jpg', 'data:image/png;base64,iVBORw0KGgoAAAANSUhEUgAAAAMAAAAECAIAAADETxJQAAAACXBIWXMAAAsTAAALEwEAmpwYAAAAM0lEQVR4nAEoANf/ALarpzM6OXdrTwC3u858ob4SCAkA/7g7/+Vi9qMsAPvBZPSuM+anR3bME+T4b2pxAAAAAElFTkSuQmCC'),
	('Palkia ex', 'crown', 'pokemon', 'A2', 206, 'https://assets.tcgdex.net/en/tcgp/A2/206/high.jpg', 'data:image/png;base64,iVBORw0KGgoAAAANSUhEUgAAAAMAAAAECAIAAADETxJQAAAACXBIWXMAAAsTAAALEwEAmpwYAAAAMUlEQVR4nGP4+qzp5415//9tYLi9raI1M7wrX5Hh5YNN4gwMsV5iDNWlnrlxDF2VtgDAeRJ16IcscQAAAABJRU5ErkJggg=='),
	('Drifblim', 'diamond_2', 'pokemon', 'A2', 74, 'https://assets.tcgdex.net/en/tcgp/A2/074/high.jpg', 'data:image/png;base64,iVBORw0KGgoAAAANSUhEUgAAAAMAAAAECAIAAADETxJQAAAACXBIWXMAAAsTAAALEwEAmpwYAAAAMUlEQVR4nGNoPvKcQcJJO7yFYcn//2sfvmKwCWFYnjnLmsHInMGIYX3DOi8R71XlywFRJBAHjKYuJgAAAABJRU5ErkJggg=='),
	('Venipede', 'diamond_1', 'pokemon', 'A1a', 53, 'https://assets.tcgdex.net/en/tcgp/A1a/053/high.jpg', 'data:image/png;base64,iVBORw0KGgoAAAANSUhEUgAAAAMAAAAECAIAAADETxJQAAAACXBIWXMAAAsTAAALEwEAmpwYAAAAM0lEQVR4nAEoANf/ANr/3KCYerfjwwCV1JqqcVut26sAAD0+ABIOACUmAGuSkilVVVV9fJv8EQfEkAgEAAAAAElFTkSuQmCC'),
	('Kricketot', 'diamond_1', 'pokemon', 'A2', 13, 'https://assets.tcgdex.net/en/tcgp/A2/013/high.jpg', 'data:image/png;base64,iVBORw0KGgoAAAANSUhEUgAAAAMAAAAECAIAAADETxJQAAAACXBIWXMAAAsTAAALEwEAmpwYAAAAM0lEQVR4nAEoANf/AMj/9luOfKLgygBWjIAACglFfXEAvd5BttonwuQ3AOX/kMjuaOP/hpvuFYF+33h8AAAAAElFTkSuQmCC'),
	('Yanma', 'diamond_1', 'pokemon', 'A2', 6, 'https://assets.tcgdex.net/en/tcgp/A2/006/high.jpg', 'data:image/png;base64,iVBORw0KGgoAAAANSUhEUgAAAAMAAAAECAIAAADETxJQAAAACXBIWXMAAAsTAAALEwEAmpwYAAAAM0lEQVR4nAEoANf/AOfz2CRsYSV7bgDU6+IAER9FgoQA0/ljzvE82PhRAO7/mMftZuX/iJffFiR3FWCOAAAAAElFTkSuQmCC'),
	('Combee', 'diamond_1', 'pokemon', 'A2', 17, 'https://assets.tcgdex.net/en/tcgp/A2/017/high.jpg', 'data:image/png;base64,iVBORw0KGgoAAAANSUhEUgAAAAMAAAAECAIAAADETxJQAAAACXBIWXMAAAsTAAALEwEAmpwYAAAAMUlEQVR4nGMonRWv58YX3uzHIOfOySDMYBQiwNC3TSFvJsPys4oMT/73zTvs+Op/NwDm+g63ZTz8pwAAAABJRU5ErkJggg=='),
	('Kricketune', 'diamond_1', 'pokemon', 'A2', 14, 'https://assets.tcgdex.net/en/tcgp/A2/014/high.jpg', 'data:image/png;base64,iVBORw0KGgoAAAANSUhEUgAAAAMAAAAECAIAAADETxJQAAAACXBIWXMAAAsTAAALEwEAmpwYAAAAM0lEQVR4nAEoANf/ALLHtVdeQdXrwQCOn44gDQCLloIAnsEub5YAjLAAAOj/k6PIROL/hHt/E41VYJO+AAAAAElFTkSuQmCC'),
	('Rhyperior', 'star_1', 'pokemon', 'A2', 169, 'https://assets.tcgdex.net/en/tcgp/A2/169/high.jpg', 'data:image/png;base64,iVBORw0KGgoAAAANSUhEUgAAAAMAAAAECAIAAADETxJQAAAACXBIWXMAAAsTAAALEwEAmpwYAAAAM0lEQVR4nAEoANf/AO/a1hkDBkUuJwBNKiFAHQpoQjcAwJ+Rm10+bkk5AO7c1//w1vLd1BQpEVuOx5PRAAAAAElFTkSuQmCC'),
	('Roselia', 'diamond_1', 'pokemon', 'A2', 8, 'https://assets.tcgdex.net/en/tcgp/A2/008/high.jpg', 'data:image/png;base64,iVBORw0KGgoAAAANSUhEUgAAAAMAAAAECAIAAADETxJQAAAACXBIWXMAAAsTAAALEwEAmpwYAAAAM0lEQVR4nAEoANf/AD9TSQAbAHivkwDI0qlRaEZXc18Autw+vd8mudsxAO7/mLTaVeD/hUL0E0NlYAxEAAAAAElFTkSuQmCC'),
	('Yanmega ex', 'star_2', 'pokemon', 'A2', 180, 'https://assets.tcgdex.net/en/tcgp/A2/180/high.jpg', 'data:image/png;base64,iVBORw0KGgoAAAANSUhEUgAAAAMAAAAECAIAAADETxJQAAAACXBIWXMAAAsTAAALEwEAmpwYAAAAMUlEQVR4nGP4eWv+/7P9CbYMDP8/dDXk6cW5MzBMKdR4dnJuuA0DgxYDw6VN1Zk+DACB1hCPMrXDJAAAAABJRU5ErkJggg=='),
	('Piloswine', 'diamond_2', 'pokemon', 'A2', 32, 'https://assets.tcgdex.net/en/tcgp/A2/032/high.jpg', 'data:image/png;base64,iVBORw0KGgoAAAANSUhEUgAAAAMAAAAECAIAAADETxJQAAAACXBIWXMAAAsTAAALEwEAmpwYAAAAMElEQVR4nGN4/+c3v6SsgrkTg1u4R7iTyaZLRxgYxI0YQqoYXLMYGPL6GZTdGCJrAAyeC8DOE7bmAAAAAElFTkSuQmCC'),
	('Lumineon', 'diamond_2', 'pokemon', 'A2', 43, 'https://assets.tcgdex.net/en/tcgp/A2/043/high.jpg', 'data:image/png;base64,iVBORw0KGgoAAAANSUhEUgAAAAMAAAAECAIAAADETxJQAAAACXBIWXMAAAsTAAALEwEAmpwYAAAAM0lEQVR4nAEoANf/AKO8zSFjkA9KdwBiiqoABTkiXpEApP3/qP//l/v/AKr//23a/5Pu/3NtFjtcQSAJAAAAAElFTkSuQmCC'),
	('Spiritomb', 'star_1', 'pokemon', 'A2', 172, 'https://assets.tcgdex.net/en/tcgp/A2/172/high.jpg', 'data:image/png;base64,iVBORw0KGgoAAAANSUhEUgAAAAMAAAAECAIAAADETxJQAAAACXBIWXMAAAsTAAALEwEAmpwYAAAAM0lEQVR4nAEoANf/AMKvrLSNlrakjQAdABj/1Nz/7PoAMB4dIgMbY1dIAL2/q46egn6VcItIEqrb4Nf8AAAAAElFTkSuQmCC'),
	('Glameow', 'star_1', 'pokemon', 'A2', 178, 'https://assets.tcgdex.net/en/tcgp/A2/178/high.jpg', 'data:image/png;base64,iVBORw0KGgoAAAANSUhEUgAAAAMAAAAECAIAAADETxJQAAAACXBIWXMAAAsTAAALEwEAmpwYAAAAMUlEQVR4nGNISo7WUBb6/+Ukw8nNLbY6DMv6MhienJpto8kgx87AcHzfck9bDVMtNQA9dg5x8lHvdgAAAABJRU5ErkJggg=='),
	('Electivire', 'diamond_3', 'pokemon', 'A2', 57, 'https://assets.tcgdex.net/en/tcgp/A2/057/high.jpg', 'data:image/png;base64,iVBORw0KGgoAAAANSUhEUgAAAAMAAAAECAIAAADETxJQAAAACXBIWXMAAAsTAAALEwEAmpwYAAAAMUlEQVR4nGOoKPCd0W6XmSzBYKLKJsTIEOyty/DmovD/P07/v9kwXDsk8ug4w/3TrAATmg/2luxMfQAAAABJRU5ErkJggg=='),
	('Finneon', 'diamond_1', 'pokemon', 'A2', 42, 'https://assets.tcgdex.net/en/tcgp/A2/042/high.jpg', 'data:image/png;base64,iVBORw0KGgoAAAANSUhEUgAAAAMAAAAECAIAAADETxJQAAAACXBIWXMAAAsTAAALEwEAmpwYAAAAM0lEQVR4nAEoANf/AJvP2bb2/2mwvgAAOkEAXWgAGBcAk+z/juv/ju//ALT//37o/6r//6WnF2Z5G4a9AAAAAElFTkSuQmCC'),
	('Regigigas', 'star_1', 'pokemon', 'A2', 179, 'https://assets.tcgdex.net/en/tcgp/A2/179/high.jpg', 'data:image/png;base64,iVBORw0KGgoAAAANSUhEUgAAAAMAAAAECAIAAADETxJQAAAACXBIWXMAAAsTAAALEwEAmpwYAAAAMUlEQVR4nGMoaGhjEBLXdfNhkFJTfffnjpymEoN/WICJja2IsgLDnRdv43MLVu09AQDtcw4IIZio+wAAAABJRU5ErkJggg=='),
	('Nosepass', 'diamond_1', 'pokemon', 'A2', 86, 'https://assets.tcgdex.net/en/tcgp/A2/086/high.jpg', 'data:image/png;base64,iVBORw0KGgoAAAANSUhEUgAAAAMAAAAECAIAAADETxJQAAAACXBIWXMAAAsTAAALEwEAmpwYAAAAM0lEQVR4nAEoANf/AP/+0bGhh7ugZQCViXgNAAeTf1kA/9BH/709/60zAP/lgf/OU//JbbHaFiW+jfhxAAAAAElFTkSuQmCC'),
	('Gliscor', 'diamond_2', 'pokemon', 'A2', 84, 'https://assets.tcgdex.net/en/tcgp/A2/084/high.jpg', 'data:image/png;base64,iVBORw0KGgoAAAANSUhEUgAAAAMAAAAECAIAAADETxJQAAAACXBIWXMAAAsTAAALEwEAmpwYAAAAMUlEQVR4nGN4/+iQgQK7CgMDw///j5ydrLy1xRnmZTIsTmWYEsbAsKVZeUEmw+xUZgAlFg2aTMWu/QAAAABJRU5ErkJggg=='),
	('Cyrus', 'star_2', 'trainer', 'A2', 190, 'https://assets.tcgdex.net/en/tcgp/A2/190/high.jpg', 'data:image/png;base64,iVBORw0KGgoAAAANSUhEUgAAAAMAAAAECAIAAADETxJQAAAACXBIWXMAAAsTAAALEwEAmpwYAAAAMUlEQVR4nGN4+eDp75//Txw6zdBYWOlq7SHNwMlgYWGZk12qqaLLoKmp1VFX3FydCgCJgRAVZOA2LwAAAABJRU5ErkJggg=='),
	('Luxray', 'diamond_3', 'pokemon', 'A2', 60, 'https://assets.tcgdex.net/en/tcgp/A2/060/high.jpg', 'data:image/png;base64,iVBORw0KGgoAAAANSUhEUgAAAAMAAAAECAIAAADETxJQAAAACXBIWXMAAAsTAAALEwEAmpwYAAAAMUlEQVR4nGPIyQ01tBCtqHBh8PS2ZODktIsNZHh8nOH/P+v/z1UYjm5huL6X4cYRBgAFJA9BTfaoVQAAAABJRU5ErkJggg=='),
	('Infernape ex', 'star_2', 'pokemon', 'A2', 197, 'https://assets.tcgdex.net/en/tcgp/A2/197/high.jpg', 'data:image/png;base64,iVBORw0KGgoAAAANSUhEUgAAAAMAAAAECAIAAADETxJQAAAACXBIWXMAAAsTAAALEwEAmpwYAAAAMUlEQVR4nGM4u7zn/crkq92LGf6/n/VoVU5TrDtDjY9HooeKgQ4Dg2NMqBwvw8TKBACU4xBlVuZK6QAAAABJRU5ErkJggg=='),
	('Murkrow', 'diamond_1', 'pokemon', 'A2', 96, 'https://assets.tcgdex.net/en/tcgp/A2/096/high.jpg', 'data:image/png;base64,iVBORw0KGgoAAAANSUhEUgAAAAMAAAAECAIAAADETxJQAAAACXBIWXMAAAsTAAALEwEAmpwYAAAAMUlEQVR4nGN49f+/qJFz1eyFDPvP7lXV0Y1Ji2EQ9/NlEBNiMNBn6N++zSY9vXDmTABHag7whsX1oQAAAABJRU5ErkJggg=='),
	('Dialga ex', 'star_3', 'pokemon', 'A2', 205, 'https://assets.tcgdex.net/en/tcgp/A2/205/high.jpg', 'data:image/png;base64,iVBORw0KGgoAAAANSUhEUgAAAAMAAAAECAIAAADETxJQAAAACXBIWXMAAAsTAAALEwEAmpwYAAAAMUlEQVR4nGP4///6/+ez+zOiGG7dP7F6xWoGQSkGc9tYT48iBjY1BmM7NxMTDQtjDQCTHg8sXbtUXgAAAABJRU5ErkJggg=='),
	('Mightyena', 'diamond_2', 'pokemon', 'A2', 101, 'https://assets.tcgdex.net/en/tcgp/A2/101/high.jpg', 'data:image/png;base64,iVBORw0KGgoAAAANSUhEUgAAAAMAAAAECAIAAADETxJQAAAACXBIWXMAAAsTAAALEwEAmpwYAAAAMUlEQVR4nGP49O/b4i2b6idNYJjYGD+9o7w4L5GBwcqaQViQQUeHIay6Wsnf3ykzAwBzcA7qz5sxIgAAAABJRU5ErkJggg=='),
	('Stunky', 'diamond_1', 'pokemon', 'A2', 102, 'https://assets.tcgdex.net/en/tcgp/A2/102/high.jpg', 'data:image/png;base64,iVBORw0KGgoAAAANSUhEUgAAAAMAAAAECAIAAADETxJQAAAACXBIWXMAAAsTAAALEwEAmpwYAAAAMUlEQVR4nGO48///gp07iyYsZ7hw/cKExrb+9XsZGEzNGPgEGNTVGALLy2W8PG1TUgCdVBBoz4InwgAAAABJRU5ErkJggg=='),
	('Hippowdon', 'diamond_2', 'pokemon', 'A2', 94, 'https://assets.tcgdex.net/en/tcgp/A2/094/high.jpg', 'data:image/png;base64,iVBORw0KGgoAAAANSUhEUgAAAAMAAAAECAIAAADETxJQAAAACXBIWXMAAAsTAAALEwEAmpwYAAAAM0lEQVR4nAEoANf/AP/74GpkTY1+YwC4s58aCgDMtqcA868l7Z8Y4ZEEAP/ad/q2O+2tU5xYFMQ6h3msAAAAAElFTkSuQmCC'),
	('Lickilicky ex', 'star_2', 'pokemon', 'A2', 189, 'https://assets.tcgdex.net/en/tcgp/A2/189/high.jpg', 'data:image/png;base64,iVBORw0KGgoAAAANSUhEUgAAAAMAAAAECAIAAADETxJQAAAACXBIWXMAAAsTAAALEwEAmpwYAAAAMUlEQVR4nGMoqnJO9ZdRcWNg+P9k4/9HjzuTLBlubGn8v2NtjrgAg5c7gzYDg70hAwBWRQ8WKwXnjwAAAABJRU5ErkJggg=='),
	('Darkrai ex', 'star_2', 'pokemon', 'A2', 187, 'https://assets.tcgdex.net/en/tcgp/A2/187/high.jpg', 'data:image/png;base64,iVBORw0KGgoAAAANSUhEUgAAAAMAAAAECAIAAADETxJQAAAACXBIWXMAAAsTAAALEwEAmpwYAAAAM0lEQVR4nAEoANf/AIh5oebl/5agzgCXc6rRpLlQVXAAflmHGQMVQEBNAFtWgrOvwP/x/ZzHFAaq2kwyAAAAAElFTkSuQmCC'),
	('Team Galactic Grunt', 'star_2', 'trainer', 'A2', 191, 'https://assets.tcgdex.net/en/tcgp/A2/191/high.jpg', 'data:image/png;base64,iVBORw0KGgoAAAANSUhEUgAAAAMAAAAECAIAAADETxJQAAAACXBIWXMAAAsTAAALEwEAmpwYAAAAM0lEQVR4nAEoANf/AOXu/7nd99j//wB5ga+ds8A4P28ACQQUIigxkHenACclKU9HPamglL1PEkStClNuAAAAAElFTkSuQmCC'),
	('Dawn', 'star_2', 'trainer', 'A2', 194, 'https://assets.tcgdex.net/en/tcgp/A2/194/high.jpg', 'data:image/png;base64,iVBORw0KGgoAAAANSUhEUgAAAAMAAAAECAIAAADETxJQAAAACXBIWXMAAAsTAAALEwEAmpwYAAAAM0lEQVR4nAEoANf/ALTE0Oj9/7LN2gCAr8duVF16r8AAdaOoHwAE6ODaAJG9xJx+ed7TsuG9FxG6ltqvAAAAAElFTkSuQmCC'),
	('Pachirisu ex', 'star_2', 'pokemon', 'A2', 198, 'https://assets.tcgdex.net/en/tcgp/A2/198/high.jpg', 'data:image/png;base64,iVBORw0KGgoAAAANSUhEUgAAAAMAAAAECAIAAADETxJQAAAACXBIWXMAAAsTAAALEwEAmpwYAAAAMUlEQVR4nGNoa0j+//3U/1f/GRgEGHYfXz731GIGA2mhqbOL2OUZGCKbCrMrHBJCXQGLWRDjoJPafAAAAABJRU5ErkJggg=='),
	('Dialga ex', 'star_2', 'pokemon', 'A2', 188, 'https://assets.tcgdex.net/en/tcgp/A2/188/high.jpg', 'data:image/png;base64,iVBORw0KGgoAAAANSUhEUgAAAAMAAAAECAIAAADETxJQAAAACXBIWXMAAAsTAAALEwEAmpwYAAAAM0lEQVR4nAEoANf/AFauwFagrSqbsADB//+FuMcpmq0AUIeVAAkxSGx7AEB1g0RzeZiuoYVbEjTbmyL3AAAAAElFTkSuQmCC'),
	('Floatzel', 'diamond_2', 'pokemon', 'A2', 39, 'https://assets.tcgdex.net/en/tcgp/A2/039/high.jpg', 'data:image/png;base64,iVBORw0KGgoAAAANSUhEUgAAAAMAAAAECAIAAADETxJQAAAACXBIWXMAAAsTAAALEwEAmpwYAAAAMUlEQVR4nGPIzMl1dTBW1lRnYJDTKqyrZBBSZ2h9/n/C7/8uu98yzH73n6Fges7x9wAKbRDp74qrLwAAAABJRU5ErkJggg=='),
	('Lickilicky ex', 'star_2', 'pokemon', 'A2', 203, 'https://assets.tcgdex.net/en/tcgp/A2/203/high.jpg', 'data:image/png;base64,iVBORw0KGgoAAAANSUhEUgAAAAMAAAAECAIAAADETxJQAAAACXBIWXMAAAsTAAALEwEAmpwYAAAAMUlEQVR4nGNw9HTuDPDcl7ac4fe3c6kCunqMHAw5Zjb8bAy8ekIMOvaGzdOKlk6bAAAG9gyFObnJcAAAAABJRU5ErkJggg=='),
	('Sneasel', 'diamond_1', 'pokemon', 'A2', 98, 'https://assets.tcgdex.net/en/tcgp/A2/098/high.jpg', 'data:image/png;base64,iVBORw0KGgoAAAANSUhEUgAAAAMAAAAECAIAAADETxJQAAAACXBIWXMAAAsTAAALEwEAmpwYAAAAMUlEQVR4nGN49f91/6rOynkTGWqn1+cW+QQkeDEw6OgzCAgxKCkzeOTmSnq4W8XHAwBWFg17bH/l+wAAAABJRU5ErkJggg=='),
	('Regice', 'diamond_2', 'pokemon', 'A2', 34, 'https://assets.tcgdex.net/en/tcgp/A2/034/high.jpg', 'data:image/png;base64,iVBORw0KGgoAAAANSUhEUgAAAAMAAAAECAIAAADETxJQAAAACXBIWXMAAAsTAAALEwEAmpwYAAAAM0lEQVR4nAEoANf/AIWCknyJn2BedwAqHTIZAxxYSV8AhM31f9L/lfr/AK3//2nX/5Ls/1J1FK+2AADMAAAAAElFTkSuQmCC'),
	('Darkrai', 'diamond_3', 'pokemon', 'A2', 109, 'https://assets.tcgdex.net/en/tcgp/A2/109/high.jpg', 'data:image/png;base64,iVBORw0KGgoAAAANSUhEUgAAAAMAAAAECAIAAADETxJQAAAACXBIWXMAAAsTAAALEwEAmpwYAAAAMUlEQVR4nGO48/9/z6H9a65dZajLLQ2LjykrKGRgcHBikJVhEBNniG/tFLa3dc5KBgB7Zw77u8Oq3wAAAABJRU5ErkJggg=='),
	('Darkrai ex', 'diamond_4', 'pokemon', 'A2', 110, 'https://assets.tcgdex.net/en/tcgp/A2/110/high.jpg', 'data:image/png;base64,iVBORw0KGgoAAAANSUhEUgAAAAMAAAAECAIAAADETxJQAAAACXBIWXMAAAsTAAALEwEAmpwYAAAAM0lEQVR4nAEoANf/AKfG5bXH4qPD4QDq9P9/bq+bepUAETY9ABAZAC03AEtsglFuY2mAdrH2EeafSMcPAAAAAElFTkSuQmCC'),
	('Dialga ex', 'diamond_4', 'pokemon', 'A2', 119, 'https://assets.tcgdex.net/en/tcgp/A2/119/high.jpg', 'data:image/png;base64,iVBORw0KGgoAAAANSUhEUgAAAAMAAAAECAIAAADETxJQAAAACXBIWXMAAAsTAAALEwEAmpwYAAAAM0lEQVR4nAEoANf/AK3LyoqnpGmCjgAAGi4ACCMsRVAAoaqv4enp9vb2APb29vPw5OPk03nzFpe3ufZpAAAAAElFTkSuQmCC'),
	('Gabite', 'diamond_2', 'pokemon', 'A2', 122, 'https://assets.tcgdex.net/en/tcgp/A2/122/high.jpg', 'data:image/png;base64,iVBORw0KGgoAAAANSUhEUgAAAAMAAAAECAIAAADETxJQAAAACXBIWXMAAAsTAAALEwEAmpwYAAAAM0lEQVR4nAEoANf/ANy0s4FWYtejkgCjkW4HBRiCblQA9eBX//tX3cc+AP/lkujOaunNeZbEFbdb2mpxAAAAAElFTkSuQmCC'),
	('Heatran', 'diamond_3', 'pokemon', 'A2', 120, 'https://assets.tcgdex.net/en/tcgp/A2/120/high.jpg', 'data:image/png;base64,iVBORw0KGgoAAAANSUhEUgAAAAMAAAAECAIAAADETxJQAAAACXBIWXMAAAsTAAALEwEAmpwYAAAAM0lEQVR4nAEoANf/AIBjSigZA0QzHgBaNRAwFgAaBAAAu8HG9Pj31dveAMvM0cTFxa61svoMEYj3RMxjAAAAAElFTkSuQmCC'),
	('Porygon2', 'diamond_2', 'pokemon', 'A2', 128, 'https://assets.tcgdex.net/en/tcgp/A2/128/high.jpg', 'data:image/png;base64,iVBORw0KGgoAAAANSUhEUgAAAAMAAAAECAIAAADETxJQAAAACXBIWXMAAAsTAAALEwEAmpwYAAAAM0lEQVR4nAEoANf/AGJocF9RV3eFhwAiMUIKBSBHXW0A9fXu///9/PjzAO7v5uvn5O7p31sKFoO7AUsWAAAAAElFTkSuQmCC'),
	('Purugly', 'diamond_2', 'pokemon', 'A2', 140, 'https://assets.tcgdex.net/en/tcgp/A2/140/high.jpg', 'data:image/png;base64,iVBORw0KGgoAAAANSUhEUgAAAAMAAAAECAIAAADETxJQAAAACXBIWXMAAAsTAAALEwEAmpwYAAAAM0lEQVR4nAEoANf/AFZQUmdlZF5TVgAdBg47NT8iFyMA5eXd9+/w+/XwAOrr4ePf3fDr4TMuFNo2KjmeAAAAAElFTkSuQmCC'),
	('Skull Fossil', 'diamond_1', 'trainer', 'A2', 144, 'https://assets.tcgdex.net/en/tcgp/A2/144/high.jpg', 'data:image/png;base64,iVBORw0KGgoAAAANSUhEUgAAAAMAAAAECAIAAADETxJQAAAACXBIWXMAAAsTAAALEwEAmpwYAAAAM0lEQVR4nAEoANf/AJeVn8KtnoKPlQBmXFwvAABLRkMA2d7h8u/v7OvrAPD3/O7//9Lu+5wZGFTQs3W0AAAAAElFTkSuQmCC'),
	('Fan Rotom', 'diamond_1', 'pokemon', 'A2', 142, 'https://assets.tcgdex.net/en/tcgp/A2/142/high.jpg', 'data:image/png;base64,iVBORw0KGgoAAAANSUhEUgAAAAMAAAAECAIAAADETxJQAAAACXBIWXMAAAsTAAALEwEAmpwYAAAAM0lEQVR4nAEoANf/ACw9RR4KAFNYNwBHUTMzGgCIelQA0NDG6+rr/Pb0ANPUzMvHxdvXzRMmE3y55Gk7AAAAAElFTkSuQmCC'),
	('Mars', 'diamond_2', 'trainer', 'A2', 155, 'https://assets.tcgdex.net/en/tcgp/A2/155/high.jpg', 'data:image/png;base64,iVBORw0KGgoAAAANSUhEUgAAAAMAAAAECAIAAADETxJQAAAACXBIWXMAAAsTAAALEwEAmpwYAAAAM0lEQVR4nAEoANf/AI1/YIFtVoF2XQAeEAAcCwAkGQAA7Ofn+vv/7+vsAPDr5/vx4+rZwkQTFSHe1t9fAAAAAElFTkSuQmCC'),
	('Tangrowth', 'star_1', 'pokemon', 'A2', 156, 'https://assets.tcgdex.net/en/tcgp/A2/156/high.jpg', 'data:image/png;base64,iVBORw0KGgoAAAANSUhEUgAAAAMAAAAECAIAAADETxJQAAAACXBIWXMAAAsTAAALEwEAmpwYAAAAMUlEQVR4nGN4+uh29/yVzfPWMPz/90MytJhB0Z+hsbeFhUGGgV2DwcrVTVJVOSEzDwB5rg7Hwj0qhwAAAABJRU5ErkJggg=='),
	('Hitmontop', 'diamond_1', 'pokemon', 'A2', 85, 'https://assets.tcgdex.net/en/tcgp/A2/085/high.jpg', 'data:image/png;base64,iVBORw0KGgoAAAANSUhEUgAAAAMAAAAECAIAAADETxJQAAAACXBIWXMAAAsTAAALEwEAmpwYAAAAMUlEQVR4nGP48fHi5N6CdQszGFJizeQEGQK8FBkW5zCU2TCkajEwfNwVtqWGYW2ZBABGGw6fZKQmhQAAAABJRU5ErkJggg=='),
	('Gligar', 'diamond_1', 'pokemon', 'A2', 83, 'https://assets.tcgdex.net/en/tcgp/A2/083/high.jpg', 'data:image/png;base64,iVBORw0KGgoAAAANSUhEUgAAAAMAAAAECAIAAADETxJQAAAACXBIWXMAAAsTAAALEwEAmpwYAAAAM0lEQVR4nAEoANf/AOrz1XRsViQcAAA3RCkADCATLxgA/8U7+Ksk2pAAAP/uh/u2PPi2WixkEOwKjznEAAAAAElFTkSuQmCC'),
	('Cynthia', 'star_2', 'trainer', 'A2', 192, 'https://assets.tcgdex.net/en/tcgp/A2/192/high.jpg', 'data:image/png;base64,iVBORw0KGgoAAAANSUhEUgAAAAMAAAAECAIAAADETxJQAAAACXBIWXMAAAsTAAALEwEAmpwYAAAAMUlEQVR4nGP4cmHu/z8XP1+Yz1AbLeFhyPBuqQTDpS3JfMwMc9rFGfKyfKNDvdvzHQGZ7xEvMyEeZAAAAABJRU5ErkJggg=='),
	('Electrode', 'diamond_2', 'pokemon', 'A2', 55, 'https://assets.tcgdex.net/en/tcgp/A2/055/high.jpg', 'data:image/png;base64,iVBORw0KGgoAAAANSUhEUgAAAAMAAAAECAIAAADETxJQAAAACXBIWXMAAAsTAAALEwEAmpwYAAAAMUlEQVR4nGMI8zLKjTdPj1dnaClLjXDwF2FkYPj/1ej/B93/fywZ/r+2/X1f6v9rHQAkxhHFig8+WQAAAABJRU5ErkJggg=='),
	('Bidoof', 'star_1', 'pokemon', 'A2', 177, 'https://assets.tcgdex.net/en/tcgp/A2/177/high.jpg', 'data:image/png;base64,iVBORw0KGgoAAAANSUhEUgAAAAMAAAAECAIAAADETxJQAAAACXBIWXMAAAsTAAALEwEAmpwYAAAAMUlEQVR4nGNgUBJlEGAQt1ZlqFy1bPqmKWffXGOQVRcQUBbOndLFICTAIO3qyBsUAQDTngqTwNJrfAAAAABJRU5ErkJggg=='),
	('Darkrai ex', 'star_2', 'pokemon', 'A2', 202, 'https://assets.tcgdex.net/en/tcgp/A2/202/high.jpg', 'data:image/png;base64,iVBORw0KGgoAAAANSUhEUgAAAAMAAAAECAIAAADETxJQAAAACXBIWXMAAAsTAAALEwEAmpwYAAAAMUlEQVR4nGM4+vxeUGtxjEM1Q92qqQwOVgx8DAxh4dEuEW6L1zUwxM3v2XS05v+vawA/XRE3ddVINwAAAABJRU5ErkJggg=='),
	('Poochyena', 'diamond_1', 'pokemon', 'A2', 100, 'https://assets.tcgdex.net/en/tcgp/A2/100/high.jpg', 'data:image/png;base64,iVBORw0KGgoAAAANSUhEUgAAAAMAAAAECAIAAADETxJQAAAACXBIWXMAAAsTAAALEwEAmpwYAAAAM0lEQVR4nAEoANf/AOz/55utn9fr2wCyu5dqZFXOupMAADE2AA4QAB8gAE10cx1LSj5lZJ9qEEqedBRnAAAAAElFTkSuQmCC'),
	('Dialga ex', 'crown', 'pokemon', 'A2', 207, 'https://assets.tcgdex.net/en/tcgp/A2/207/high.jpg', 'data:image/png;base64,iVBORw0KGgoAAAANSUhEUgAAAAMAAAAECAIAAADETxJQAAAACXBIWXMAAAsTAAALEwEAmpwYAAAAM0lEQVR4nAEoANf/AP/+X769nf3wtwD056+fqqeYi0YAiJR8AAkuQE9JAMC1Z3hxJ7CtftJrFGqzgvCSAAAAAElFTkSuQmCC'),
	('Misdreavus', 'diamond_1', 'pokemon', 'A2', 66, 'https://assets.tcgdex.net/en/tcgp/A2/066/high.jpg', 'data:image/png;base64,iVBORw0KGgoAAAANSUhEUgAAAAMAAAAECAIAAADETxJQAAAACXBIWXMAAAsTAAALEwEAmpwYAAAAM0lEQVR4nAEoANf/ANLA5GVtjHdyjQBDN0cABBAvJC4A/9b//63u/7v9AP/n///G///l/4NwF1Iap5BEAAAAAElFTkSuQmCC'),
	('Skuntank', 'diamond_2', 'pokemon', 'A2', 103, 'https://assets.tcgdex.net/en/tcgp/A2/103/high.jpg', 'data:image/png;base64,iVBORw0KGgoAAAANSUhEUgAAAAMAAAAECAIAAADETxJQAAAACXBIWXMAAAsTAAALEwEAmpwYAAAAM0lEQVR4nAEoANf/AOz//7fJ6bzj8wCDlJCon6uIlZcAEEZEABUPACIiAGuRkSpVVVJ5eLunEdnc/aESAAAAAElFTkSuQmCC'),
	('Togepi', 'diamond_1', 'pokemon', 'A2', 63, 'https://assets.tcgdex.net/en/tcgp/A2/063/high.jpg', 'data:image/png;base64,iVBORw0KGgoAAAANSUhEUgAAAAMAAAAECAIAAADETxJQAAAACXBIWXMAAAsTAAALEwEAmpwYAAAAMElEQVR4nGOwNjMMcbMMNLVh6GqJ+//z6oLWOgZ/aR9tBjUdBl2GQLUgPQadAKUAAP8jC1lO+9biAAAAAElFTkSuQmCC'),
	('Toxicroak', 'diamond_2', 'pokemon', 'A2', 108, 'https://assets.tcgdex.net/en/tcgp/A2/108/high.jpg', 'data:image/png;base64,iVBORw0KGgoAAAANSUhEUgAAAAMAAAAECAIAAADETxJQAAAACXBIWXMAAAsTAAALEwEAmpwYAAAAMUlEQVR4nGN4+/f/pWcfpqzfxdA6qa+0vC4xKYeBzdGBQVCQQUWNIXviRJ2wsKCKCgCXkxBniKcefwAAAABJRU5ErkJggg=='),
	('Drifloon', 'diamond_1', 'pokemon', 'A2', 73, 'https://assets.tcgdex.net/en/tcgp/A2/073/high.jpg', 'data:image/png;base64,iVBORw0KGgoAAAANSUhEUgAAAAMAAAAECAIAAADETxJQAAAACXBIWXMAAAsTAAALEwEAmpwYAAAAMUlEQVR4nGPIbV7kkdl+7eZbhlWHbmy48Pjdn/8MfrJeZgxGegzaDDGGUZaMFkkmCQCWmxC8VhWxwQAAAABJRU5ErkJggg=='),
	('Cresselia', 'diamond_3', 'pokemon', 'A2', 79, 'https://assets.tcgdex.net/en/tcgp/A2/079/high.jpg', 'data:image/png;base64,iVBORw0KGgoAAAANSUhEUgAAAAMAAAAECAIAAADETxJQAAAACXBIWXMAAAsTAAALEwEAmpwYAAAAM0lEQVR4nAEoANf/AOL4/8e42bF1rwBCUXk4SG0AADIAlFmQpmGbkFSOAIxdkIFGe5VijorhEgM7lMnnAAAAAElFTkSuQmCC'),
	('Lickitung', 'diamond_1', 'pokemon', 'A2', 124, 'https://assets.tcgdex.net/en/tcgp/A2/124/high.jpg', 'data:image/png;base64,iVBORw0KGgoAAAANSUhEUgAAAAMAAAAECAIAAADETxJQAAAACXBIWXMAAAsTAAALEwEAmpwYAAAAM0lEQVR4nAEoANf/AGVxbV1NVShdYwAePyIWAAAFRRoA5ufe7vHs/PbtAOTk3N/a2OPf1ywkFEeH4j2KAAAAAElFTkSuQmCC'),
	('Bidoof', 'diamond_1', 'pokemon', 'A2', 135, 'https://assets.tcgdex.net/en/tcgp/A2/135/high.jpg', 'data:image/png;base64,iVBORw0KGgoAAAANSUhEUgAAAAMAAAAECAIAAADETxJQAAAACXBIWXMAAAsTAAALEwEAmpwYAAAAM0lEQVR4nAEoANf/AIGBcqSVfpWXiQBLTTAZAABkbGkA6uvm7+7u//78APDw6PPv7Pn064aNF+jGUPjgAAAAAElFTkSuQmCC'),
	('Glameow', 'diamond_1', 'pokemon', 'A2', 139, 'https://assets.tcgdex.net/en/tcgp/A2/139/high.jpg', 'data:image/png;base64,iVBORw0KGgoAAAANSUhEUgAAAAMAAAAECAIAAADETxJQAAAACXBIWXMAAAsTAAALEwEAmpwYAAAAM0lEQVR4nAEoANf/AG1mXHpkV3pmYQBBMSQaAAAxICgA8/Ls//v7/ff1APP06/Lu6/bw6EnBFekIBC9sAAAAAElFTkSuQmCC'),
	('Chatot', 'diamond_1', 'pokemon', 'A2', 141, 'https://assets.tcgdex.net/en/tcgp/A2/141/high.jpg', 'data:image/png;base64,iVBORw0KGgoAAAANSUhEUgAAAAMAAAAECAIAAADETxJQAAAACXBIWXMAAAsTAAALEwEAmpwYAAAAM0lEQVR4nAEoANf/AKCtkEFRPTd1hgBMbDkADgBWjIwA9fXt+ff3//z1APLy6u3p5u7r4nAKFz+ilF7iAAAAAElFTkSuQmCC'),
	('Armor Fossil', 'diamond_1', 'trainer', 'A2', 145, 'https://assets.tcgdex.net/en/tcgp/A2/145/high.jpg', 'data:image/png;base64,iVBORw0KGgoAAAANSUhEUgAAAAMAAAAECAIAAADETxJQAAAACXBIWXMAAAsTAAALEwEAmpwYAAAAM0lEQVR4nAEoANf/AJaUhrankI2HeAA4LxckAABDORsA19jX2NTO6OnmAO72/O3//9Lv/nI3FqT2edPaAAAAAElFTkSuQmCC'),
	('Carnivine', 'star_1', 'pokemon', 'A2', 158, 'https://assets.tcgdex.net/en/tcgp/A2/158/high.jpg', 'data:image/png;base64,iVBORw0KGgoAAAANSUhEUgAAAAMAAAAECAIAAADETxJQAAAACXBIWXMAAAsTAAALEwEAmpwYAAAAMUlEQVR4nGNYs3fi7CVZPDwMDGtWpv35P09InIEhN8vK3ZNRRoKBwcnXy0BP0c/PEQAoLgxEyQeJZgAAAABJRU5ErkJggg=='),
	('Togekiss', 'diamond_3', 'pokemon', 'A2', 65, 'https://assets.tcgdex.net/en/tcgp/A2/065/high.jpg', 'data:image/png;base64,iVBORw0KGgoAAAANSUhEUgAAAAMAAAAECAIAAADETxJQAAAACXBIWXMAAAsTAAALEwEAmpwYAAAAMUlEQVR4nGP4//v/l+//1649y1DavHDvvR8MbHIMPpI+/tweWgzaDC5SnhYMZqEa/gCudQ/kZMJMRwAAAABJRU5ErkJggg=='),
	('Magneton', 'diamond_2', 'pokemon', 'A2', 52, 'https://assets.tcgdex.net/en/tcgp/A2/052/high.jpg', 'data:image/png;base64,iVBORw0KGgoAAAANSUhEUgAAAAMAAAAECAIAAADETxJQAAAACXBIWXMAAAsTAAALEwEAmpwYAAAAMUlEQVR4nGOILwg1cJZRUmFgUNeQYOCVYhBnYPj/SObPXfH/v4wZ/r+y/nlP/PdzNQDX3g7SNC43CgAAAABJRU5ErkJggg=='),
	('Rampardos', 'diamond_3', 'pokemon', 'A2', 89, 'https://assets.tcgdex.net/en/tcgp/A2/089/high.jpg', 'data:image/png;base64,iVBORw0KGgoAAAANSUhEUgAAAAMAAAAECAIAAADETxJQAAAACXBIWXMAAAsTAAALEwEAmpwYAAAAM0lEQVR4nAEoANf/ANbLvYR5ae7PowCjincPCQGKb1sA/9RV/+Zj9aYzAP/Ocv/ESvq3WaiGFcry4Pv/AAAAAElFTkSuQmCC'),
	('Hippopotas', 'diamond_1', 'pokemon', 'A2', 93, 'https://assets.tcgdex.net/en/tcgp/A2/093/high.jpg', 'data:image/png;base64,iVBORw0KGgoAAAANSUhEUgAAAAMAAAAECAIAAADETxJQAAAACXBIWXMAAAsTAAALEwEAmpwYAAAAMUlEQVR4nGP48PZ0Wpz5g9vrGHyclPYuL9i8vI+hNZAhQYvBkYGB4egUwzpfhkpvBgBvTA8zFlNqQQAAAABJRU5ErkJggg=='),
	('Uxie', 'diamond_2', 'pokemon', 'A2', 75, 'https://assets.tcgdex.net/en/tcgp/A2/075/high.jpg', 'data:image/png;base64,iVBORw0KGgoAAAANSUhEUgAAAAMAAAAECAIAAADETxJQAAAACXBIWXMAAAsTAAALEwEAmpwYAAAAM0lEQVR4nAEoANf/AODQ8VdJeXFgiACUlMcACT8RACoA/8v/9Kfm/7X0AP/q///A+//q/5lxGAJqjXnhAAAAAElFTkSuQmCC'),
	('Gallade ex', 'diamond_4', 'pokemon', 'A2', 95, 'https://assets.tcgdex.net/en/tcgp/A2/095/high.jpg', 'data:image/png;base64,iVBORw0KGgoAAAANSUhEUgAAAAMAAAAECAIAAADETxJQAAAACXBIWXMAAAsTAAALEwEAmpwYAAAAMUlEQVR4nGNISTDqbHfiFWFgiCw01QzXV9dkYlhSynB3luj/ZykM/781/7+Q8v94BgD5BBAxM8KGjAAAAABJRU5ErkJggg=='),
	('Mismagius ex', 'star_2', 'pokemon', 'A2', 199, 'https://assets.tcgdex.net/en/tcgp/A2/199/high.jpg', 'data:image/png;base64,iVBORw0KGgoAAAANSUhEUgAAAAMAAAAECAIAAADETxJQAAAACXBIWXMAAAsTAAALEwEAmpwYAAAAMUlEQVR4nGM4un/H/68X07STGV4cmvf/zi1HfVMGNQZGEwkJDVUhBkFba0dn0RAHAwB9Wg5og/AzNwAAAABJRU5ErkJggg=='),
	('Skorupi', 'diamond_1', 'pokemon', 'A2', 105, 'https://assets.tcgdex.net/en/tcgp/A2/105/high.jpg', 'data:image/png;base64,iVBORw0KGgoAAAANSUhEUgAAAAMAAAAECAIAAADETxJQAAAACXBIWXMAAAsTAAALEwEAmpwYAAAAM0lEQVR4nAEoANf/ANr//42tzqrw/wCwyM6wt96v3t4AEUdEABEOACcmAGSKiilWVlB3dtTIEwJ+vZlrAAAAAElFTkSuQmCC'),
	('Duskull', 'diamond_1', 'pokemon', 'A2', 70, 'https://assets.tcgdex.net/en/tcgp/A2/070/high.jpg', 'data:image/png;base64,iVBORw0KGgoAAAANSUhEUgAAAAMAAAAECAIAAADETxJQAAAACXBIWXMAAAsTAAALEwEAmpwYAAAAM0lEQVR4nAEoANf/AGlLXltIVxwJIwA1Dh+TfnkaAA8A/8X+rWajy4fFAP/d/8qNxf/U/xSMEsL86cLXAAAAAElFTkSuQmCC'),
	('Registeel', 'diamond_2', 'pokemon', 'A2', 112, 'https://assets.tcgdex.net/en/tcgp/A2/112/high.jpg', 'data:image/png;base64,iVBORw0KGgoAAAANSUhEUgAAAAMAAAAECAIAAADETxJQAAAACXBIWXMAAAsTAAALEwEAmpwYAAAAM0lEQVR4nAEoANf/AJSOjn52box+cAAcHCIABABiaVYAz9fX4ert0NrfAPf5+dre3szS1GAuFbtcZ2Z8AAAAAElFTkSuQmCC'),
	('Bronzong', 'diamond_2', 'pokemon', 'A2', 117, 'https://assets.tcgdex.net/en/tcgp/A2/117/high.jpg', 'data:image/png;base64,iVBORw0KGgoAAAANSUhEUgAAAAMAAAAECAIAAADETxJQAAAACXBIWXMAAAsTAAALEwEAmpwYAAAAM0lEQVR4nAEoANf/AFxqYBg2LTI4MAACGQ4AEQUGFwwA1tze5uns5eztAPv9/efs7N/m6fxsEw9pSuAgAAAAAElFTkSuQmCC'),
	('Dusclops', 'diamond_2', 'pokemon', 'A2', 71, 'https://assets.tcgdex.net/en/tcgp/A2/071/high.jpg', 'data:image/png;base64,iVBORw0KGgoAAAANSUhEUgAAAAMAAAAECAIAAADETxJQAAAACXBIWXMAAAsTAAALEwEAmpwYAAAAM0lEQVR4nAEoANf/ANTY2EtIVLi2twAZKBwGFwouOjEA/9H/zYPAwn28AP/u/+Oi3P/n/3F6FbrvSn07AAAAAElFTkSuQmCC'),
	('Gible', 'diamond_1', 'pokemon', 'A2', 121, 'https://assets.tcgdex.net/en/tcgp/A2/121/high.jpg', 'data:image/png;base64,iVBORw0KGgoAAAANSUhEUgAAAAMAAAAECAIAAADETxJQAAAACXBIWXMAAAsTAAALEwEAmpwYAAAAM0lEQVR4nAEoANf/AHzAwEeGdT0/FAChys4ADxIiGQAA/dtT//RVu6EYAPTch8GqR8GrV0x0EhdDC5WSAAAAAElFTkSuQmCC'),
	('Porygon-Z', 'diamond_3', 'pokemon', 'A2', 129, 'https://assets.tcgdex.net/en/tcgp/A2/129/high.jpg', 'data:image/png;base64,iVBORw0KGgoAAAANSUhEUgAAAAMAAAAECAIAAADETxJQAAAACXBIWXMAAAsTAAALEwEAmpwYAAAAM0lEQVR4nAEoANf/AFJqeQUHGlBQXAAlXHgkJkBlUlsAwL24//v109DLAKKinaynorWxoyBdEl6hTne7AAAAAElFTkSuQmCC'),
	('Staravia', 'diamond_1', 'pokemon', 'A2', 133, 'https://assets.tcgdex.net/en/tcgp/A2/133/high.jpg', 'data:image/png;base64,iVBORw0KGgoAAAANSUhEUgAAAAMAAAAECAIAAADETxJQAAAACXBIWXMAAAsTAAALEwEAmpwYAAAAM0lEQVR4nAEoANf/AIN1YVVAHz4sGQCvnn0kAABUPCAA6erj//v39fHtAN/f1tfU0d7Z0EdIFUBL+NuWAAAAAElFTkSuQmCC'),
	('Pokémon Communication', 'diamond_2', 'trainer', 'A2', 146, 'https://assets.tcgdex.net/en/tcgp/A2/146/high.jpg', 'data:image/png;base64,iVBORw0KGgoAAAANSUhEUgAAAAMAAAAECAIAAADETxJQAAAACXBIWXMAAAsTAAALEwEAmpwYAAAAM0lEQVR4nAEoANf/AFBkdVBxiUlgbQAAEi4AUX8ADzIAytDV6efp3+LmAPX7/+v9/83q9jslFS3PI7+XAAAAAElFTkSuQmCC'),
	('Lum Berry', 'diamond_2', 'trainer', 'A2', 149, 'https://assets.tcgdex.net/en/tcgp/A2/149/high.jpg', 'data:image/png;base64,iVBORw0KGgoAAAANSUhEUgAAAAMAAAAECAIAAADETxJQAAAACXBIWXMAAAsTAAALEwEAmpwYAAAAM0lEQVR4nAEoANf/AINqQoqQXJuFWwBbOAAJGABfPgAA5NfN//zl8eTWAO7u9dvQ47uvwFJ+FQ4IPjTVAAAAAElFTkSuQmCC'),
	('Rocky Helmet', 'diamond_2', 'trainer', 'A2', 148, 'https://assets.tcgdex.net/en/tcgp/A2/148/high.jpg', 'data:image/png;base64,iVBORw0KGgoAAAANSUhEUgAAAAMAAAAECAIAAADETxJQAAAACXBIWXMAAAsTAAALEwEAmpwYAAAAM0lEQVR4nAEoANf/AEdjXVNjVlFpYAAANC8iIwAAFBUA4+bs7/X25+z1AP/6//Hj8t7Q3itpFKC+QoBVAAAAAElFTkSuQmCC'),
	('Manaphy', 'star_1', 'pokemon', 'A2', 162, 'https://assets.tcgdex.net/en/tcgp/A2/162/high.jpg', 'data:image/png;base64,iVBORw0KGgoAAAANSUhEUgAAAAMAAAAECAIAAADETxJQAAAACXBIWXMAAAsTAAALEwEAmpwYAAAAMUlEQVR4nGP4/2Lx7hdH/CeVMew4ULD1/4OEXesZGPSC4kNzOsNyGYy9YxnYjHl4zAGt9BDdTtTEfgAAAABJRU5ErkJggg=='),
	('Spiritomb', 'diamond_2', 'pokemon', 'A2', 104, 'https://assets.tcgdex.net/en/tcgp/A2/104/high.jpg', 'data:image/png;base64,iVBORw0KGgoAAAANSUhEUgAAAAMAAAAECAIAAADETxJQAAAACXBIWXMAAAsTAAALEwEAmpwYAAAAMUlEQVR4nGN4/v//iul9m87eYSiq7ZlQmhMSmcrA5eTEICrOICfHULNokX5sTFJnOwCBXRAcmV6oNgAAAABJRU5ErkJggg=='),
	('Skarmory', 'diamond_2', 'pokemon', 'A2', 111, 'https://assets.tcgdex.net/en/tcgp/A2/111/high.jpg', 'data:image/png;base64,iVBORw0KGgoAAAANSUhEUgAAAAMAAAAECAIAAADETxJQAAAACXBIWXMAAAsTAAALEwEAmpwYAAAAM0lEQVR4nAEoANf/ALGYfqeDYZNyYgBvTC8lAABvSiwA2d/g3eTn3eTmAPv9/ebr6+Dn6Xm9FvZFDUjRAAAAAElFTkSuQmCC'),
	('Wormadam', 'diamond_1', 'pokemon', 'A2', 115, 'https://assets.tcgdex.net/en/tcgp/A2/115/high.jpg', 'data:image/png;base64,iVBORw0KGgoAAAANSUhEUgAAAAMAAAAECAIAAADETxJQAAAACXBIWXMAAAsTAAALEwEAmpwYAAAAM0lEQVR4nAEoANf/AH9UZFo7SqOelABaQTY2AAFbQDsAyNHP5Ort0djcAPv8/Nzg4Nfd31LzFZTWMJgMAAAAAElFTkSuQmCC'),
	('Probopass', 'diamond_2', 'pokemon', 'A2', 118, 'https://assets.tcgdex.net/en/tcgp/A2/118/high.jpg', 'data:image/png;base64,iVBORw0KGgoAAAANSUhEUgAAAAMAAAAECAIAAADETxJQAAAACXBIWXMAAAsTAAALEwEAmpwYAAAAM0lEQVR4nAEoANf/AJy8y21weKavtgB4aFQWAQBgTEAAzc3L3ePj1tzbAPj7/OTo6dbc35T6F4WAnQ0nAAAAAElFTkSuQmCC'),
	('Eevee', 'diamond_1', 'pokemon', 'A2', 126, 'https://assets.tcgdex.net/en/tcgp/A2/126/high.jpg', 'data:image/png;base64,iVBORw0KGgoAAAANSUhEUgAAAAMAAAAECAIAAADETxJQAAAACXBIWXMAAAsTAAALEwEAmpwYAAAAM0lEQVR4nAEoANf/AJCGlHBNTZSGjwBdemoTAQBCTzoA5/Dm6u/t7/PsAP/+9vv18v/68ngpF48iHVgmAAAAAElFTkSuQmCC'),
	('Ambipom', 'diamond_1', 'pokemon', 'A2', 131, 'https://assets.tcgdex.net/en/tcgp/A2/131/high.jpg', 'data:image/png;base64,iVBORw0KGgoAAAANSUhEUgAAAAMAAAAECAIAAADETxJQAAAACXBIWXMAAAsTAAALEwEAmpwYAAAAM0lEQVR4nAEoANf/AKCbiFFEPzw3MACzqIchAwAvHAAA3d/e5uPj//ruAOfo3ePe29/b0lVXFY2ceRLcAAAAAElFTkSuQmCC'),
	('Honchkrow', 'diamond_2', 'pokemon', 'A2', 97, 'https://assets.tcgdex.net/en/tcgp/A2/097/high.jpg', 'data:image/png;base64,iVBORw0KGgoAAAANSUhEUgAAAAMAAAAECAIAAADETxJQAAAACXBIWXMAAAsTAAALEwEAmpwYAAAAMUlEQVR4nGP4//3/pfXH2iavYihySazySjKxcmWQDwllEOBnUFRk6F6/3iotLb2/DwBs0A+Mj34PsAAAAABJRU5ErkJggg=='),
	('Staraptor', 'diamond_2', 'pokemon', 'A2', 134, 'https://assets.tcgdex.net/en/tcgp/A2/134/high.jpg', 'data:image/png;base64,iVBORw0KGgoAAAANSUhEUgAAAAMAAAAECAIAAADETxJQAAAACXBIWXMAAAsTAAALEwEAmpwYAAAAM0lEQVR4nAEoANf/AEJaUxIsJmVyYAA3Vz8AFQAGSDMA5+bf//327e7rAOPj2ubj4u/q4SD+FFdvBLSCAAAAAElFTkSuQmCC'),
	('Regigigas', 'diamond_3', 'pokemon', 'A2', 143, 'https://assets.tcgdex.net/en/tcgp/A2/143/high.jpg', 'data:image/png;base64,iVBORw0KGgoAAAANSUhEUgAAAAMAAAAECAIAAADETxJQAAAACXBIWXMAAAsTAAALEwEAmpwYAAAAMUlEQVR4nGPQk+E31mQJdTdkcNAWkhVl8DaVZ1i0eP6/f39uXbvKUFyUN3falJ7OKgDYzg7faHF1hwAAAABJRU5ErkJggg=='),
	('Cyrus', 'diamond_2', 'trainer', 'A2', 150, 'https://assets.tcgdex.net/en/tcgp/A2/150/high.jpg', 'data:image/png;base64,iVBORw0KGgoAAAANSUhEUgAAAAMAAAAECAIAAADETxJQAAAACXBIWXMAAAsTAAALEwEAmpwYAAAAM0lEQVR4nAEoANf/AIaBg4KDioCBgwA2Nz8IAwk4NjIA393c1tXW6OTfAPjz7v/77Pbkz2NjFiqElyWxAAAAAElFTkSuQmCC'),
	('Shaymin', 'star_1', 'pokemon', 'A2', 159, 'https://assets.tcgdex.net/en/tcgp/A2/159/high.jpg', 'data:image/png;base64,iVBORw0KGgoAAAANSUhEUgAAAAMAAAAECAIAAADETxJQAAAACXBIWXMAAAsTAAALEwEAmpwYAAAAMUlEQVR4nGMwYxD/f+XolPp6hkxL9Xony1gnYYbls/3+fzywaXYjw9Su2E2zK0O8bAFJfBEYKgcmwAAAAABJRU5ErkJggg=='),
	('Togetic', 'diamond_2', 'pokemon', 'A2', 64, 'https://assets.tcgdex.net/en/tcgp/A2/064/high.jpg', 'data:image/png;base64,iVBORw0KGgoAAAANSUhEUgAAAAMAAAAECAIAAADETxJQAAAACXBIWXMAAAsTAAALEwEAmpwYAAAAMElEQVR4nGMwNPbKTa1h13ZnqO9f/e33/4CQVIZQxUAdBnVtBg2GIPUgUwbjEPVgAAdfC5avy5E5AAAAAElFTkSuQmCC'),
	('Bronzor', 'diamond_1', 'pokemon', 'A2', 116, 'https://assets.tcgdex.net/en/tcgp/A2/116/high.jpg', 'data:image/png;base64,iVBORw0KGgoAAAANSUhEUgAAAAMAAAAECAIAAADETxJQAAAACXBIWXMAAAsTAAALEwEAmpwYAAAAM0lEQVR4nAEoANf/AJmAaCg1Mig8OQBfSTAACwcsRkUA3OLl8vr76fDzAPv9/uPn6Nnf4TCKFOYOS1SRAAAAAElFTkSuQmCC'),
	('Bastiodon', 'diamond_3', 'pokemon', 'A2', 114, 'https://assets.tcgdex.net/en/tcgp/A2/114/high.jpg', 'data:image/png;base64,iVBORw0KGgoAAAANSUhEUgAAAAMAAAAECAIAAADETxJQAAAACXBIWXMAAAsTAAALEwEAmpwYAAAAM0lEQVR4nAEoANf/AHFnZFpOQZmUigAcCwIZAABOTUoAxcTI/f7/3ebqAODj6Nvd3MXNyj4pFJesjWXmAAAAAElFTkSuQmCC'),
	('Lickilicky ex', 'diamond_4', 'pokemon', 'A2', 125, 'https://assets.tcgdex.net/en/tcgp/A2/125/high.jpg', 'data:image/png;base64,iVBORw0KGgoAAAANSUhEUgAAAAMAAAAECAIAAADETxJQAAAACXBIWXMAAAsTAAALEwEAmpwYAAAAM0lEQVR4nAEoANf/ADMqHV82Kx0BAABiVDxMFQBsOAAAtK2d49rN//ngAJyVffXu19nQq/AVEWwb1008AAAAAElFTkSuQmCC'),
	('Porygon', 'diamond_1', 'pokemon', 'A2', 127, 'https://assets.tcgdex.net/en/tcgp/A2/127/high.jpg', 'data:image/png;base64,iVBORw0KGgoAAAANSUhEUgAAAAMAAAAECAIAAADETxJQAAAACXBIWXMAAAsTAAALEwEAmpwYAAAAM0lEQVR4nAEoANf/AF9HLVEsKDElJQCSh3EQCQQcAAAA8/Xy9/Tw//nyANzc097b2NzXzx4AE/QnpTW+AAAAAElFTkSuQmCC'),
	('Aipom', 'diamond_1', 'pokemon', 'A2', 130, 'https://assets.tcgdex.net/en/tcgp/A2/130/high.jpg', 'data:image/png;base64,iVBORw0KGgoAAAANSUhEUgAAAAMAAAAECAIAAADETxJQAAAACXBIWXMAAAsTAAALEwEAmpwYAAAAM0lEQVR4nAEoANf/ADs8KBsUGUpHKAAnKQMADgAOIAAA6Ojg/v71/Pv1AOjo3+jk4+bg2O9rErncT0iLAAAAAElFTkSuQmCC'),
	('Starly', 'diamond_1', 'pokemon', 'A2', 132, 'https://assets.tcgdex.net/en/tcgp/A2/132/high.jpg', 'data:image/png;base64,iVBORw0KGgoAAAANSUhEUgAAAAMAAAAECAIAAADETxJQAAAACXBIWXMAAAsTAAALEwEAmpwYAAAAM0lEQVR4nAEoANf/AGxya01UVpWqlAA8QDQNAQCftIwA7O3l9vTw/vjyAO7u5uzo5/Lt5nOQF3PSQtRBAAAAAElFTkSuQmCC'),
	('Giant Cape', 'diamond_2', 'trainer', 'A2', 147, 'https://assets.tcgdex.net/en/tcgp/A2/147/high.jpg', 'data:image/png;base64,iVBORw0KGgoAAAANSUhEUgAAAAMAAAAECAIAAADETxJQAAAACXBIWXMAAAsTAAALEwEAmpwYAAAAM0lEQVR4nAEoANf/ADEyKzM6NDI0KwANJgAAFgAAGQAAy8/N9f3m3OPbAOnl6trL3cS0xONCEXJNCYhPAAAAAElFTkSuQmCC'),
	('Cynthia', 'diamond_2', 'trainer', 'A2', 152, 'https://assets.tcgdex.net/en/tcgp/A2/152/high.jpg', 'data:image/png;base64,iVBORw0KGgoAAAANSUhEUgAAAAMAAAAECAIAAADETxJQAAAACXBIWXMAAAsTAAALEwEAmpwYAAAAM0lEQVR4nAEoANf/AJuqnK6vpufm5QBTaV8HAACOhnkA29TVycjM2NbRAPTw6//46fbkz79JGP5hNScnAAAAAElFTkSuQmCC'),
	('Volkner', 'diamond_2', 'trainer', 'A2', 153, 'https://assets.tcgdex.net/en/tcgp/A2/153/high.jpg', 'data:image/png;base64,iVBORw0KGgoAAAANSUhEUgAAAAMAAAAECAIAAADETxJQAAAACXBIWXMAAAsTAAALEwEAmpwYAAAAM0lEQVR4nAEoANf/AGxzcm1+eXmJhwBdfmcADg2FpIoA7u/g29/b+PnvAOzm5f3y5ujWwoLLF43kIFz8AAAAAElFTkSuQmCC'),
	('Mamoswine', 'star_1', 'pokemon', 'A2', 160, 'https://assets.tcgdex.net/en/tcgp/A2/160/high.jpg', 'data:image/png;base64,iVBORw0KGgoAAAANSUhEUgAAAAMAAAAECAIAAADETxJQAAAACXBIWXMAAAsTAAALEwEAmpwYAAAAM0lEQVR4nAEoANf/AMO5tOTc3I2GeACmmI1eUDyGfG4AUD81JgAAm4RlAHdxa/r5687OxIm0E3w85fNHAAAAAElFTkSuQmCC'),
	('Croagunk', 'diamond_1', 'pokemon', 'A2', 107, 'https://assets.tcgdex.net/en/tcgp/A2/107/high.jpg', 'data:image/png;base64,iVBORw0KGgoAAAANSUhEUgAAAAMAAAAECAIAAADETxJQAAAACXBIWXMAAAsTAAALEwEAmpwYAAAAM0lEQVR4nAEoANf/AO3997rK3cPQyADLyrSttM2eopMADUdEABEOACIiAGaLjCtWV1F4dswdEnfkDs7UAAAAAElFTkSuQmCC'),
	('Kirlia', 'diamond_1', 'pokemon', 'A2', 69, 'https://assets.tcgdex.net/en/tcgp/A2/069/high.jpg', 'data:image/png;base64,iVBORw0KGgoAAAANSUhEUgAAAAMAAAAECAIAAADETxJQAAAACXBIWXMAAAsTAAALEwEAmpwYAAAAMUlEQVR4nGN4duhid0/b4toehqV13cf+H5/UXMFQ6VRkyWCiz2DI0Bjc4Mbn0hHWAgCN1BDSKu3NZgAAAABJRU5ErkJggg=='),
	('Shieldon', 'diamond_2', 'pokemon', 'A2', 113, 'https://assets.tcgdex.net/en/tcgp/A2/113/high.jpg', 'data:image/png;base64,iVBORw0KGgoAAAANSUhEUgAAAAMAAAAECAIAAADETxJQAAAACXBIWXMAAAsTAAALEwEAmpwYAAAAM0lEQVR4nAEoANf/AJ2ZgJiaiFZVPgA0MgVVTioTCwAAytHU2+Lj1tzdAPv8/N3i48/V11k6FV74YnDFAAAAAElFTkSuQmCC'),
	('Rhyhorn', 'diamond_1', 'pokemon', 'A2', 80, 'https://assets.tcgdex.net/en/tcgp/A2/080/high.jpg', 'data:image/png;base64,iVBORw0KGgoAAAANSUhEUgAAAAMAAAAECAIAAADETxJQAAAACXBIWXMAAAsTAAALEwEAmpwYAAAAM0lEQVR4nAEoANf/AP/56ZB9d417bADXwK0lHSQYBQAA+rUt76Ae5ZQTAP/cd/+7Qfu5Xo+5FBXrYeiLAAAAAElFTkSuQmCC'),
	('Garchomp', 'diamond_3', 'pokemon', 'A2', 123, 'https://assets.tcgdex.net/en/tcgp/A2/123/high.jpg', 'data:image/png;base64,iVBORw0KGgoAAAANSUhEUgAAAAMAAAAECAIAAADETxJQAAAACXBIWXMAAAsTAAALEwEAmpwYAAAAM0lEQVR4nAEoANf/ALKnj0xHMbCqiwCWdl8jAgA+MSkAz608//1huqIiAMKuZLujP6+YQ0plEUjQ9DWLAAAAAElFTkSuQmCC'),
	('Buneary', 'diamond_1', 'pokemon', 'A2', 137, 'https://assets.tcgdex.net/en/tcgp/A2/137/high.jpg', 'data:image/png;base64,iVBORw0KGgoAAAANSUhEUgAAAAMAAAAECAIAAADETxJQAAAACXBIWXMAAAsTAAALEwEAmpwYAAAAM0lEQVR4nAEoANf/AGJhQjMvCkdQNgBaXyYwJAAHEgAA2tzW9vb07urmANTTy83Ix9HLwhEAEuEoy6dEAAAAAElFTkSuQmCC'),
	('Bibarel', 'diamond_1', 'pokemon', 'A2', 136, 'https://assets.tcgdex.net/en/tcgp/A2/136/high.jpg', 'data:image/png;base64,iVBORw0KGgoAAAANSUhEUgAAAAMAAAAECAIAAADETxJQAAAACXBIWXMAAAsTAAALEwEAmpwYAAAAM0lEQVR4nAEoANf/AIh7bGlpXIilqwBNTz0MDQBCZmgA+f36/Pz//fj2APX16vLt6vTv53slF7HDgt+RAAAAAElFTkSuQmCC'),
	('Lopunny', 'diamond_1', 'pokemon', 'A2', 138, 'https://assets.tcgdex.net/en/tcgp/A2/138/high.jpg', 'data:image/png;base64,iVBORw0KGgoAAAANSUhEUgAAAAMAAAAECAIAAADETxJQAAAACXBIWXMAAAsTAAALEwEAmpwYAAAAM0lEQVR4nAEoANf/AHmAeWhtWI+omwA9aWUAEw0samIA6+/q+Pb3/vfzAO/v5PDt6fTu5nmFF3br8+GdAAAAAElFTkSuQmCC'),
	('Team Galactic Grunt', 'diamond_2', 'trainer', 'A2', 151, 'https://assets.tcgdex.net/en/tcgp/A2/151/high.jpg', 'data:image/png;base64,iVBORw0KGgoAAAANSUhEUgAAAAMAAAAECAIAAADETxJQAAAACXBIWXMAAAsTAAALEwEAmpwYAAAAM0lEQVR4nAEoANf/AHJxcXKEiGlucQAkJCEAAgYUGiAA3tzcyMjO6OfnAPjz7v/87fHfykAPFN8m30EuAAAAAElFTkSuQmCC'),
	('Dawn', 'diamond_2', 'trainer', 'A2', 154, 'https://assets.tcgdex.net/en/tcgp/A2/154/high.jpg', 'data:image/png;base64,iVBORw0KGgoAAAANSUhEUgAAAAMAAAAECAIAAADETxJQAAAACXBIWXMAAAsTAAALEwEAmpwYAAAAM0lEQVR4nAEoANf/ALTEoarIxKa9wgAxXzgACwA8aEcA7unl9/Ly9PPrAP349f/77fnn0rZTGR9ri32TAAAAAElFTkSuQmCC'),
	('Rotom', 'star_1', 'pokemon', 'A2', 164, 'https://assets.tcgdex.net/en/tcgp/A2/164/high.jpg', 'data:image/png;base64,iVBORw0KGgoAAAANSUhEUgAAAAMAAAAECAIAAADETxJQAAAACXBIWXMAAAsTAAALEwEAmpwYAAAAMElEQVR4nGMIW7OJwTPs9P//DJqBAcwsDAwmegzKRuoMfPx83AwMcRXxgpI8Jg7mAOVXCRiGXWn5AAAAAElFTkSuQmCC');

INSERT INTO "public"."pokemon_card" ("id", "hp", "type", "retreat_cost", "weakness", "is_ex", "stage", "ability_name", "ability_effect") VALUES
	('A1-028', 80, 'grass', 1, 'fire', false, 'Stage 1', NULL, NULL),
	('A1-031', 70, 'grass', 1, 'fire', false, 'Basic', NULL, NULL),
	('A1-001', 70, 'grass', 1, 'fire', false, 'Basic', NULL, NULL),
	('A1-017', 80, 'grass', 1, 'fire', false, 'Stage 1', NULL, NULL),
	('A1-010', 120, 'grass', 1, 'fire', false, 'Stage 2', NULL, NULL),
	('A1-024', 80, 'grass', 2, 'fire', false, 'Basic', NULL, NULL),
	('A1-042', 60, 'fire', 1, 'water', false, 'Basic', NULL, NULL),
	('A1-004', 190, 'grass', 3, 'fire', true, 'Stage 2', NULL, NULL),
	('A1-040', 130, 'fire', 2, 'water', false, 'Stage 1', NULL, NULL),
	('A1-007', 120, 'grass', 1, 'fire', false, 'Stage 2', 'Powder Heal', 'Once during your turn, you may heal 20 damage from each of your Pokémon.'),
	('A1-013', 140, 'grass', 3, 'fire', false, 'Stage 2', NULL, NULL),
	('A1-020', 140, 'grass', 2, 'fire', false, 'Stage 2', 'Fragrance Trap', 'If this Pokémon is in the Active Spot, once during your turn, you may switch in 1 of your opponent''s Benched Basic Pokémon to the Active Spot.'),
	('A1-025', 70, 'grass', 1, 'fire', false, 'Basic', NULL, NULL),
	('A1-034', 90, 'fire', 2, 'water', false, 'Stage 1', NULL, NULL),
	('A1-039', 70, 'fire', 1, 'water', false, 'Basic', NULL, NULL),
	('A1-037', 50, 'fire', 1, 'water', false, 'Basic', NULL, NULL),
	('A1-002', 90, 'grass', 2, 'fire', false, 'Stage 1', NULL, NULL),
	('A1-022', 130, 'grass', 3, 'fire', false, 'Stage 1', NULL, NULL),
	('A1-021', 50, 'grass', 1, 'fire', false, 'Basic', NULL, NULL),
	('A1-062', 60, 'water', 1, 'lightning', false, 'Basic', NULL, NULL),
	('A1-051', 60, 'fire', 1, 'water', false, 'Basic', NULL, NULL),
	('A1-063', 110, 'water', 2, 'lightning', false, 'Stage 1', NULL, NULL),
	('A1-016', 60, 'grass', 1, 'fire', false, 'Basic', NULL, NULL),
	('A1-043', 100, 'fire', 1, 'water', false, 'Stage 1', NULL, NULL),
	('A1-059', 60, 'water', 1, 'lightning', false, 'Basic', NULL, NULL),
	('A1-030', 100, 'grass', 1, 'fire', false, 'Stage 1', NULL, NULL),
	('A1-018', 60, 'grass', 1, 'fire', false, 'Basic', NULL, NULL),
	('A1-067', 120, 'water', 3, 'lightning', false, 'Stage 1', 'Shell Armor', 'This Pokémon takes -10 damage from attacks.'),
	('A1-093', 90, 'water', 1, 'metal', false, 'Stage 1', NULL, NULL),
	('A1-026', 90, 'grass', 2, 'fire', false, 'Basic', NULL, NULL),
	('A1-055', 150, 'water', 3, 'lightning', false, 'Stage 2', NULL, NULL),
	('A1-096', 120, 'lightning', 1, 'fighting', true, 'Basic', NULL, NULL),
	('A1-185', 160, 'dragon', 3, NULL, false, 'Stage 2', NULL, NULL),
	('A1-035', 150, 'fire', 2, 'water', false, 'Stage 2', NULL, NULL),
	('A1-118', 70, 'psychic', 2, 'darkness', false, 'Basic', NULL, NULL),
	('A1-251', 190, 'grass', 3, 'fire', true, 'Stage 2', NULL, NULL),
	('A1-045', 120, 'fire', 2, 'water', false, 'Stage 1', NULL, NULL),
	('A1-072', 60, 'water', 1, 'lightning', false, 'Basic', NULL, NULL),
	('A1-064', 80, 'water', 2, 'lightning', false, 'Basic', NULL, NULL),
	('A1-019', 90, 'grass', 2, 'fire', false, 'Stage 1', NULL, NULL),
	('A1-015', 120, 'grass', 2, 'fire', false, 'Stage 1', NULL, NULL),
	('A1-006', 80, 'grass', 2, 'fire', false, 'Stage 1', NULL, NULL),
	('A1-065', 120, 'water', 3, 'lightning', false, 'Stage 1', NULL, NULL),
	('A1-092', 50, 'water', 1, 'metal', false, 'Basic', NULL, NULL),
	('A1-003', 160, 'grass', 3, 'fire', false, 'Stage 2', NULL, NULL),
	('A1-038', 90, 'fire', 1, 'water', false, 'Stage 1', NULL, NULL),
	('A1-091', 90, 'water', 1, 'lightning', false, 'Basic', NULL, NULL),
	('A1-009', 80, 'grass', 2, 'fire', false, 'Stage 1', NULL, NULL),
	('A1-046', 100, 'fire', 1, 'lightning', false, 'Basic', NULL, NULL),
	('A1-023', 160, 'grass', 3, 'fire', true, 'Stage 1', NULL, NULL),
	('A1-032', 120, 'grass', 2, 'fire', false, 'Stage 1', NULL, NULL),
	('A1-056', 180, 'water', 3, 'lightning', true, 'Stage 2', NULL, NULL),
	('A1-005', 50, 'grass', 1, 'fire', false, 'Basic', NULL, NULL),
	('A1-027', 50, 'grass', 1, 'fire', false, 'Basic', NULL, NULL),
	('A1-146', 180, 'fighting', 3, 'psychic', true, 'Stage 2', NULL, NULL),
	('A1-011', 60, 'grass', 1, 'fire', false, 'Basic', NULL, NULL),
	('A1-012', 80, 'grass', 2, 'fire', false, 'Stage 1', NULL, NULL),
	('A1-070', 60, 'water', 1, 'lightning', false, 'Basic', NULL, NULL),
	('A1-057', 60, 'water', 1, 'lightning', false, 'Basic', NULL, NULL),
	('A1-071', 70, 'water', 1, 'lightning', false, 'Stage 1', NULL, NULL),
	('A1-054', 80, 'water', 1, 'lightning', false, 'Stage 1', NULL, NULL),
	('A1-060', 90, 'water', 2, 'lightning', false, 'Stage 1', NULL, NULL),
	('A1-033', 60, 'fire', 1, 'water', false, 'Basic', NULL, NULL),
	('A1-048', 80, 'fire', 1, 'water', false, 'Basic', NULL, NULL),
	('A1-041', 150, 'fire', 2, 'water', true, 'Stage 1', NULL, NULL),
	('A1-049', 60, 'fire', 1, 'water', false, 'Basic', NULL, NULL),
	('A1-073', 100, 'water', 1, 'lightning', false, 'Stage 1', NULL, NULL),
	('A1-069', 120, 'water', 3, 'lightning', false, 'Stage 1', NULL, NULL),
	('A1-036', 180, 'fire', 2, 'water', true, 'Stage 2', NULL, NULL),
	('A1-008', 50, 'grass', 1, 'fire', false, 'Basic', NULL, NULL),
	('A1-053', 60, 'water', 1, 'lightning', false, 'Basic', NULL, NULL),
	('A1-052', 130, 'fire', 3, 'water', false, 'Stage 1', NULL, NULL),
	('A1-088', 80, 'water', 1, 'lightning', false, 'Stage 1', NULL, NULL),
	('A1-044', 80, 'fire', 2, 'water', false, 'Basic', NULL, NULL),
	('A1-116', 80, 'psychic', 1, 'darkness', false, 'Stage 1', NULL, NULL),
	('A1-109', 140, 'lightning', 3, 'fighting', false, 'Stage 2', NULL, NULL),
	('A1-104', 130, 'lightning', 1, 'lightning', true, 'Basic', NULL, NULL),
	('A1-087', 60, 'water', 1, 'lightning', false, 'Basic', NULL, NULL),
	('A1-074', 50, 'water', 1, 'lightning', false, 'Basic', NULL, NULL),
	('A1-112', 70, 'lightning', 1, 'fighting', false, 'Basic', NULL, NULL),
	('A1-050', 90, 'fire', 1, 'water', false, 'Stage 1', NULL, NULL),
	('A1-086', 90, 'water', 1, 'lightning', false, 'Stage 1', NULL, NULL),
	('A1-136', 140, 'psychic', 4, 'darkness', false, 'Stage 1', NULL, NULL),
	('A1-173', 70, 'darkness', 1, 'fighting', false, 'Stage 1', NULL, NULL),
	('A1-077', 30, 'water', 1, 'lightning', false, 'Basic', NULL, NULL),
	('A1-111', 90, 'lightning', 1, 'fighting', false, 'Stage 1', NULL, NULL),
	('A1-061', 150, 'water', 2, 'lightning', false, 'Stage 2', 'Counterattack', 'If this Pokémon is in the Active Spot and is damaged by an attack from your opponent''s Pokémon, do 20 damage to the Attacking Pokémon.'),
	('A1-123', 170, 'psychic', 2, 'darkness', true, 'Stage 2', 'Shadowy Spellbind', 'As long as this Pokémon is in the Active Spot, your opponent can''t use any Supporter cards from their hand.'),
	('A1-094', 60, 'lightning', 1, 'fighting', false, 'Basic', NULL, NULL),
	('A1-137', 70, 'fighting', 1, 'grass', false, 'Basic', NULL, NULL),
	('A1-076', 130, 'water', 0, 'lightning', true, 'Stage 1', NULL, NULL),
	('A1-131', 80, 'psychic', 1, 'darkness', false, 'Stage 1', NULL, NULL),
	('A1-102', 90, 'lightning', 1, 'fighting', false, 'Stage 1', NULL, NULL),
	('A1-078', 150, 'water', 4, 'lightning', false, 'Stage 1', NULL, NULL),
	('A1-113', 60, 'psychic', 1, 'metal', false, 'Basic', NULL, NULL),
	('A1-126', 80, 'psychic', 1, 'darkness', false, 'Basic', NULL, NULL),
	('A1-127', 80, 'psychic', 1, 'darkness', false, 'Basic', NULL, NULL),
	('A1-080', 130, 'water', 2, 'lightning', false, 'Stage 1', NULL, NULL),
	('A1-084', 140, 'water', 2, 'lightning', true, 'Basic', NULL, NULL),
	('A1-101', 70, 'lightning', 1, 'fighting', false, 'Basic', NULL, NULL),
	('A1-141', 60, 'fighting', 1, 'psychic', false, 'Basic', NULL, NULL),
	('A1-014', 70, 'grass', 1, 'fire', false, 'Basic', NULL, NULL),
	('A1-168', 140, 'darkness', 2, 'fighting', false, 'Stage 2', NULL, NULL),
	('A1-130', 60, 'psychic', 1, 'darkness', false, 'Basic', NULL, NULL),
	('A1-083', 100, 'water', 1, 'lightning', false, 'Basic', NULL, NULL),
	('A1-169', 60, 'darkness', 1, 'fighting', false, 'Basic', NULL, NULL),
	('A1-058', 90, 'water', 1, 'lightning', false, 'Stage 1', NULL, NULL),
	('A1-144', 100, 'fighting', 2, 'psychic', false, 'Stage 1', NULL, NULL),
	('A1-154', 80, 'fighting', 1, 'psychic', false, 'Basic', NULL, NULL),
	('A1-138', 100, 'fighting', 2, 'grass', false, 'Stage 1', NULL, NULL),
	('A1-164', 60, 'darkness', 1, 'fighting', false, 'Basic', NULL, NULL),
	('A1-134', 90, 'psychic', 1, 'darkness', false, 'Stage 1', NULL, NULL),
	('A1-170', 90, 'darkness', 2, 'fighting', false, 'Stage 1', NULL, NULL),
	('A1-192', 100, 'colorless', 1, 'lightning', false, 'Stage 1', NULL, NULL),
	('A1-068', 70, 'water', 2, 'lightning', false, 'Basic', NULL, NULL),
	('A1-128', 120, 'psychic', 2, 'darkness', false, 'Basic', NULL, NULL),
	('A1-186', 60, 'colorless', 1, 'lightning', false, 'Basic', NULL, NULL),
	('A1-105', 60, 'lightning', 1, 'fighting', false, 'Basic', NULL, NULL),
	('A1-210', 100, 'colorless', 1, 'lightning', false, 'Stage 1', NULL, NULL),
	('A1-255', 140, 'fire', 2, 'lightning', true, 'Basic', NULL, NULL),
	('A1-155', 80, 'fighting', 1, 'psychic', false, 'Basic', NULL, NULL),
	('A1-232', 60, 'water', 1, 'lightning', false, 'Basic', NULL, NULL),
	('A1-165', 100, 'darkness', 2, 'fighting', false, 'Stage 1', NULL, NULL),
	('A1-190', 80, 'colorless', 1, 'fighting', false, 'Stage 1', NULL, NULL),
	('A1-215', 120, 'colorless', 2, 'fighting', false, 'Stage 1', NULL, NULL),
	('A1-238', 50, 'fighting', 1, 'grass', false, 'Basic', NULL, NULL),
	('A1-282', 150, 'psychic', 2, 'darkness', true, 'Basic', NULL, NULL),
	('A1-175', 130, 'darkness', 3, 'fighting', false, 'Stage 1', NULL, NULL),
	('A1-204', 100, 'colorless', 2, 'fighting', false, 'Basic', NULL, NULL),
	('A1-242', 70, 'darkness', 1, 'fighting', false, 'Stage 1', NULL, NULL),
	('A1-278', 180, 'fighting', 3, 'psychic', true, 'Stage 2', NULL, NULL),
	('A1-275', 140, 'water', 2, 'lightning', true, 'Basic', NULL, NULL),
	('A1-252', 160, 'grass', 3, 'fire', true, 'Stage 1', NULL, NULL),
	('A1-082', 140, 'water', 2, 'lightning', false, 'Stage 2', NULL, NULL),
	('A1-106', 90, 'lightning', 1, 'fighting', false, 'Stage 1', NULL, NULL),
	('A1-095', 100, 'lightning', 1, 'fighting', false, 'Stage 1', NULL, NULL),
	('A1-097', 60, 'lightning', 1, 'fighting', false, 'Basic', NULL, NULL),
	('A1-189', 40, 'colorless', 1, 'fighting', false, 'Basic', NULL, NULL),
	('A1-047', 140, 'fire', 2, 'lightning', true, 'Basic', NULL, NULL),
	('A1-108', 80, 'lightning', 2, 'fighting', false, 'Stage 1', NULL, NULL),
	('A1-197', 90, 'colorless', 1, 'fighting', false, 'Stage 1', NULL, NULL),
	('A1-029', 60, 'grass', 1, 'fire', false, 'Basic', NULL, NULL),
	('A1-243', 110, 'darkness', 3, 'fighting', false, 'Stage 1', 'Gas Leak', 'Once during your turn, if this Pokémon is in the Active Spot, you may make your opponent''s Active Pokémon Poisoned.'),
	('A1-140', 70, 'fighting', 1, 'grass', false, 'Stage 1', NULL, NULL),
	('A1-212', 60, 'colorless', 1, 'fighting', false, 'Basic', NULL, NULL),
	('A1-209', 50, 'colorless', 1, 'fighting', false, 'Basic', 'Data Scan', 'Once during your turn, you may look at the top card of your deck.'),
	('A1-179', 50, 'metal', 1, 'fire', false, 'Basic', NULL, NULL),
	('A1-203', 100, 'colorless', 3, 'fighting', false, 'Basic', NULL, NULL),
	('A1-143', 70, 'fighting', 2, 'psychic', false, 'Basic', NULL, NULL),
	('A1-276', 130, 'lightning', 1, 'lightning', true, 'Basic', NULL, NULL),
	('A1-161', 80, 'fighting', 1, 'psychic', false, 'Stage 1', NULL, NULL),
	('A1-281', 120, 'lightning', 1, 'fighting', true, 'Basic', NULL, NULL),
	('A1-257', 130, 'water', 0, 'lightning', true, 'Stage 1', NULL, NULL),
	('A1-085', 50, 'water', 1, 'lightning', false, 'Basic', NULL, NULL),
	('A1-079', 100, 'water', 2, 'lightning', false, 'Basic', NULL, NULL),
	('A1-158', 90, 'fighting', 1, 'grass', false, 'Stage 1', NULL, NULL),
	('A1-184', 100, 'dragon', 1, NULL, false, 'Stage 1', NULL, NULL),
	('A1-152', 100, 'fighting', 1, 'grass', false, 'Stage 1', NULL, NULL),
	('A1-191', 60, 'colorless', 1, 'lightning', false, 'Basic', NULL, NULL),
	('A1-214', 70, 'colorless', 1, 'fighting', false, 'Basic', NULL, NULL),
	('A1-248', 60, 'colorless', 1, 'fighting', false, 'Basic', NULL, NULL),
	('A1-205', 70, 'colorless', 1, 'fighting', false, 'Basic', NULL, NULL),
	('A1-246', 60, 'colorless', 1, 'fighting', false, 'Basic', NULL, NULL),
	('A1-258', 140, 'water', 2, 'lightning', true, 'Basic', NULL, NULL),
	('A1-244', 160, 'dragon', 3, NULL, false, 'Stage 2', NULL, NULL),
	('A1-201', 90, 'colorless', 3, 'fighting', false, 'Basic', NULL, NULL),
	('A1-151', 60, 'fighting', 1, 'grass', false, 'Basic', NULL, NULL),
	('A1-277', 170, 'psychic', 2, 'darkness', true, 'Stage 2', 'Shadowy Spellbind', 'As long as this Pokémon is in the Active Spot, your opponent can''t use any Supporter cards from their hand.'),
	('A1-119', 130, 'psychic', 3, 'darkness', false, 'Stage 1', NULL, NULL),
	('A1-234', 100, 'water', 2, 'lightning', false, 'Basic', NULL, NULL),
	('A1-178', 70, 'metal', 1, 'fire', false, 'Basic', NULL, NULL),
	('A1-135', 90, 'psychic', 3, 'darkness', false, 'Basic', NULL, NULL),
	('A1-156', 80, 'fighting', 3, 'grass', false, 'Basic', NULL, NULL),
	('A1-090', 70, 'water', 1, 'lightning', false, 'Basic', NULL, NULL),
	('A1-159', 140, 'fighting', 1, 'grass', false, 'Stage 2', NULL, NULL),
	('A1-200', 80, 'colorless', 0, 'lightning', false, 'Stage 1', NULL, NULL),
	('A1-066', 60, 'water', 1, 'lightning', false, 'Basic', NULL, NULL),
	('A1-195', 140, 'colorless', 2, 'fighting', true, 'Stage 1', NULL, NULL),
	('A1-121', 80, 'psychic', 1, 'darkness', false, 'Stage 1', NULL, NULL),
	('A1-229', 90, 'grass', 2, 'fire', false, 'Basic', NULL, NULL),
	('A1-247', 70, 'colorless', 1, 'fighting', false, 'Basic', NULL, NULL),
	('A1-162', 80, 'fighting', 2, 'psychic', false, 'Basic', NULL, NULL),
	('A1-264', 140, 'fighting', 1, 'grass', true, 'Stage 1', NULL, NULL),
	('A1-250', 150, 'colorless', 4, 'fighting', false, 'Basic', NULL, NULL),
	('A1-262', 150, 'psychic', 2, 'darkness', true, 'Basic', NULL, NULL),
	('A1-254', 150, 'fire', 2, 'water', true, 'Stage 1', NULL, NULL),
	('A1-245', 130, 'colorless', 1, 'lightning', false, 'Stage 2', 'Drive Off', 'Once during your turn, you may switch out your opponent''s Active Pokémon to the Bench. (Your opponent chooses the new Active Pokémon.)'),
	('A1-157', 120, 'fighting', 4, 'grass', false, 'Stage 1', NULL, NULL),
	('A1-160', 60, 'fighting', 1, 'psychic', false, 'Basic', NULL, NULL),
	('A1-261', 170, 'psychic', 2, 'darkness', true, 'Stage 2', 'Shadowy Spellbind', 'As long as this Pokémon is in the Active Spot, your opponent can''t use any Supporter cards from their hand.'),
	('A1-260', 130, 'lightning', 1, 'lightning', true, 'Basic', NULL, NULL),
	('A1-166', 60, 'darkness', 1, 'fighting', false, 'Basic', NULL, NULL),
	('A1-133', 60, 'psychic', 1, 'darkness', false, 'Basic', NULL, NULL),
	('A1-142', 90, 'fighting', 1, 'psychic', false, 'Stage 1', NULL, NULL),
	('A1-132', 110, 'psychic', 2, 'darkness', false, 'Stage 2', 'Psy Shadow', 'Once during your turn, you may take 1 {P} Energy from your Energy Zone and attach it to the {P} Pokémon in the Active Spot.'),
	('A1-187', 80, 'colorless', 1, 'lightning', false, 'Stage 1', NULL, NULL),
	('A1-182', 130, 'metal', 3, 'fire', false, 'Stage 1', 'Hard Coat', 'This Pokémon takes -20 damage from attacks.'),
	('A1-100', 80, 'lightning', 0, 'fighting', false, 'Stage 1', NULL, NULL),
	('A1-110', 60, 'lightning', 1, 'fighting', false, 'Basic', NULL, NULL),
	('A1-117', 130, 'psychic', 2, 'darkness', false, 'Stage 2', NULL, NULL),
	('A1-240', 140, 'darkness', 2, 'fighting', false, 'Stage 2', NULL, NULL),
	('A1-120', 60, 'psychic', 1, 'darkness', false, 'Basic', NULL, NULL),
	('A1-181', 60, 'metal', 1, 'fire', false, 'Basic', NULL, NULL),
	('A1-227', 70, 'grass', 1, 'fire', false, 'Basic', NULL, NULL),
	('A1-163', 130, 'fighting', 3, 'psychic', false, 'Stage 1', NULL, NULL),
	('A1-122', 130, 'psychic', 2, 'darkness', false, 'Stage 2', NULL, NULL),
	('A1-241', 150, 'darkness', 3, 'fighting', false, 'Stage 2', NULL, NULL),
	('A1-125', 100, 'psychic', 2, 'darkness', false, 'Stage 1', 'Sleep Pendulum', 'Once during your turn, you may flip a coin. If heads, your opponent''s Active Pokémon is now Asleep.'),
	('A1-286', 150, 'psychic', 2, 'darkness', true, 'Basic', NULL, NULL),
	('A1-259', 120, 'lightning', 1, 'fighting', true, 'Basic', NULL, NULL),
	('A1-231', 100, 'fire', 1, 'water', false, 'Stage 1', NULL, NULL),
	('A1-236', 130, 'psychic', 2, 'darkness', false, 'Stage 2', NULL, NULL),
	('A1-145', 150, 'fighting', 3, 'psychic', false, 'Stage 2', NULL, NULL),
	('A1-103', 100, 'lightning', 1, 'lightning', false, 'Basic', NULL, NULL),
	('A1-099', 60, 'lightning', 1, 'fighting', false, 'Basic', NULL, NULL),
	('A1-150', 110, 'fighting', 4, 'grass', false, 'Basic', NULL, NULL),
	('A1-213', 90, 'colorless', 1, 'fighting', false, 'Stage 1', NULL, NULL),
	('A1-176', 70, 'darkness', 1, 'fighting', false, 'Basic', NULL, NULL),
	('A1-202', 120, 'colorless', 3, 'fighting', false, 'Basic', NULL, NULL),
	('A1-171', 150, 'darkness', 3, 'fighting', false, 'Stage 2', NULL, NULL),
	('A1-199', 60, 'colorless', 1, 'lightning', false, 'Basic', NULL, NULL),
	('A1-188', 130, 'colorless', 1, 'lightning', false, 'Stage 2', 'Drive Off', 'Once during your turn, you may switch out your opponent''s Active Pokémon to the Bench. (Your opponent chooses the new Active Pokémon.)'),
	('A1-107', 30, 'lightning', 1, 'fighting', false, 'Basic', NULL, NULL),
	('A1-089', 120, 'water', 1, 'lightning', false, 'Stage 2', 'Water Shuriken', 'Once during your turn, you may do 20 damage to 1 of your opponent''s Pokémon.'),
	('A1-124', 70, 'psychic', 2, 'darkness', false, 'Basic', NULL, NULL),
	('A1-256', 180, 'water', 3, 'lightning', true, 'Stage 2', NULL, NULL),
	('A1-147', 70, 'fighting', 2, 'grass', false, 'Basic', NULL, NULL),
	('A1-115', 60, 'psychic', 1, 'darkness', false, 'Basic', NULL, NULL),
	('A1-239', 60, 'fighting', 1, 'grass', false, 'Basic', NULL, NULL),
	('A1-228', 80, 'grass', 2, 'fire', false, 'Stage 1', NULL, NULL),
	('A1-193', 60, 'colorless', 1, 'fighting', false, 'Basic', NULL, NULL),
	('A1-174', 70, 'darkness', 3, 'fighting', false, 'Basic', NULL, NULL),
	('A1-081', 90, 'water', 1, 'lightning', false, 'Stage 1', NULL, NULL),
	('A1-129', 150, 'psychic', 2, 'darkness', true, 'Basic', NULL, NULL),
	('A1-075', 90, 'water', 0, 'lightning', false, 'Stage 1', NULL, NULL),
	('A1-153', 140, 'fighting', 1, 'grass', true, 'Stage 1', NULL, NULL),
	('A1-180', 90, 'metal', 1, 'fire', false, 'Stage 1', NULL, NULL),
	('A1-167', 80, 'darkness', 1, 'fighting', false, 'Stage 1', NULL, NULL),
	('A1-194', 100, 'colorless', 2, 'fighting', false, 'Stage 1', NULL, NULL),
	('A1-249', 50, 'colorless', 1, 'fighting', false, 'Basic', 'Data Scan', 'Once during your turn, you may look at the top card of your deck.'),
	('A1-198', 60, 'colorless', 1, 'lightning', false, 'Basic', NULL, NULL),
	('A1-206', 60, 'colorless', 1, 'fighting', false, 'Basic', NULL, NULL),
	('A1-183', 70, 'dragon', 1, NULL, false, 'Basic', NULL, NULL),
	('A1-274', 140, 'fire', 2, 'lightning', true, 'Basic', NULL, NULL),
	('A1-280', 180, 'fire', 2, 'water', true, 'Stage 2', NULL, NULL),
	('A1-208', 60, 'colorless', 1, 'fighting', false, 'Basic', NULL, NULL),
	('A1-211', 150, 'colorless', 4, 'fighting', false, 'Basic', NULL, NULL),
	('A1-114', 100, 'psychic', 1, 'metal', false, 'Stage 1', NULL, NULL),
	('A1-233', 150, 'water', 4, 'lightning', false, 'Stage 1', NULL, NULL),
	('A1-098', 80, 'lightning', 2, 'fighting', false, 'Stage 1', 'Volt Charge', 'Once during your turn, you may take a {L} Energy from your Energy Zone and attach it to this Pokémon.'),
	('A1-253', 180, 'fire', 2, 'water', true, 'Stage 2', NULL, NULL),
	('A1-196', 60, 'colorless', 1, 'fighting', false, 'Basic', NULL, NULL),
	('A1-283', 60, 'psychic', 1, 'darkness', false, 'Basic', NULL, NULL),
	('A1-235', 80, 'lightning', 0, 'fighting', false, 'Stage 1', NULL, NULL),
	('A1-237', 70, 'psychic', 2, 'darkness', false, 'Basic', NULL, NULL),
	('A1-265', 140, 'colorless', 2, 'fighting', true, 'Stage 1', NULL, NULL),
	('A1-279', 140, 'colorless', 2, 'fighting', true, 'Stage 1', NULL, NULL),
	('A1-285', 120, 'lightning', 1, 'fighting', true, 'Basic', NULL, NULL),
	('A1-284', 180, 'fire', 2, 'water', true, 'Stage 2', NULL, NULL),
	('A1-177', 110, 'darkness', 3, 'fighting', false, 'Stage 1', 'Gas Leak', 'Once during your turn, if this Pokémon is in the Active Spot, you may make your opponent''s Active Pokémon Poisoned.'),
	('A1-148', 100, 'fighting', 3, 'grass', false, 'Stage 1', NULL, NULL),
	('A1-230', 60, 'fire', 1, 'water', false, 'Basic', NULL, NULL),
	('A1-207', 60, 'colorless', 1, 'fighting', false, 'Basic', NULL, NULL),
	('A1-172', 50, 'darkness', 1, 'fighting', false, 'Basic', NULL, NULL),
	('A1-149', 160, 'fighting', 4, 'grass', false, 'Stage 2', NULL, NULL),
	('A1-263', 180, 'fighting', 3, 'psychic', true, 'Stage 2', NULL, NULL),
	('A1-139', 50, 'fighting', 1, 'grass', false, 'Basic', NULL, NULL),
	('A1a-008', 90, 'grass', 2, 'fire', false, 'Stage 1', NULL, NULL),
	('A1a-004', 70, 'grass', 1, 'fire', false, 'Basic', NULL, NULL),
	('A1a-001', 50, 'grass', 1, 'fire', false, 'Basic', NULL, NULL),
	('A1a-003', 130, 'grass', 1, 'fire', true, 'Basic', NULL, NULL),
	('A1a-002', 130, 'grass', 3, 'fire', false, 'Stage 1', NULL, NULL),
	('A1a-012', 80, 'fire', 2, 'water', false, 'Basic', NULL, NULL),
	('A1a-010', 60, 'fire', 1, 'water', false, 'Basic', NULL, NULL),
	('A1a-007', 60, 'grass', 1, 'fire', false, 'Basic', NULL, NULL),
	('A1a-005', 80, 'grass', 1, 'fire', false, 'Stage 1', NULL, NULL),
	('A1a-009', 100, 'grass', 2, 'fire', false, 'Basic', NULL, NULL),
	('A1a-015', 60, 'fire', 1, 'water', false, 'Basic', NULL, NULL),
	('A1a-014', 120, 'fire', 2, 'water', false, 'Stage 1', NULL, NULL),
	('A1a-019', 120, 'water', 2, 'lightning', false, 'Stage 1', 'Wash Out', 'As often as you like during your turn, you may move a {W} Energy from 1 of your Benched {W} Pokémon to your Active {W} Pokémon.'),
	('A1a-016', 80, 'fire', 1, 'water', false, 'Stage 1', NULL, NULL),
	('A1a-013', 80, 'fire', 2, 'water', false, 'Basic', NULL, NULL),
	('A1a-006', 110, 'grass', 2, 'fire', false, 'Stage 2', 'Jungle Totem', 'Each {G} Energy attached to your {G} Pokémon provides 2 {G} Energy. This effect doesn''t stack.'),
	('A1a-030', 60, 'lightning', 1, 'fighting', false, 'Basic', NULL, NULL),
	('A1a-024', 80, 'water', 1, 'lightning', false, 'Basic', NULL, NULL),
	('A1a-011', 100, 'fire', 1, 'water', false, 'Stage 1', NULL, NULL),
	('A1a-023', 130, 'water', 3, 'lightning', false, 'Stage 1', NULL, NULL),
	('A1a-021', 80, 'water', 0, 'lightning', false, 'Stage 1', NULL, NULL),
	('A1a-029', 80, 'lightning', 1, 'fighting', false, 'Stage 1', NULL, NULL),
	('A1a-077', 130, 'psychic', 1, 'darkness', true, 'Basic', NULL, NULL),
	('A1a-044', 100, 'fighting', 3, 'grass', false, 'Stage 1', NULL, NULL),
	('A1a-057', 50, 'colorless', 1, 'lightning', false, 'Basic', NULL, NULL),
	('A1a-075', 130, 'grass', 1, 'fire', true, 'Basic', NULL, NULL),
	('A1a-050', 110, 'darkness', 3, 'fighting', false, 'Stage 1', NULL, NULL),
	('A1a-027', 70, 'lightning', 1, 'fighting', false, 'Basic', NULL, NULL),
	('A1a-017', 30, 'water', 1, 'lightning', false, 'Basic', NULL, NULL),
	('A1a-018', 180, 'water', 3, 'lightning', true, 'Stage 1', NULL, NULL),
	('A1a-031', 60, 'psychic', 1, 'darkness', false, 'Basic', NULL, NULL),
	('A1a-036', 40, 'psychic', 1, 'metal', false, 'Basic', NULL, NULL),
	('A1a-041', 50, 'fighting', 1, 'psychic', false, 'Basic', NULL, NULL),
	('A1a-026', 120, 'lightning', 2, 'fighting', false, 'Stage 1', NULL, NULL),
	('A1a-022', 80, 'water', 2, 'lightning', false, 'Basic', NULL, NULL),
	('A1a-025', 60, 'lightning', 1, 'fighting', false, 'Basic', NULL, NULL),
	('A1a-020', 60, 'water', 1, 'lightning', false, 'Basic', NULL, NULL),
	('A1a-035', 90, 'psychic', 1, 'darkness', false, 'Stage 1', NULL, NULL),
	('A1a-032', 130, 'psychic', 1, 'darkness', true, 'Basic', NULL, NULL),
	('A1a-043', 70, 'fighting', 2, 'grass', false, 'Basic', NULL, NULL),
	('A1a-038', 120, 'psychic', 1, 'metal', false, 'Stage 2', NULL, NULL),
	('A1a-039', 60, 'psychic', 1, 'metal', false, 'Basic', NULL, NULL),
	('A1a-059', 170, 'colorless', 1, 'lightning', true, 'Stage 2', NULL, NULL),
	('A1a-047', 80, 'fighting', 1, 'psychic', false, 'Basic', NULL, NULL),
	('A1a-056', 100, 'dragon', 2, NULL, false, 'Basic', 'Rough Skin', 'If this Pokémon is in the Active Spot and is damaged by an attack from your opponent''s Pokémon, do 20 damage to the Attacking Pokémon.'),
	('A1a-028', 40, 'lightning', 1, 'fighting', false, 'Basic', NULL, NULL),
	('A1a-042', 80, 'fighting', 1, 'psychic', false, 'Stage 1', NULL, NULL),
	('A1a-034', 60, 'psychic', 1, 'darkness', false, 'Basic', NULL, NULL),
	('A1a-060', 100, 'colorless', 2, 'fighting', false, 'Basic', NULL, NULL),
	('A1a-062', 60, 'colorless', 1, 'lightning', false, 'Basic', NULL, NULL),
	('A1a-076', 180, 'water', 3, 'lightning', true, 'Stage 1', NULL, NULL),
	('A1a-033', 80, 'psychic', 1, 'darkness', false, 'Basic', NULL, NULL),
	('A1a-086', 130, 'psychic', 1, 'darkness', true, 'Basic', NULL, NULL),
	('A1a-037', 70, 'psychic', 1, 'metal', false, 'Stage 1', NULL, NULL),
	('A1a-048', 120, 'fighting', 3, 'grass', false, 'Basic', NULL, NULL),
	('A1a-085', 130, 'grass', 1, 'fire', true, 'Basic', NULL, NULL),
	('A1a-083', 130, 'psychic', 1, 'darkness', true, 'Basic', NULL, NULL),
	('A1a-061', 60, 'colorless', 1, 'fighting', false, 'Basic', NULL, NULL),
	('A1a-078', 140, 'fighting', 1, 'lightning', true, 'Stage 1', 'Primeval Law', 'Your opponent can''t play any Pokémon from their hand to evolve their Active Pokémon.'),
	('A1a-084', 140, 'fighting', 1, 'lightning', true, 'Stage 1', 'Primeval Law', 'Your opponent can''t play any Pokémon from their hand to evolve their Active Pokémon.'),
	('A1a-073', 60, 'lightning', 1, 'fighting', false, 'Basic', NULL, NULL),
	('A1a-071', 60, 'fire', 1, 'water', false, 'Basic', NULL, NULL),
	('A1a-074', 80, 'fighting', 1, 'psychic', false, 'Basic', NULL, NULL),
	('A1a-070', 110, 'grass', 2, 'fire', false, 'Stage 2', 'Jungle Totem', 'Each {G} Energy attached to your {G} Pokémon provides 2 {G} Energy. This effect doesn''t stack.'),
	('A1a-069', 130, 'grass', 3, 'fire', false, 'Stage 1', NULL, NULL),
	('A1a-046', 140, 'fighting', 1, 'lightning', true, 'Stage 1', 'Primeval Law', 'Your opponent can''t play any Pokémon from their hand to evolve their Active Pokémon.'),
	('A1a-045', 160, 'fighting', 3, 'grass', false, 'Stage 2', NULL, NULL),
	('A1a-040', 100, 'psychic', 2, 'metal', false, 'Stage 1', NULL, NULL),
	('A1a-058', 90, 'colorless', 1, 'lightning', false, 'Stage 1', NULL, NULL),
	('A1a-052', 90, 'darkness', 1, 'grass', false, 'Stage 1', NULL, NULL),
	('A2-002', 80, 'grass', 2, 'fire', false, 'Stage 1', NULL, NULL),
	('A2-157', 50, 'grass', 1, 'fire', false, 'Basic', NULL, NULL),
	('A2-024', 130, 'fire', 3, 'water', false, 'Stage 1', NULL, NULL),
	('A2-019', 90, 'grass', 1, 'fire', false, 'Basic', NULL, NULL),
	('A2-005', 130, 'grass', 3, 'fire', false, 'Stage 1', NULL, NULL),
	('A2-171', 80, 'fighting', 3, 'grass', false, 'Basic', NULL, NULL),
	('A2-170', 100, 'fighting', 2, 'psychic', false, 'Stage 1', 'Fighting Coach', 'Attacks used by your {F} Pokémon do +20 damage to your opponent''s Active Pokémon.'),
	('A2-174', 120, 'metal', 3, 'fire', false, 'Basic', NULL, NULL),
	('A2-023', 80, 'fire', 2, 'water', false, 'Basic', NULL, NULL),
	('A2-058', 60, 'lightning', 1, 'fighting', false, 'Basic', NULL, NULL),
	('A2-050', 50, 'water', 1, 'lightning', false, 'Basic', NULL, NULL),
	('A2-040', 70, 'water', 2, 'lightning', false, 'Basic', NULL, NULL),
	('A2-181', 170, 'fire', 0, 'water', true, 'Stage 2', NULL, NULL),
	('A2-077', 70, 'psychic', 1, 'darkness', false, 'Basic', NULL, NULL),
	('A2-189', 160, 'colorless', 4, 'fighting', true, 'Stage 1', NULL, NULL),
	('A2-187', 140, 'darkness', 2, 'grass', true, 'Basic', 'Nightmare Aura', 'Whenever you attach a {D} Energy from your Energy Zone to this Pokémon, do 20 damage to your opponent''s Active Pokémon.'),
	('A2-198', 120, 'lightning', 1, 'fighting', true, 'Basic', NULL, NULL),
	('A2-188', 150, 'metal', 2, 'fire', true, 'Basic', NULL, NULL),
	('A2-039', 90, 'water', 1, 'lightning', false, 'Stage 1', NULL, NULL),
	('A2-203', 160, 'colorless', 4, 'fighting', true, 'Stage 1', NULL, NULL),
	('A2-098', 60, 'darkness', 1, 'grass', false, 'Basic', NULL, NULL),
	('A2-034', 110, 'water', 2, 'metal', false, 'Basic', 'Crystal Body', 'Prevent all effects of attacks used by your opponent''s Pokémon done to this Pokémon.'),
	('A2-109', 110, 'darkness', 2, 'grass', false, 'Basic', NULL, NULL),
	('A2-110', 140, 'darkness', 2, 'grass', true, 'Basic', 'Nightmare Aura', 'Whenever you attach a {D} Energy from your Energy Zone to this Pokémon, do 20 damage to your opponent''s Active Pokémon.'),
	('A2-119', 150, 'metal', 2, 'fire', true, 'Basic', NULL, NULL),
	('A2-122', 90, 'dragon', 1, NULL, false, 'Stage 1', NULL, NULL),
	('A2-120', 120, 'metal', 3, 'fire', false, 'Basic', NULL, NULL),
	('A2-128', 80, 'colorless', 1, 'fighting', false, 'Stage 1', NULL, NULL),
	('A2-140', 110, 'colorless', 3, 'fighting', false, 'Stage 1', NULL, NULL),
	('A2-142', 80, 'colorless', 1, 'lightning', false, 'Basic', NULL, NULL),
	('A2-156', 130, 'grass', 3, 'fire', false, 'Stage 1', NULL, NULL),
	('A1a-051', 60, 'darkness', 1, 'grass', false, 'Basic', NULL, NULL),
	('A2-009', 100, 'grass', 2, 'fire', false, 'Stage 1', NULL, NULL),
	('A2-020', 90, 'grass', 1, 'fire', false, 'Stage 1', NULL, NULL),
	('A2-027', 60, 'fire', 1, 'water', false, 'Basic', NULL, NULL),
	('A2-010', 80, 'grass', 2, 'fire', false, 'Basic', NULL, NULL),
	('A2-028', 80, 'fire', 1, 'water', false, 'Stage 1', NULL, NULL),
	('A2-035', 60, 'water', 1, 'lightning', false, 'Basic', NULL, NULL),
	('A2-030', 80, 'fire', 1, 'water', false, 'Basic', NULL, NULL),
	('A2-048', 80, 'water', 1, 'metal', false, 'Basic', NULL, NULL),
	('A2-038', 60, 'water', 1, 'lightning', false, 'Basic', NULL, NULL),
	('A2-015', 60, 'grass', 1, 'fire', false, 'Basic', NULL, NULL),
	('A2-056', 80, 'lightning', 2, 'fighting', false, 'Basic', NULL, NULL),
	('A2-072', 130, 'psychic', 2, 'darkness', false, 'Stage 2', 'Shadow Void', 'As often as you like during your turn, you may choose 1 of your Pokémon that has damage on it, and move all of its damage to this Pokémon.'),
	('A2-044', 70, 'water', 2, 'metal', false, 'Basic', NULL, NULL),
	('A2-081', 110, 'fighting', 3, 'grass', false, 'Stage 1', NULL, NULL),
	('A2-183', 120, 'lightning', 1, 'fighting', true, 'Basic', NULL, NULL),
	('A2-065', 140, 'psychic', 1, 'metal', false, 'Stage 2', NULL, NULL),
	('A2-052', 80, 'lightning', 1, 'fighting', false, 'Stage 1', NULL, NULL),
	('A2-089', 150, 'fighting', 2, 'grass', false, 'Stage 2', NULL, NULL),
	('A2-093', 80, 'fighting', 3, 'grass', false, 'Basic', NULL, NULL),
	('A2-075', 70, 'psychic', 1, 'darkness', false, 'Basic', NULL, NULL),
	('A2-095', 170, 'fighting', 1, 'psychic', true, 'Stage 2', NULL, NULL),
	('A2-199', 140, 'psychic', 1, 'darkness', true, 'Stage 1', NULL, NULL),
	('A2-105', 70, 'darkness', 2, 'fighting', false, 'Basic', NULL, NULL),
	('A2-070', 60, 'psychic', 1, 'darkness', false, 'Basic', NULL, NULL),
	('A2-112', 110, 'metal', 2, 'fire', false, 'Basic', NULL, NULL),
	('A2-117', 120, 'metal', 3, 'fire', false, 'Stage 1', NULL, NULL),
	('A2-071', 90, 'psychic', 2, 'darkness', false, 'Stage 1', NULL, NULL),
	('A2-121', 60, 'dragon', 1, NULL, false, 'Basic', NULL, NULL),
	('A2-129', 140, 'colorless', 2, 'fighting', false, 'Stage 2', NULL, NULL),
	('A2-133', 80, 'colorless', 1, 'lightning', false, 'Stage 1', NULL, NULL),
	('A2-162', 50, 'water', 1, 'lightning', false, 'Basic', NULL, NULL),
	('A1a-049', 70, 'darkness', 2, 'fighting', false, 'Basic', NULL, NULL),
	('A1a-055', 140, 'darkness', 2, 'fighting', false, 'Stage 2', NULL, NULL),
	('A2-165', 50, 'psychic', 1, 'lightning', false, 'Basic', NULL, NULL),
	('A2-167', 120, 'psychic', 3, 'darkness', false, 'Basic', 'Levitate', 'If this Pokémon has any Energy attached, it has no Retreat Cost.'),
	('A2-018', 100, 'grass', 2, 'fire', false, 'Stage 1', NULL, NULL),
	('A2-012', 160, 'grass', 4, 'fire', false, 'Stage 2', NULL, NULL),
	('A2-022', 60, 'grass', 1, 'fire', false, 'Basic', 'Fragrant Flower Garden', 'Once during your turn, you may heal 10 damage from each of your Pokémon.'),
	('A2-016', 120, 'grass', 2, 'fire', false, 'Stage 1', NULL, NULL),
	('A2-033', 160, 'water', 4, 'metal', false, 'Stage 2', 'Thick Fat', 'This Pokémon takes −30 damage from attacks from {R} or {W} Pokémon.'),
	('A2-031', 60, 'water', 2, 'metal', false, 'Basic', NULL, NULL),
	('A2-037', 150, 'water', 2, 'lightning', false, 'Stage 2', NULL, NULL),
	('A2-046', 90, 'water', 1, 'metal', false, 'Stage 1', NULL, NULL),
	('A2-049', 150, 'water', 2, 'lightning', true, 'Basic', NULL, NULL),
	('A2-182', 150, 'water', 2, 'lightning', true, 'Basic', NULL, NULL),
	('A2-078', 120, 'psychic', 3, 'darkness', false, 'Basic', 'Levitate', 'If this Pokémon has any Energy attached, it has no Retreat Cost.'),
	('A2-184', 140, 'psychic', 1, 'darkness', true, 'Stage 1', NULL, NULL),
	('A2-085', 80, 'fighting', 1, 'psychic', false, 'Basic', NULL, NULL),
	('A2-083', 60, 'fighting', 1, 'grass', false, 'Basic', NULL, NULL),
	('A2-055', 80, 'lightning', 1, 'fighting', false, 'Stage 1', NULL, NULL),
	('A2-177', 60, 'colorless', 2, 'fighting', false, 'Basic', NULL, NULL),
	('A2-202', 140, 'darkness', 2, 'grass', true, 'Basic', 'Nightmare Aura', 'Whenever you attach a {D} Energy from your Energy Zone to this Pokémon, do 20 damage to your opponent''s Active Pokémon.'),
	('A2-100', 60, 'darkness', 1, 'grass', false, 'Basic', NULL, NULL),
	('A2-207', 150, 'metal', 2, 'fire', true, 'Basic', NULL, NULL),
	('A2-066', 60, 'psychic', 1, 'darkness', false, 'Basic', NULL, NULL),
	('A2-103', 100, 'darkness', 2, 'fighting', false, 'Stage 1', NULL, NULL),
	('A2-063', 50, 'psychic', 1, 'metal', false, 'Basic', NULL, NULL),
	('A2-108', 90, 'darkness', 2, 'fighting', false, 'Stage 1', NULL, NULL),
	('A2-073', 50, 'psychic', 1, 'lightning', false, 'Basic', NULL, NULL),
	('A2-079', 110, 'psychic', 2, 'darkness', false, 'Basic', NULL, NULL),
	('A2-124', 80, 'colorless', 2, 'fighting', false, 'Basic', NULL, NULL),
	('A2-135', 60, 'colorless', 2, 'fighting', false, 'Basic', NULL, NULL),
	('A2-139', 60, 'colorless', 1, 'fighting', false, 'Basic', NULL, NULL),
	('A2-141', 70, 'colorless', 1, 'lightning', false, 'Basic', NULL, NULL),
	('A2-158', 90, 'grass', 1, 'fire', false, 'Basic', NULL, NULL),
	('A1a-054', 90, 'darkness', 2, 'fighting', false, 'Stage 1', NULL, NULL),
	('A1a-079', 170, 'colorless', 1, 'lightning', true, 'Stage 2', NULL, NULL),
	('A2-003', 130, 'grass', 1, 'fire', false, 'Stage 2', NULL, NULL),
	('A2-001', 60, 'grass', 1, 'fire', false, 'Basic', NULL, NULL),
	('A2-163', 60, 'lightning', 1, 'fighting', false, 'Basic', NULL, NULL),
	('A2-025', 70, 'fire', 2, 'water', false, 'Basic', NULL, NULL),
	('A2-021', 80, 'grass', 1, 'fire', false, 'Basic', NULL, NULL),
	('A2-029', 170, 'fire', 0, 'water', true, 'Stage 2', NULL, NULL),
	('A2-045', 140, 'water', 4, 'metal', false, 'Stage 1', NULL, NULL),
	('A2-026', 120, 'fire', 3, 'water', false, 'Stage 1', NULL, NULL),
	('A2-047', 80, 'water', 2, 'lightning', false, 'Basic', NULL, NULL),
	('A2-053', 140, 'lightning', 2, 'fighting', false, 'Stage 2', NULL, NULL),
	('A2-175', 140, 'dragon', 1, NULL, false, 'Stage 2', 'Reckless Shearing', 'You must discard a card from your hand in order to use this Ability. Once during your turn, you may draw a card.'),
	('A2-051', 60, 'lightning', 1, 'fighting', false, 'Basic', NULL, NULL),
	('A2-076', 70, 'psychic', 1, 'darkness', false, 'Basic', NULL, NULL),
	('A2-185', 170, 'fighting', 1, 'psychic', true, 'Stage 2', NULL, NULL),
	('A2-087', 120, 'fighting', 3, 'grass', false, 'Basic', 'Exoskeleton', 'This Pokémon takes −20 damage from attacks.'),
	('A2-090', 120, 'fighting', 2, 'grass', false, 'Stage 1', NULL, NULL),
	('A2-091', 60, 'fighting', 1, 'psychic', false, 'Basic', NULL, NULL),
	('A2-067', 140, 'psychic', 1, 'darkness', true, 'Stage 1', NULL, NULL),
	('A2-204', 150, 'water', 2, 'lightning', true, 'Basic', NULL, NULL),
	('A2-099', 140, 'darkness', 1, 'grass', true, 'Stage 1', NULL, NULL),
	('A2-106', 120, 'darkness', 3, 'fighting', false, 'Stage 1', NULL, NULL),
	('A2-104', 80, 'darkness', 1, 'grass', false, 'Basic', NULL, NULL),
	('A2-111', 80, 'metal', 1, 'lightning', false, 'Basic', NULL, NULL),
	('A2-115', 110, 'metal', 1, 'fire', false, 'Stage 1', NULL, NULL),
	('A2-118', 130, 'metal', 4, 'fire', false, 'Stage 1', NULL, NULL),
	('A2-126', 60, 'colorless', 1, 'fighting', false, 'Basic', NULL, NULL),
	('A2-131', 90, 'colorless', 1, 'fighting', false, 'Stage 1', NULL, NULL),
	('A2-097', 100, 'darkness', 2, 'lightning', false, 'Stage 1', NULL, NULL),
	('A2-134', 140, 'colorless', 1, 'lightning', false, 'Stage 2', NULL, NULL),
	('A2-143', 140, 'colorless', 4, 'fighting', false, 'Basic', NULL, NULL),
	('A2-159', 60, 'grass', 1, 'fire', false, 'Basic', 'Fragrant Flower Garden', 'Once during your turn, you may heal 10 damage from each of your Pokémon.'),
	('A1a-072', 120, 'water', 2, 'lightning', false, 'Stage 1', 'Wash Out', 'As often as you like during your turn, you may move a {W} Energy from 1 of your Benched {W} Pokémon to your Active {W} Pokémon.'),
	('A2-007', 140, 'grass', 1, 'lightning', true, 'Stage 1', NULL, NULL),
	('A2-004', 70, 'grass', 1, 'fire', false, 'Basic', NULL, NULL),
	('A2-161', 120, 'water', 3, 'lightning', false, 'Stage 1', NULL, NULL),
	('A2-166', 70, 'psychic', 1, 'darkness', false, 'Basic', NULL, NULL),
	('A2-011', 100, 'grass', 3, 'fire', false, 'Stage 1', NULL, NULL),
	('A2-168', 110, 'psychic', 2, 'darkness', false, 'Basic', NULL, NULL),
	('A2-036', 90, 'water', 1, 'lightning', false, 'Stage 1', NULL, NULL),
	('A2-041', 120, 'water', 3, 'lightning', false, 'Stage 1', NULL, NULL),
	('A2-054', 60, 'lightning', 1, 'fighting', false, 'Basic', NULL, NULL),
	('A2-059', 90, 'lightning', 1, 'fighting', false, 'Stage 1', NULL, NULL),
	('A2-062', 70, 'lightning', 1, 'fighting', false, 'Basic', NULL, NULL),
	('A2-176', 140, 'colorless', 1, 'lightning', false, 'Stage 2', NULL, NULL),
	('A2-186', 140, 'darkness', 1, 'grass', true, 'Stage 1', NULL, NULL),
	('A2-173', 60, 'darkness', 1, 'fighting', false, 'Basic', NULL, NULL),
	('A2-068', 60, 'psychic', 1, 'darkness', false, 'Basic', NULL, NULL),
	('A2-088', 90, 'fighting', 2, 'grass', false, 'Stage 1', NULL, NULL),
	('A2-082', 160, 'fighting', 4, 'grass', false, 'Stage 2', NULL, NULL),
	('A2-061', 120, 'lightning', 1, 'fighting', true, 'Basic', NULL, NULL),
	('A2-196', 140, 'grass', 1, 'lightning', true, 'Stage 1', NULL, NULL),
	('A2-201', 140, 'darkness', 1, 'grass', true, 'Stage 1', NULL, NULL),
	('A2-200', 170, 'fighting', 1, 'psychic', true, 'Stage 2', NULL, NULL),
	('A2-092', 100, 'fighting', 2, 'psychic', false, 'Stage 1', 'Fighting Coach', 'Attacks used by your {F} Pokémon do +20 damage to your opponent''s Active Pokémon.'),
	('A2-206', 150, 'water', 2, 'lightning', true, 'Basic', NULL, NULL),
	('A2-074', 100, 'psychic', 1, 'lightning', false, 'Stage 1', NULL, NULL),
	('A2-107', 60, 'darkness', 1, 'fighting', false, 'Basic', NULL, NULL),
	('A2-069', 80, 'psychic', 1, 'darkness', false, 'Stage 1', NULL, NULL),
	('A2-113', 100, 'metal', 2, 'fire', false, 'Stage 1', NULL, NULL),
	('A2-080', 80, 'fighting', 3, 'grass', false, 'Basic', NULL, NULL),
	('A2-123', 140, 'dragon', 1, NULL, false, 'Stage 2', 'Reckless Shearing', 'You must discard a card from your hand in order to use this Ability. Once during your turn, you may draw a card.'),
	('A2-137', 60, 'colorless', 1, 'fighting', false, 'Basic', NULL, NULL),
	('A2-136', 110, 'colorless', 2, 'fighting', false, 'Stage 1', NULL, NULL),
	('A2-138', 90, 'colorless', 1, 'fighting', false, 'Stage 1', NULL, NULL),
	('A2-164', 70, 'lightning', 1, 'fighting', false, 'Basic', NULL, NULL),
	('A1a-053', 60, 'darkness', 1, 'fighting', false, 'Basic', NULL, NULL),
	('A2-013', 60, 'grass', 1, 'fire', false, 'Basic', NULL, NULL),
	('A2-006', 50, 'grass', 1, 'lightning', false, 'Basic', NULL, NULL),
	('A2-017', 50, 'grass', 1, 'fire', false, 'Basic', NULL, NULL),
	('A2-014', 90, 'grass', 1, 'fire', false, 'Stage 1', NULL, NULL),
	('A2-169', 160, 'fighting', 4, 'grass', false, 'Stage 2', NULL, NULL),
	('A2-008', 70, 'grass', 1, 'fire', false, 'Basic', NULL, NULL),
	('A2-180', 140, 'grass', 1, 'lightning', true, 'Stage 1', NULL, NULL),
	('A2-032', 110, 'water', 3, 'metal', false, 'Stage 1', 'Thick Fat', 'This Pokémon takes −20 damage from attacks from {R} or {W} Pokémon.'),
	('A2-043', 90, 'water', 1, 'lightning', false, 'Stage 1', NULL, NULL),
	('A2-172', 80, 'darkness', 1, 'grass', false, 'Basic', NULL, NULL),
	('A2-178', 60, 'colorless', 1, 'fighting', false, 'Basic', NULL, NULL),
	('A2-057', 120, 'lightning', 3, 'fighting', false, 'Stage 1', NULL, NULL),
	('A2-042', 50, 'water', 1, 'lightning', false, 'Basic', NULL, NULL),
	('A2-179', 140, 'colorless', 4, 'fighting', false, 'Basic', NULL, NULL),
	('A2-086', 70, 'fighting', 2, 'grass', false, 'Basic', NULL, NULL),
	('A2-084', 100, 'fighting', 2, 'grass', false, 'Stage 1', NULL, NULL),
	('A2-060', 130, 'lightning', 0, 'fighting', false, 'Stage 2', NULL, NULL),
	('A2-197', 170, 'fire', 0, 'water', true, 'Stage 2', NULL, NULL),
	('A2-096', 60, 'darkness', 1, 'lightning', false, 'Basic', NULL, NULL),
	('A2-205', 150, 'metal', 2, 'fire', true, 'Basic', NULL, NULL),
	('A2-101', 90, 'darkness', 1, 'grass', false, 'Stage 1', NULL, NULL),
	('A2-102', 70, 'darkness', 1, 'fighting', false, 'Basic', NULL, NULL),
	('A2-094', 140, 'fighting', 4, 'grass', false, 'Stage 1', NULL, NULL),
	('A2-064', 80, 'psychic', 1, 'metal', false, 'Stage 1', NULL, NULL),
	('A2-116', 60, 'metal', 1, 'fire', false, 'Basic', NULL, NULL),
	('A2-114', 160, 'metal', 4, 'fire', false, 'Stage 2', 'Guarded Grill', 'If any damage is done to this Pokémon by attacks, flip a coin. If heads, this Pokémon takes −100 damage from that attack.'),
	('A2-125', 160, 'colorless', 4, 'fighting', true, 'Stage 1', NULL, NULL),
	('A2-127', 60, 'colorless', 1, 'fighting', false, 'Basic', NULL, NULL),
	('A2-130', 60, 'colorless', 1, 'fighting', false, 'Basic', NULL, NULL),
	('A2-132', 50, 'colorless', 1, 'lightning', false, 'Basic', NULL, NULL),
	('A2-160', 160, 'water', 4, 'metal', false, 'Stage 2', 'Thick Fat', 'This Pokémon takes −30 damage from attacks from {R} or {W} Pokémon.');

INSERT INTO "public"."attack" ("id", "name", "energy_cost", "damage", "damage_modifier", "effect", "pokemon_card_id") OVERRIDING SYSTEM VALUE VALUES
	(2324, 'Rolling Tackle', '{colorless}', 40, NULL, NULL, 'A1-028'),
	(2325, 'Surprise Attack', '{colorless}', 40, NULL, 'Flip a coin. If tails, this attack does nothing.', 'A1-031'),
	(2326, 'Vine Whip', '{grass,colorless}', 40, NULL, NULL, 'A1-001'),
	(2327, 'Poison Powder', '{grass}', 30, NULL, 'Your opponent''s Active Pokémon is now Poisoned.', 'A1-017'),
	(2328, 'Sharp Sting', '{grass}', 70, NULL, NULL, 'A1-010'),
	(2329, 'Absorb', '{grass,colorless}', 40, NULL, 'Heal 10 damage from this Pokémon.', 'A1-024'),
	(2330, 'Flare', '{fire}', 20, NULL, NULL, 'A1-042'),
	(2331, 'Razor Leaf', '{grass,colorless,colorless}', 60, NULL, NULL, 'A1-004'),
	(2332, 'Giant Bloom', '{grass,grass,colorless,colorless}', 100, NULL, 'Heal 30 damage from this Pokémon.', 'A1-004'),
	(2333, 'Heat Tackle', '{fire,fire,colorless}', 100, NULL, 'This Pokémon also does 20 damage to itself.', 'A1-040'),
	(2334, 'Gust', '{grass,colorless,colorless}', 60, NULL, NULL, 'A1-007'),
	(2335, 'Soothing Scent', '{grass,grass,colorless}', 80, NULL, 'Your opponent''s Active Pokémon is now Asleep.', 'A1-013'),
	(2336, 'Vine Whip', '{grass,colorless}', 60, NULL, NULL, 'A1-020'),
	(2337, 'Sharp Scythe', '{grass}', 30, NULL, NULL, 'A1-025'),
	(2338, 'Fire Claws', '{fire,colorless,colorless}', 60, NULL, NULL, 'A1-034'),
	(2339, 'Bite', '{colorless,colorless}', 20, NULL, NULL, 'A1-039'),
	(2340, 'Tail Whip', '{colorless}', NULL, NULL, 'Flip a coin. If heads, the Defending Pokémon can''t attack during your opponent''s next turn.', 'A1-037'),
	(2341, 'Razor Leaf', '{grass,colorless,colorless}', 60, NULL, NULL, 'A1-002'),
	(2342, 'Stomp', '{grass}', 30, '+', 'Flip a coin. If heads, this attack does 30 more damage.', 'A1-022'),
	(2343, 'Seed Bomb', '{grass}', 20, NULL, NULL, 'A1-021'),
	(2344, 'Gentle Slap', '{water}', 20, NULL, NULL, 'A1-062'),
	(2345, 'Gnaw', '{colorless}', 10, NULL, NULL, 'A1-051'),
	(2346, 'Poison Tentacles', '{water,colorless}', 50, NULL, 'Your opponent''s Active Pokémon is now Poisoned.', 'A1-063'),
	(2347, 'Tackle', '{grass}', 20, NULL, NULL, 'A1-016'),
	(2348, 'Fire Mane', '{fire}', 40, NULL, NULL, 'A1-043'),
	(2349, 'Razor Fin', '{colorless}', 10, NULL, NULL, 'A1-059'),
	(2350, 'Leaf Supply', '{grass,grass}', 50, NULL, 'Take a {G} Energy from your Energy Zone and attach it to 1 of your Benched {G} Pokémon.', 'A1-030'),
	(2351, 'Vine Whip', '{grass}', 20, NULL, NULL, 'A1-018'),
	(2352, 'Surf', '{water,water,colorless}', 70, NULL, NULL, 'A1-067'),
	(2353, 'Powder Snow', '{water,colorless}', 40, NULL, 'Your opponent''s Active Pokémon is now Asleep.', 'A1-093'),
	(2354, 'Double Horn', '{grass,grass}', 50, '×', 'Flip 2 coins. This attack does 50 damage for each heads.', 'A1-026'),
	(2355, 'Hydro Pump', '{water,colorless}', 80, '+', 'If this Pokémon has at least 2 extra {W} Energy attached, this attack does 60 more damage.', 'A1-055'),
	(2356, 'Circle Circuit', '{lightning,lightning}', 30, '×', 'This attack does 30 damage for each of your Benched {L} Pokémon.', 'A1-096'),
	(2357, 'Draco Meteor', '{water,lightning,colorless,colorless}', NULL, NULL, '1 of your opponent''s Pokémon is chosen at random 4 times. For each time a Pokémon was chosen, do 50 damage to it.', 'A1-185'),
	(2358, 'Fire Spin', '{fire,fire,colorless,colorless}', 150, NULL, 'Discard 2 {R} Energy from this Pokémon.', 'A1-035'),
	(2359, 'Tail Whap', '{psychic,colorless}', 30, NULL, NULL, 'A1-118'),
	(2360, 'Razor Leaf', '{grass,colorless,colorless}', 60, NULL, NULL, 'A1-251'),
	(2361, 'Giant Bloom', '{grass,grass,colorless,colorless}', 100, NULL, 'Heal 30 damage from this Pokémon.', 'A1-251'),
	(2362, 'Flamethrower', '{fire,colorless,colorless}', 110, NULL, 'Discard 1 {R} Energy from this Pokémon.', 'A1-045'),
	(2363, 'Flop', '{colorless}', 10, NULL, NULL, 'A1-072'),
	(2364, 'Headbutt', '{colorless,colorless}', 30, NULL, NULL, 'A1-064'),
	(2365, 'Razor Leaf', '{grass,colorless}', 40, NULL, NULL, 'A1-019'),
	(2366, 'Slash', '{grass,grass,colorless}', 80, NULL, NULL, 'A1-015'),
	(2367, 'Bug Bite', '{colorless,colorless}', 30, NULL, NULL, 'A1-006'),
	(2368, 'Surf', '{water,water,water}', 90, NULL, NULL, 'A1-065'),
	(2369, 'Ram', '{colorless}', 10, NULL, NULL, 'A1-092'),
	(2370, 'Mega Drain', '{grass,grass,colorless,colorless}', 80, NULL, 'Heal 30 damage from this Pokémon.', 'A1-003'),
	(2371, 'Flamethrower', '{fire,fire}', 90, NULL, 'Discard 1 {R} Energy from this Pokémon.', 'A1-038'),
	(2372, 'Second Strike', '{water,colorless}', 10, '+', 'If your opponent''s Active Pokémon has damage on it, this attack does 60 more damage.', 'A1-091'),
	(2373, 'Bug Bite', '{grass}', 30, NULL, NULL, 'A1-009'),
	(2374, 'Sky Attack', '{fire,colorless,colorless}', 130, NULL, 'Flip a coin. If tails, this attack does nothing.', 'A1-046'),
	(2375, 'Tropical Swing', '{grass}', 40, '+', 'Flip a coin. If heads, this attack does 40 more damage.', 'A1-023'),
	(2376, 'Razor Leaf', '{grass,colorless,colorless}', 70, NULL, NULL, 'A1-032'),
	(2377, 'Surf', '{water,colorless}', 40, NULL, NULL, 'A1-056'),
	(2378, 'Hydro Bazooka', '{water,water,colorless}', 100, '+', 'If this Pokémon has at least 2 extra {W} Energy attached, this attack does 60 more damage.', 'A1-056'),
	(2379, 'Find a Friend', '{colorless}', NULL, NULL, 'Put 1 random {G} Pokémon from your deck into your hand.', 'A1-005'),
	(2380, 'Attach', '{colorless}', 10, NULL, NULL, 'A1-027'),
	(2381, 'Mega Punch', '{fighting,fighting,fighting}', 120, NULL, NULL, 'A1-146'),
	(2382, 'Ram', '{grass}', 20, NULL, NULL, 'A1-011'),
	(2383, 'Drool', '{grass,colorless}', 40, NULL, NULL, 'A1-012'),
	(2384, 'Water Gun', '{water}', 20, NULL, NULL, 'A1-070'),
	(2385, 'Headache', '{colorless}', 10, NULL, 'Your opponent can''t use any Supporter cards from their hand during their next turn.', 'A1-057'),
	(2386, 'Water Arrow', '{water,water,colorless}', NULL, NULL, 'This attack does 50 damage to 1 of your opponent''s Pokémon.', 'A1-071'),
	(2387, 'Wave Splash', '{water,colorless}', 40, NULL, NULL, 'A1-054'),
	(2388, 'Knuckle Punch', '{colorless,colorless}', 40, NULL, NULL, 'A1-060'),
	(2389, 'Ember', '{fire}', 30, NULL, 'Discard a {R} Energy from this Pokémon.', 'A1-033'),
	(2390, 'Combustion', '{fire}', 30, NULL, NULL, 'A1-048'),
	(2391, 'Inferno Onrush', '{fire,fire,colorless}', 120, NULL, 'This Pokémon also does 20 damage to itself.', 'A1-041'),
	(2392, 'Scratch', '{fire}', 20, NULL, NULL, 'A1-049'),
	(2393, 'Horn Hazard', '{water}', 80, NULL, 'Flip a coin. If tails, this attack does nothing.', 'A1-073'),
	(2401, 'Magma Punch', '{fire,fire}', 50, NULL, NULL, 'A1-044'),
	(2409, 'Fire Claws', '{fire,colorless}', 60, NULL, NULL, 'A1-050'),
	(2416, 'Spooky Shot', '{psychic,psychic,psychic}', 100, NULL, NULL, 'A1-123'),
	(2423, 'Slap', '{psychic}', 20, NULL, NULL, 'A1-113'),
	(2431, 'Scratch', '{grass,colorless}', 30, NULL, NULL, 'A1-014'),
	(2438, 'Stretch Kick', '{fighting}', NULL, NULL, 'This attack does 30 damage to 1 of your opponent''s Benched Pokémon.', 'A1-154'),
	(2445, 'Gnaw', '{colorless}', 10, NULL, NULL, 'A1-133'),
	(2452, 'Fight Back', '{fighting,fighting}', 40, '+', 'If this Pokémon has damage on it, this attack does 60 more damage.', 'A1-142'),
	(2460, 'Psyshot', '{psychic,psychic,colorless}', 60, NULL, NULL, 'A1-132'),
	(2467, 'Gust', '{colorless}', 30, NULL, NULL, 'A1-187'),
	(2474, 'Heavy Impact', '{metal,metal,metal,colorless}', 120, NULL, NULL, 'A1-182'),
	(2480, 'Electro Ball', '{lightning,lightning}', 70, NULL, NULL, 'A1-100'),
	(2486, 'Tail Whap', '{lightning}', 20, NULL, NULL, 'A1-110'),
	(2493, 'Psychic', '{psychic,colorless,colorless}', 60, '+', 'This attack does 30 more damage for each Energy attached to your opponent''s Active Pokémon.', 'A1-117'),
	(2500, 'Lovestrike', '{darkness,darkness,colorless}', 80, '+', 'This attack does 50 more damage for each of your Benched Nidoking.', 'A1-240'),
	(2507, 'Suffocating Gas', '{psychic}', 20, NULL, NULL, 'A1-120'),
	(2514, 'Amass', '{metal}', NULL, NULL, 'Take 1 {M} Energy from your Energy Zone and attach it to this Pokémon.', 'A1-181'),
	(2520, 'Vine Whip', '{grass,colorless}', 40, NULL, NULL, 'A1-227'),
	(2533, 'Knock Back', '{fighting,fighting,colorless}', 70, NULL, 'Switch out your opponent’s Active Pokémon to the Bench. (Your opponent chooses the new Active Pokémon.)', 'A1-163'),
	(2547, 'Bother', '{psychic}', 50, NULL, 'Your opponent can''t use any Supporter cards from their hand during their next turn.', 'A1-122'),
	(2552, 'Poison Horn', '{darkness,darkness,colorless}', 90, NULL, 'Your opponent''s Active Pokémon is now Poisoned.', 'A1-241'),
	(2570, 'Psypunch', '{psychic,psychic,colorless}', 50, NULL, NULL, 'A1-125'),
	(2581, 'Psychic Sphere', '{psychic,colorless}', 50, NULL, NULL, 'A1-286'),
	(2582, 'Psydrive', '{psychic,psychic,colorless,colorless}', 150, NULL, 'Discard 2 {P} Energy from this Pokémon.', 'A1-286'),
	(2590, 'Circle Circuit', '{lightning,lightning}', 30, '×', 'This attack does 30 damage for each of your Benched {L} Pokémon.', 'A1-259'),
	(2598, 'Fire Mane', '{fire}', 40, NULL, NULL, 'A1-231'),
	(2608, 'Psychic', '{psychic,colorless,colorless}', 60, '+', 'This attack does 30 more damage for each Energy attached to your opponent''s Active Pokémon.', 'A1-236'),
	(2394, 'KO Crab', '{water,water,colorless}', 80, '+', 'Flip 2 coins. If both of them are heads, this attack does 80 more damage.', 'A1-069'),
	(2402, 'Super Psy Bolt', '{psychic,colorless,colorless}', 60, NULL, NULL, 'A1-116'),
	(2410, 'Wing Attack', '{colorless,colorless,colorless}', 70, NULL, NULL, 'A1-086'),
	(2417, 'Gnaw', '{lightning}', 20, NULL, NULL, 'A1-094'),
	(2424, 'Barrier Attack', '{psychic,colorless}', 30, NULL, 'During your opponent''s next turn, this Pokémon takes -20 damage from attacks.', 'A1-126'),
	(2432, 'Lovestrike', '{darkness,darkness,colorless}', 80, '+', 'This attack does 50 more damage for each of your Benched Nidoking.', 'A1-168'),
	(2439, 'Slash', '{fighting,fighting}', 70, NULL, NULL, 'A1-138'),
	(2446, 'Seismic Toss', '{fighting,fighting,fighting}', 100, NULL, NULL, 'A1-145'),
	(2453, 'Raging Thunder', '{lightning,lightning,colorless}', 100, NULL, 'This attack also does 30 damage to 1 of your Benched Pokémon.', 'A1-103'),
	(2461, 'Tackle', '{lightning}', 20, NULL, NULL, 'A1-099'),
	(2468, 'Land Crush', '{fighting,fighting,fighting}', 70, NULL, NULL, 'A1-150'),
	(2475, 'Do the Wave', '{colorless,colorless,colorless}', 30, '×', 'This attack does 30 damage for each of your Benched Pokémon.', 'A1-213'),
	(2481, 'Suffocating Gas', '{darkness}', 20, NULL, NULL, 'A1-176'),
	(2487, 'Gentle Slap', '{colorless,colorless,colorless}', 60, NULL, NULL, 'A1-202'),
	(2494, 'Poison Horn', '{darkness,darkness,colorless}', 90, NULL, 'Your opponent''s Active Pokémon is now Poisoned.', 'A1-171'),
	(2501, 'Peck', '{colorless}', 20, NULL, NULL, 'A1-199'),
	(2508, 'Wing Attack', '{colorless,colorless}', 70, NULL, NULL, 'A1-188'),
	(2515, 'Tiny Charge', '{lightning}', 30, NULL, NULL, 'A1-107'),
	(2521, 'Mist Slash', '{water,colorless}', 60, NULL, NULL, 'A1-089'),
	(2529, 'Mumble', '{psychic,colorless}', 30, NULL, NULL, 'A1-124'),
	(2534, 'Surf', '{water,colorless}', 40, NULL, NULL, 'A1-256'),
	(2535, 'Hydro Bazooka', '{water,water,colorless}', 100, '+', 'If this Pokémon has at least 2 extra {W} Energy attached, this attack does 60 more damage.', 'A1-256'),
	(2545, 'Tackle', '{fighting}', 20, NULL, NULL, 'A1-147'),
	(2551, 'Teleport', '{colorless}', NULL, NULL, 'Switch this Pokémon with 1 of your Benched Pokémon.', 'A1-115'),
	(2575, 'Growl', '{colorless}', NULL, NULL, 'During your opponent’s next turn, attacks used by the Defending Pokémon do −20 damage.', 'A1-239'),
	(2586, 'Drool', '{grass,colorless}', 40, NULL, NULL, 'A1-228'),
	(2594, 'Pound', '{colorless,colorless}', 30, NULL, NULL, 'A1-193'),
	(2605, 'Poison Gas', '{darkness}', 10, NULL, 'Your opponent''s Active Pokémon is now Poisoned.', 'A1-174'),
	(2395, 'Slash', '{fire,colorless,colorless}', 60, NULL, NULL, 'A1-036'),
	(2396, 'Crimson Storm', '{fire,fire,colorless,colorless}', 200, NULL, 'Discard 2 {R} Energy from this Pokémon.', 'A1-036'),
	(2403, 'Thunder Fang', '{lightning,lightning,colorless}', 80, NULL, 'Flip a coin. If heads, your opponent''s Active Pokémon is now Paralyzed.', 'A1-109'),
	(2411, 'Double Lariat', '{psychic,psychic,colorless,colorless}', 100, '×', 'Flip 2 coins. This attack does 100 damage for each heads.', 'A1-136'),
	(2418, 'Scratch', '{fighting}', 10, NULL, NULL, 'A1-137'),
	(2425, 'Psychic', '{psychic,colorless}', 30, '+', 'This attack does 20 more damage for each Energy attached to your opponent''s Active Pokémon.', 'A1-127'),
	(2433, 'Ram', '{colorless}', 10, NULL, NULL, 'A1-130'),
	(2440, 'Bite', '{darkness}', 20, NULL, NULL, 'A1-164'),
	(2447, 'Water Gun', '{water}', 40, NULL, NULL, 'A1-081'),
	(2454, 'Psychic Sphere', '{psychic,colorless}', 50, NULL, NULL, 'A1-129'),
	(2455, 'Psydrive', '{psychic,psychic,colorless,colorless}', 150, NULL, 'Discard 2 {P} Energy from this Pokémon.', 'A1-129'),
	(2462, 'Wave Splash', '{water}', 40, NULL, NULL, 'A1-075'),
	(2469, 'Bonemerang', '{fighting,fighting}', 80, '×', 'Flip 2 coins. This attack does 80 damage for each heads.', 'A1-153'),
	(2476, 'Metal Claw', '{metal,metal}', 70, NULL, NULL, 'A1-180'),
	(2482, 'Bite', '{darkness}', 30, NULL, NULL, 'A1-167'),
	(2488, 'Hyper Voice', '{colorless,colorless}', 60, NULL, NULL, 'A1-194'),
	(2495, 'Sharpen', '{colorless}', 20, NULL, NULL, 'A1-249'),
	(2502, 'Leek Slap', '{colorless}', 40, NULL, NULL, 'A1-198'),
	(2509, 'Tackle', '{colorless}', 20, NULL, NULL, 'A1-206'),
	(2516, 'Ram', '{water,lightning}', 40, NULL, NULL, 'A1-183'),
	(2522, 'Inferno Dance', '{fire}', NULL, NULL, 'Flip 3 coins. Take an amount of {R} Energy from your Energy Zone equal to the number of heads and attach it to your Benched {R} Pokémon in any way you like.', 'A1-274'),
	(2523, 'Heat Blast', '{fire,colorless,colorless}', 70, NULL, NULL, 'A1-274'),
	(2530, 'Slash', '{fire,colorless,colorless}', 60, NULL, NULL, 'A1-280'),
	(2531, 'Crimson Storm', '{fire,fire,colorless,colorless}', 200, NULL, 'Discard 2 {R} Energy from this Pokémon.', 'A1-280'),
	(2536, 'Tackle', '{colorless}', 20, NULL, NULL, 'A1-208'),
	(2542, 'Rollout', '{colorless,colorless,colorless,colorless}', 70, NULL, NULL, 'A1-211'),
	(2548, 'Magical Shot', '{psychic}', 40, NULL, NULL, 'A1-114'),
	(2553, 'Slash', '{fire,colorless,colorless}', 60, NULL, NULL, 'A1-253'),
	(2554, 'Crimson Storm', '{fire,fire,colorless,colorless}', 200, NULL, 'Discard 2 {R} Energy from this Pokémon.', 'A1-253'),
	(2562, 'Electro Ball', '{lightning,lightning}', 70, NULL, NULL, 'A1-235'),
	(2568, 'Sleepy Song', '{colorless,colorless,colorless}', 80, NULL, 'Your opponent''s Active Pokémon is now Asleep.', 'A1-265'),
	(2577, 'Slash', '{fire,colorless,colorless}', 60, NULL, NULL, 'A1-284'),
	(2578, 'Crimson Storm', '{fire,fire,colorless,colorless}', 200, NULL, 'Discard 2 {R} Energy from this Pokémon.', 'A1-284'),
	(2588, 'Rollout', '{fighting,colorless,colorless}', 70, NULL, NULL, 'A1-148'),
	(2596, 'Tackle', '{colorless}', 20, NULL, NULL, 'A1-207'),
	(2606, 'Mega Punch', '{fighting,fighting,fighting}', 120, NULL, NULL, 'A1-263'),
	(2397, 'Sting', '{grass}', 20, NULL, NULL, 'A1-008'),
	(2404, 'Peck', '{lightning}', 20, NULL, NULL, 'A1-104'),
	(2405, 'Thundering Hurricane', '{lightning,lightning,lightning}', 50, '×', 'Flip 4 coins. This attack does 50 damage for each heads.', 'A1-104'),
	(2412, 'Wing Attack', '{colorless}', 40, NULL, NULL, 'A1-173'),
	(2419, 'Hydro Splash', '{water,water}', 90, NULL, NULL, 'A1-076'),
	(2426, 'Bubble Drain', '{water,colorless,colorless}', 60, NULL, 'Heal 30 damage from this Pokémon.', 'A1-080'),
	(2434, 'Ice Beam', '{water,water,colorless}', 60, NULL, 'Flip a coin. If heads, your opponent''s Active Pokémon is now Paralyzed.', 'A1-083'),
	(2441, 'Heart Stamp', '{psychic,colorless}', 60, NULL, NULL, 'A1-134'),
	(2448, 'Horn Attack', '{darkness,colorless}', 40, NULL, NULL, 'A1-170'),
	(2456, 'Drill Run', '{colorless,colorless}', 50, NULL, 'Flip a coin. If heads, discard a random Energy from your opponent''s Active Pokémon.', 'A1-192'),
	(2463, 'Vise Grip', '{water,colorless}', 40, NULL, NULL, 'A1-068'),
	(2470, 'Power Blast', '{psychic,psychic,colorless,colorless}', 120, NULL, 'Discard 2 {P} Energy from this Pokémon.', 'A1-128'),
	(2483, 'Gust', '{colorless}', 10, NULL, NULL, 'A1-186'),
	(2489, 'Zap Kick', '{lightning}', 20, NULL, NULL, 'A1-105'),
	(2496, 'Primal Wingbeat', '{colorless,colorless}', NULL, NULL, 'Flip a coin. If heads, your opponent shuffles their Active Pokémon into their deck.', 'A1-210'),
	(2503, 'Inferno Dance', '{fire}', NULL, NULL, 'Flip 3 coins. Take an amount of {R} Energy from your Energy Zone equal to the number of heads and attach it to your Benched {R} Pokémon in any way you like.', 'A1-255'),
	(2504, 'Heat Blast', '{fire,colorless,colorless}', 70, NULL, NULL, 'A1-255'),
	(2510, 'Jab', '{fighting}', 30, NULL, NULL, 'A1-155'),
	(2517, 'Water Gun', '{water}', 20, NULL, NULL, 'A1-232'),
	(2524, 'Corner', '{darkness,colorless}', 60, NULL, 'During your opponent''s next turn, the Defending Pokémon can''t retreat.', 'A1-165'),
	(2532, 'Bite', '{colorless}', 40, NULL, NULL, 'A1-190'),
	(2539, 'Rolling Tackle', '{colorless,colorless,colorless}', 80, NULL, NULL, 'A1-215'),
	(2544, 'Mud-Slap', '{fighting}', 20, NULL, NULL, 'A1-238'),
	(2557, 'Psychic Sphere', '{psychic,colorless}', 50, NULL, NULL, 'A1-282'),
	(2558, 'Psydrive', '{psychic,psychic,colorless,colorless}', 150, NULL, 'Discard 2 {P} Energy from this Pokémon.', 'A1-282'),
	(2564, 'Venoshock', '{darkness,darkness,colorless}', 70, '+', 'If your opponent''s Active Pokémon is Poisoned, this attack does 50 more damage.', 'A1-175'),
	(2571, 'Horn Attack', '{colorless,colorless}', 50, NULL, NULL, 'A1-204'),
	(2583, 'Wing Attack', '{colorless}', 40, NULL, NULL, 'A1-242'),
	(2591, 'Mega Punch', '{fighting,fighting,fighting}', 120, NULL, NULL, 'A1-278'),
	(2599, 'Ice Wing', '{water,colorless}', 40, NULL, NULL, 'A1-275'),
	(2600, 'Blizzard', '{water,water,water}', 80, NULL, 'This attack also does 10 damage to each of your opponent''s Benched Pokémon.', 'A1-275'),
	(2609, 'Tropical Swing', '{grass}', 40, '+', 'Flip a coin. If heads, this attack does 40 more damage.', 'A1-252'),
	(2398, 'Water Gun', '{water}', 20, NULL, NULL, 'A1-053'),
	(2406, 'Flop', '{colorless}', 10, NULL, NULL, 'A1-087'),
	(2413, 'Splash', '{colorless}', 10, NULL, NULL, 'A1-077'),
	(2420, 'Smack', '{psychic,colorless}', 30, NULL, NULL, 'A1-131'),
	(2427, 'Ice Wing', '{water,colorless}', 40, NULL, NULL, 'A1-084'),
	(2429, 'Blizzard', '{water,water,water}', 80, NULL, 'This attack also does 10 damage to each of your opponent''s Benched Pokémon.', 'A1-084'),
	(2435, 'Peck', '{darkness}', 20, NULL, NULL, 'A1-169'),
	(2442, 'Ancient Whirlpool', '{water,colorless,colorless}', 70, NULL, 'During your opponent''s next turn, the Defending Pokémon can''t attack.', 'A1-082'),
	(2449, 'Thunder Spear', '{lightning}', NULL, NULL, 'This attack does 30 damage to 1 of your opponent''s Pokémon.', 'A1-106'),
	(2457, 'Thunderbolt', '{lightning,lightning,lightning}', 140, NULL, 'Discard all Energy from this Pokémon.', 'A1-095'),
	(2464, 'Lightning Ball', '{lightning}', 20, NULL, NULL, 'A1-097'),
	(2471, 'Gnaw', '{colorless}', 20, NULL, NULL, 'A1-189'),
	(2477, 'Inferno Dance', '{fire}', NULL, NULL, 'Flip 3 coins. Take an amount of {R} Energy from your Energy Zone equal to the number of heads and attach it to your Benched {R} Pokémon in any way you like.', 'A1-047'),
	(2478, 'Heat Blast', '{fire,colorless,colorless}', 70, NULL, NULL, 'A1-047'),
	(2484, 'Head Bolt', '{lightning}', 40, NULL, NULL, 'A1-108'),
	(2490, 'Shadow Claw', '{colorless,colorless}', 40, NULL, 'Flip a coin. If heads, discard a random card from your opponent''s hand.', 'A1-197'),
	(2497, 'Blot', '{grass}', 10, NULL, 'Heal 10 damage from this Pokémon.', 'A1-029'),
	(2511, 'Tackle', '{darkness}', 30, NULL, NULL, 'A1-243'),
	(2525, 'Dig', '{fighting}', 40, NULL, 'Flip a coin. If heads, during your opponent’s next turn, prevent all damage from—and effects of—attacks done to this Pokémon.', 'A1-140'),
	(2537, 'Tail Smack', '{colorless}', 20, NULL, NULL, 'A1-212'),
	(2543, 'Sharpen', '{colorless}', 20, NULL, NULL, 'A1-209'),
	(2555, 'Pierce', '{metal}', 30, NULL, NULL, 'A1-179'),
	(2563, 'Dizzy Punch', '{colorless}', 30, '×', 'Flip 2 coins. This attack does 30 damage for each heads.', 'A1-203'),
	(2569, 'Knuckle Punch', '{fighting}', 20, NULL, NULL, 'A1-143'),
	(2579, 'Peck', '{lightning}', 20, NULL, NULL, 'A1-276'),
	(2580, 'Thundering Hurricane', '{lightning,lightning,lightning}', 50, '×', 'Flip 4 coins. This attack does 50 damage for each heads.', 'A1-276'),
	(2589, 'Spiral Kick', '{colorless}', 40, NULL, NULL, 'A1-161'),
	(2597, 'Circle Circuit', '{lightning,lightning}', 30, '×', 'This attack does 30 damage for each of your Benched {L} Pokémon.', 'A1-281'),
	(2607, 'Hydro Splash', '{water,water}', 90, NULL, NULL, 'A1-257'),
	(2399, 'Fire Blast', '{fire,colorless,colorless,colorless}', 130, NULL, 'Discard a {R} Energy from this Pokémon.', 'A1-052'),
	(2407, 'Smack', '{water}', 20, NULL, NULL, 'A1-074'),
	(2414, 'Quick Attack', '{colorless,colorless}', 40, '+', 'Flip a coin. If heads, this attack does 40 more damage.', 'A1-111'),
	(2421, 'Pin Missile', '{lightning,colorless}', 40, '×', 'Flip 4 coins. This attack does 40 damage for each heads.', 'A1-102'),
	(2428, 'Thunder Punch', '{lightning,lightning}', 40, '+', 'Flip a coin. If heads, this attack does 40 more damage. If tails, this Pokémon also does 20 damage to itself.', 'A1-101'),
	(2436, 'Aqua Edge', '{water,water}', 70, NULL, NULL, 'A1-058'),
	(2443, 'Flap', '{colorless,colorless}', 30, NULL, NULL, 'A1-085'),
	(2450, 'Hydro Pump', '{water}', 20, '+', 'If this Pokémon has at least 3 extra {W} Energy attached, this attack does 70 more damage.', 'A1-079'),
	(2458, 'Shell Attack', '{fighting}', 40, NULL, NULL, 'A1-158'),
	(2465, 'Tail Smack', '{water,lightning,colorless}', 80, NULL, NULL, 'A1-184'),
	(2472, 'Bone Beatdown', '{fighting}', 40, NULL, NULL, 'A1-152'),
	(2492, 'Peck', '{colorless}', 20, NULL, NULL, 'A1-191'),
	(2499, 'Tackle', '{colorless,colorless}', 30, NULL, NULL, 'A1-214'),
	(2506, 'Tackle', '{colorless}', 20, NULL, NULL, 'A1-248'),
	(2513, 'Copy Anything', '{colorless}', NULL, NULL, 'Choose 1 of your opponent’s Pokémon’s attacks and use it as this attack. If this Pokémon doesn’t have the necessary Energy to use that attack, this attack does nothing.', 'A1-205'),
	(2519, 'Pay Day', '{colorless}', 10, NULL, 'Draw a card.', 'A1-246'),
	(2527, 'Ice Wing', '{water,colorless}', 40, NULL, NULL, 'A1-258'),
	(2528, 'Blizzard', '{water,water,water}', 80, NULL, 'This attack also does 10 damage to each of your opponent''s Benched Pokémon.', 'A1-258'),
	(2541, 'Draco Meteor', '{water,lightning,colorless,colorless}', NULL, NULL, '1 of your opponent''s Pokémon is chosen at random 4 times. For each time a Pokémon was chosen, do 50 damage to it.', 'A1-244'),
	(2561, 'Continuous Lick', '{colorless,colorless,colorless}', 60, '×', 'Flip a coin until you get tails. This attack does 60 damage for each heads.', 'A1-201'),
	(2567, 'Growl', '{colorless}', NULL, NULL, 'During your opponent’s next turn, attacks used by the Defending Pokémon do −20 damage.', 'A1-151'),
	(2576, 'Spooky Shot', '{psychic,psychic,psychic}', 100, NULL, NULL, 'A1-277'),
	(2587, 'Super Psy Bolt', '{psychic,psychic,colorless}', 80, NULL, NULL, 'A1-119'),
	(2595, 'Hydro Pump', '{water}', 20, '+', 'If this Pokémon has at least 3 extra {W} Energy attached, this attack does 70 more damage.', 'A1-234'),
	(2603, 'Crunch', '{metal}', 20, NULL, 'Flip a coin. If heads, discard a random Energy from your opponent''s Active Pokémon.', 'A1-178'),
	(2400, 'Water Drip', '{colorless}', 30, NULL, NULL, 'A1-088'),
	(2408, 'Thunder Shock', '{lightning,lightning}', 40, NULL, 'Flip a coin. If heads, your opponent''s Active Pokémon is now Paralyzed.', 'A1-112'),
	(2415, 'Mega Punch', '{water,colorless,colorless}', 80, NULL, NULL, 'A1-061'),
	(2422, 'Hyper Beam', '{water,water,water,water}', 100, NULL, 'Discard a random Energy from your opponent''s Active Pokémon.', 'A1-078'),
	(2430, 'Low Kick', '{fighting}', 20, NULL, NULL, 'A1-141'),
	(2437, 'Strength', '{fighting,fighting}', 50, NULL, NULL, 'A1-144'),
	(2444, 'Mega Punch', '{psychic,colorless,colorless}', 50, NULL, NULL, 'A1-135'),
	(2451, 'Tackle', '{fighting,fighting,colorless}', 60, NULL, NULL, 'A1-156'),
	(2459, 'Rain Splash', '{water}', 30, NULL, NULL, 'A1-090'),
	(2466, 'Leech Life', '{fighting}', 50, NULL, 'Heal from this Pokémon the same amount of damage you did to your opponent''s Active Pokémon.', 'A1-159'),
	(2473, 'Drill Peck', '{colorless}', 40, NULL, NULL, 'A1-200'),
	(2479, 'Tongue Slap', '{water}', 20, NULL, NULL, 'A1-066'),
	(2485, 'Sleepy Song', '{colorless,colorless,colorless}', 80, NULL, 'Your opponent''s Active Pokémon is now Asleep.', 'A1-195'),
	(2491, 'Will-O-Wisp', '{psychic}', 30, NULL, NULL, 'A1-121'),
	(2498, 'Double Horn', '{grass,grass}', 50, '×', 'Flip 2 coins. This attack does 50 damage for each heads.', 'A1-229'),
	(2505, 'Copy Anything', '{colorless}', NULL, NULL, 'Choose 1 of your opponent’s Pokémon’s attacks and use it as this attack. If this Pokémon doesn’t have the necessary Energy to use that attack, this attack does nothing.', 'A1-247'),
	(2512, 'Knuckle Punch', '{fighting,colorless}', 30, NULL, NULL, 'A1-162'),
	(2518, 'Bonemerang', '{fighting,fighting}', 80, '×', 'Flip 2 coins. This attack does 80 damage for each heads.', 'A1-264'),
	(2526, 'Rollout', '{colorless,colorless,colorless,colorless}', 70, NULL, NULL, 'A1-250'),
	(2538, 'Psychic Sphere', '{psychic,colorless}', 50, NULL, NULL, 'A1-262'),
	(2540, 'Psydrive', '{psychic,psychic,colorless,colorless}', 150, NULL, 'Discard 2 {P} Energy from this Pokémon.', 'A1-262'),
	(2546, 'Inferno Onrush', '{fire,fire,colorless}', 120, NULL, 'This Pokémon also does 20 damage to itself.', 'A1-254'),
	(2549, 'Hyper Beam', '{water,water,water,water}', 100, NULL, 'Discard a random Energy from your opponent''s Active Pokémon.', 'A1-233'),
	(2550, 'Spinning Attack', '{lightning,colorless,colorless,colorless}', 60, NULL, NULL, 'A1-098'),
	(2556, 'Pay Day', '{colorless}', 10, NULL, 'Draw a card.', 'A1-196'),
	(2559, 'Psy Report', '{psychic}', 20, NULL, 'Your opponent reveals their hand.', 'A1-283'),
	(2560, 'Wing Attack', '{colorless,colorless}', 70, NULL, NULL, 'A1-245'),
	(2565, 'Tail Whap', '{psychic,colorless}', 30, NULL, NULL, 'A1-237'),
	(2566, 'Horn Drill', '{fighting,fighting,fighting,colorless}', 100, NULL, NULL, 'A1-157'),
	(2572, 'Sleepy Song', '{colorless,colorless,colorless}', 80, NULL, 'Your opponent''s Active Pokémon is now Asleep.', 'A1-279'),
	(2573, 'Circle Circuit', '{lightning,lightning}', 30, '×', 'This attack does 30 damage for each of your Benched {L} Pokémon.', 'A1-285'),
	(2574, 'Pound', '{colorless}', 20, NULL, NULL, 'A1-160'),
	(2584, 'Tackle', '{darkness}', 30, NULL, NULL, 'A1-177'),
	(2585, 'Spooky Shot', '{psychic,psychic,psychic}', 100, NULL, NULL, 'A1-261'),
	(2592, 'Ember', '{fire}', 30, NULL, 'Discard a {R} Energy from this Pokémon.', 'A1-230'),
	(2593, 'Raging Thunder', '{lightning,lightning,colorless}', 100, NULL, 'This attack also does 30 damage to 1 of your Benched Pokémon.', 'A1-260'),
	(2601, 'Glide', '{colorless}', 10, NULL, NULL, 'A1-172'),
	(2602, 'Double-Edge', '{fighting,colorless,colorless,colorless}', 150, NULL, 'This Pokémon also does 50 damage to itself.', 'A1-149'),
	(2604, 'Call for Family', '{darkness}', NULL, NULL, 'Put 1 random Nidoran♂ from your deck onto your Bench.', 'A1-166'),
	(2610, 'Mud-Slap', '{fighting}', 20, NULL, NULL, 'A1-139'),
	(2611, 'Flickering Spores', '{grass,grass}', 50, NULL, 'Your opponent''s Active Pokémon is now Asleep.', 'A1a-008'),
	(2612, 'Vine Whip', '{grass,colorless}', 40, NULL, NULL, 'A1a-004'),
	(2613, 'Growth Spurt', '{colorless}', NULL, NULL, 'Take a {G} Energy from your Energy Zone and attach it to this Pokémon.', 'A1a-001'),
	(2614, 'Powerful Bloom', '{grass,colorless}', 50, '×', 'Flip a coin for each Energy attached to this Pokémon. This attack does 50 damage for each heads.', 'A1a-003'),
	(2615, 'Psychic', '{grass,colorless,colorless,colorless}', 80, '+', 'This attack does 20 more damage for each Energy attached to your opponent''s Active Pokémon.', 'A1a-002'),
	(2616, 'Fire Blast', '{fire,fire}', 80, NULL, 'Discard 2 {R} Energy from this Pokémon.', 'A1a-012'),
	(2617, 'Stomp', '{fire}', 10, '+', 'Flip a coin. If heads, this attack does 30 more damage.', 'A1a-010'),
	(2618, 'Ram', '{grass}', 20, NULL, NULL, 'A1a-007'),
	(2619, 'Vine Whip', '{grass,colorless}', 50, NULL, NULL, 'A1a-005'),
	(2620, 'Energy Whip', '{grass}', 20, '+', 'If this Pokémon has at least 3 extra {G} Energy attached, this attack does 70 more damage.', 'A1a-009'),
	(2621, 'Venoshock', '{colorless}', 10, '+', 'If your opponent''s Active Pokémon is Poisoned, this attack does 40 more damage.', 'A1a-015'),
	(2622, 'Volcanic Ash', '{fire,fire,colorless}', NULL, NULL, 'Discard 2 {R} Energy from this Pokémon. This attack does 80 damage to 1 of your opponent''s Pokémon.', 'A1a-014'),
	(2623, 'Wave Splash', '{water,colorless,colorless}', 60, NULL, NULL, 'A1a-019'),
	(2624, 'Poison Claws', '{fire}', 30, NULL, 'Your opponent''s Active Pokémon is now Poisoned.', 'A1a-016'),
	(2625, 'Combustion', '{fire,colorless}', 30, NULL, NULL, 'A1a-013'),
	(2626, 'Solar Beam', '{grass,colorless,colorless,colorless}', 70, NULL, NULL, 'A1a-006'),
	(2627, 'Thunder Shock', '{lightning}', 10, NULL, 'Flip a coin. If heads, your opponent''s Active Pokémon is now Paralyzed.', 'A1a-030'),
	(2628, 'Dive', '{water,water,colorless}', 60, NULL, 'Flip a coin. If heads, during your opponent''s next turn, prevent all damage from—and effects of—attacks done to this Pokémon.', 'A1a-024'),
	(2629, 'Rising Lunge', '{fire,colorless}', 40, '+', 'Flip a coin. If heads, this attack does 60 more damage.', 'A1a-011'),
	(2630, 'Crunch', '{water,water,water}', 70, NULL, 'Flip a coin. If heads, discard a random Energy from your opponent''s Active Pokémon.', 'A1a-023'),
	(2631, 'Aqua Liner', '{water,water}', NULL, NULL, 'This attack does 50 damage to 1 of your opponent''s Benched Pokémon.', 'A1a-021'),
	(2633, 'Psyshot', '{psychic}', 20, NULL, NULL, 'A1a-077'),
	(2632, 'Electroweb', '{lightning,lightning}', 70, NULL, 'During your opponent''s next turn, the Defending Pokémon can''t retreat.', 'A1a-029'),
	(2637, 'Powerful Bloom', '{grass,colorless}', 50, '×', 'Flip a coin for each Energy attached to this Pokémon. This attack does 50 damage for each heads.', 'A1a-075'),
	(2639, 'Thunder Spear', '{lightning,lightning}', NULL, NULL, 'This attack does 40 damage to 1 of your opponent''s Pokémon.', 'A1a-027'),
	(2646, 'Bite', '{water,colorless}', 30, NULL, NULL, 'A1a-022'),
	(2653, 'Bloomshine', '{psychic,psychic}', 80, NULL, 'Heal 20 damage from each of your Pokémon.', 'A1a-038'),
	(2659, 'Punch', '{fighting}', 50, NULL, NULL, 'A1a-042'),
	(2670, 'Psyshot', '{psychic}', 20, NULL, NULL, 'A1a-083'),
	(2671, 'Genome Hacking', '{colorless,colorless,colorless}', NULL, NULL, 'Choose 1 of your opponent''s Active Pokémon''s attacks and use it as this attack.', 'A1a-083'),
	(2675, 'Thunder Shock', '{lightning}', 10, NULL, 'Flip a coin. If heads, your opponent''s Active Pokémon is now Paralyzed.', 'A1a-073'),
	(2680, 'Land Crush', '{fighting,colorless}', 80, NULL, NULL, 'A1a-046'),
	(2684, 'Slash', '{darkness}', 40, NULL, NULL, 'A1a-052'),
	(2693, 'Razor Leaf', '{grass}', 30, NULL, NULL, 'A2-002'),
	(2699, 'Call for Family', '{colorless}', NULL, NULL, 'Put 1 random Basic Pokémon from your deck onto your Bench.', 'A2-157'),
	(2705, 'Bursting Inferno', '{fire,fire,fire,fire}', 100, NULL, 'Your opponent''s Active Pokémon is now Burned.', 'A2-024'),
	(2711, 'Flog', '{grass,grass,colorless}', 40, '+', 'Flip a coin. If heads, this attack does 50 more damage.', 'A2-019'),
	(2717, 'Mega Drain', '{grass,grass,grass,colorless}', 90, NULL, 'Heal 30 damage from this Pokémon.', 'A2-005'),
	(2723, 'Rolling Tackle', '{fighting,fighting,colorless}', 60, NULL, NULL, 'A2-171'),
	(2729, 'Submarine Blow', '{fighting,fighting}', 40, NULL, NULL, 'A2-170'),
	(2735, 'Steel Tackle', '{metal,metal,metal}', 110, NULL, 'This Pokémon also does 20 damage to itself.', 'A2-174'),
	(2740, 'Stoke', '{fire}', NULL, NULL, 'Take a {R} Energy from your Energy Zone and attach it to this Pokémon.', 'A2-023'),
	(2747, 'Hide', '{lightning}', NULL, NULL, 'Flip a coin. If heads, during your opponent''s next turn, prevent all damage from—and effects of—attacks done to this Pokémon.', 'A2-058'),
	(2753, 'Oceanic Gift', '{water}', NULL, NULL, 'Choose 2 of your Benched Pokémon. For each of those Pokémon, take a {W} Energy from your Energy Zone and attach it to that Pokémon.', 'A2-050'),
	(2760, 'Mud-Slap', '{water,colorless}', 30, NULL, NULL, 'A2-040'),
	(2767, 'Flare Blitz', '{fire,fire}', 140, NULL, 'Discard all {R} Energy from this Pokémon.', 'A2-181'),
	(2773, 'Psychic Arrow', '{psychic}', NULL, NULL, 'This attack does 20 damage to 1 of your opponent''s Pokémon.', 'A2-077'),
	(2778, 'Licking Fury', '{colorless,colorless,colorless,colorless}', 100, '+', 'Flip a coin until you get tails. This attack does 40 more damage for each heads.', 'A2-189'),
	(2784, 'Dark Prism', '{darkness,darkness,colorless}', 80, NULL, NULL, 'A2-187'),
	(2797, 'Sparking Gadget', '{lightning,lightning}', 40, '+', 'If this Pokémon has a Pokémon Tool attached, this attack does 40 more damage.', 'A2-198'),
	(2803, 'Metallic Turbo', '{metal,metal}', 30, NULL, 'Take 2 {M} Energy from your Energy Zone and attach it to 1 of your Benched Pokémon.', 'A2-188'),
	(2804, 'Heavy Impact', '{metal,metal,colorless,colorless}', 100, NULL, NULL, 'A2-188'),
	(2811, 'Jet Screw', '{water}', 30, '+', 'Flip a coin. If heads, this attack does 30 more damage.', 'A2-039'),
	(2818, 'Licking Fury', '{colorless,colorless,colorless,colorless}', 100, '+', 'Flip a coin until you get tails. This attack does 40 more damage for each heads.', 'A2-203'),
	(2827, 'Double Scratch', '{darkness}', 20, '×', 'Flip 2 coins. This attack does 20 damage for each heads.', 'A2-098'),
	(2833, 'Frost Smash', '{water,water}', 50, NULL, NULL, 'A2-034'),
	(2839, 'Dark Void', '{darkness,darkness,colorless}', 60, NULL, 'Your opponent''s Active Pokémon is now Asleep.', 'A2-109'),
	(2845, 'Dark Prism', '{darkness,darkness,colorless}', 80, NULL, NULL, 'A2-110'),
	(2851, 'Metallic Turbo', '{metal,metal}', 30, NULL, 'Take 2 {M} Energy from your Energy Zone and attach it to 1 of your Benched Pokémon.', 'A2-119'),
	(2852, 'Heavy Impact', '{metal,metal,colorless,colorless}', 100, NULL, NULL, 'A2-119'),
	(2858, 'Slash', '{water,fighting}', 60, NULL, NULL, 'A2-122'),
	(2864, 'Steel Tackle', '{metal,metal,metal}', 110, NULL, 'This Pokémon also does 20 damage to itself.', 'A2-120'),
	(2870, 'Sharpen', '{colorless}', 30, NULL, NULL, 'A2-128'),
	(2875, 'Interrupt', '{colorless,colorless,colorless}', 60, NULL, 'Your opponent reveals their hand. Choose a card you find there and shuffle it into your opponent''s deck.', 'A2-140'),
	(2882, 'Spin Storm', '{colorless,colorless}', NULL, NULL, 'Flip a coin. If heads, put your opponent''s Active Pokémon into their hand.', 'A2-142'),
	(2887, 'Mega Drain', '{grass,grass,grass,colorless}', 90, NULL, 'Heal 30 damage from this Pokémon.', 'A2-156'),
	(2634, 'Genome Hacking', '{colorless,colorless,colorless}', NULL, NULL, 'Choose 1 of your opponent''s Active Pokémon''s attacks and use it as this attack.', 'A1a-077'),
	(2638, 'Smokescreen', '{darkness,darkness}', 50, NULL, 'During your opponent''s next turn, if the Defending Pokémon tries to use an attack, your opponent flips a coin. If tails, that attack doesn''t happen.', 'A1a-050'),
	(2642, 'Psy Report', '{psychic}', 20, NULL, 'Your opponent reveals their hand.', 'A1a-031'),
	(2649, 'Mind Jack', '{psychic}', 10, '+', 'This attack does 20 more damage for each of your opponent''s Benched Pokémon.', 'A1a-035'),
	(2656, 'Revenge', '{fighting,colorless}', 40, '+', 'If any of your Pokémon were Knocked Out by damage from an attack during your opponent''s last turn, this attack does 60 more damage.', 'A1a-047'),
	(2662, 'Mimic', '{colorless}', NULL, NULL, 'Shuffle your hand into your deck. Draw a card for each card in your opponent''s hand.', 'A1a-062'),
	(2667, 'Leaf Drain', '{psychic}', 40, NULL, 'Heal 10 damage from this Pokémon.', 'A1a-037'),
	(2673, 'Land Crush', '{fighting,colorless}', 80, NULL, NULL, 'A1a-078'),
	(2677, 'Revenge', '{fighting,colorless}', 40, '+', 'If any of your Pokémon were Knocked Out by damage from an attack during your opponent''s last turn, this attack does 60 more damage.', 'A1a-074'),
	(2686, 'Division', '{darkness}', NULL, NULL, 'Put 1 random Koffing from your deck onto your Bench.', 'A1a-049'),
	(2690, 'Venoshock', '{darkness,colorless}', 70, '+', 'If your opponent''s Active Pokémon is Poisoned, this attack does 50 more damage.', 'A1a-055'),
	(2696, 'Expand', '{psychic}', 10, NULL, 'During your opponent''s next turn, this Pokémon takes −20 damage from attacks.', 'A2-165'),
	(2702, 'Spooky Shot', '{psychic,psychic,colorless}', 70, NULL, NULL, 'A2-167'),
	(2708, 'Pierce', '{grass,grass}', 70, NULL, NULL, 'A2-018'),
	(2714, 'Frenzy Plant', '{grass,grass,colorless,colorless}', 150, NULL, 'During your next turn, this Pokémon can''t use Frenzy Plant.', 'A2-012'),
	(2720, 'Flop', '{grass,colorless}', 30, NULL, NULL, 'A2-022'),
	(2726, 'Leaf Cutter', '{grass,colorless,colorless}', 60, '+', 'Flip a coin. If heads, this attack does 30 more damage.', 'A2-016'),
	(2732, 'Frosty Flattening', '{water,water,colorless,colorless}', 120, NULL, NULL, 'A2-033'),
	(2737, 'Headbutt', '{water,colorless}', 40, NULL, NULL, 'A2-031'),
	(2742, 'Aqua Jet', '{water,water,colorless}', 80, NULL, 'This attack also does 30 damage to 1 of your opponent''s Benched Pokémon.', 'A2-037'),
	(2749, 'Ice Beam', '{water,water}', 60, NULL, 'Flip a coin. If heads, your opponent''s Active Pokémon is now Paralyzed.', 'A2-046'),
	(2755, 'Slash', '{water}', 30, NULL, NULL, 'A2-049'),
	(2756, 'Dimensional Storm', '{water,water,water,colorless}', 150, NULL, 'Discard 3 {W} Energy from this Pokémon. This attack also does 20 damage to each of your opponent''s Benched Pokémon.', 'A2-049'),
	(2762, 'Slash', '{water}', 30, NULL, NULL, 'A2-182'),
	(2763, 'Dimensional Storm', '{water,water,water,colorless}', 150, NULL, 'Discard 3 {W} Energy from this Pokémon. This attack also does 20 damage to each of your opponent''s Benched Pokémon.', 'A2-182'),
	(2769, 'Spooky Shot', '{psychic,psychic,colorless}', 70, NULL, NULL, 'A2-078'),
	(2775, 'Magical Delusion', '{psychic,psychic}', 70, NULL, 'Your opponent''s Active Pokémon is now Confused.', 'A2-184'),
	(2781, 'Spinning Attack', '{fighting,fighting}', 50, NULL, NULL, 'A2-085'),
	(2787, 'Pierce', '{fighting}', 20, NULL, NULL, 'A2-083'),
	(2793, 'Rolling Attack', '{lightning}', 50, NULL, NULL, 'A2-055'),
	(2799, 'Super Fang', '{colorless,colorless}', NULL, NULL, 'Halve your opponent''s Active Pokémon''s remaining HP, rounded down.', 'A2-177'),
	(2806, 'Dark Prism', '{darkness,darkness,colorless}', 80, NULL, NULL, 'A2-202'),
	(2813, 'Bite', '{darkness}', 20, NULL, NULL, 'A2-100'),
	(2820, 'Metallic Turbo', '{metal,metal}', 30, NULL, 'Take 2 {M} Energy from your Energy Zone and attach it to 1 of your Benched Pokémon.', 'A2-207'),
	(2821, 'Heavy Impact', '{metal,metal,colorless,colorless}', 100, NULL, NULL, 'A2-207'),
	(2828, 'Mumble', '{psychic}', 20, NULL, NULL, 'A2-066'),
	(2834, 'Poison Gas', '{darkness,colorless}', 50, NULL, 'Your opponent''s Active Pokémon is now Poisoned.', 'A2-103'),
	(2840, 'Pound', '{psychic}', 20, NULL, NULL, 'A2-063'),
	(2846, 'Group Beatdown', '{darkness,darkness}', 40, '×', 'Flip a coin for each Pokémon you have in play. This attack does 40 damage for each heads.', 'A2-108'),
	(2853, 'Expand', '{psychic}', 10, NULL, 'During your opponent''s next turn, this Pokémon takes −20 damage from attacks.', 'A2-073'),
	(2859, 'Moonlight Gain', '{psychic,psychic}', 50, NULL, 'Heal 20 damage from this Pokémon.', 'A2-079'),
	(2865, 'Tongue Slap', '{colorless,colorless,colorless}', 50, NULL, NULL, 'A2-124'),
	(2871, 'Super Fang', '{colorless,colorless}', NULL, NULL, 'Halve your opponent''s Active Pokémon''s remaining HP, rounded down.', 'A2-135'),
	(2877, 'Pose', '{colorless}', 40, NULL, 'Flip a coin. If tails, this attack does nothing.', 'A2-139'),
	(2880, 'Fury Attack', '{colorless}', 20, NULL, 'Flip 3 coins. This attack does 20 damage for each heads.', 'A2-141'),
	(2883, 'Flog', '{grass,grass,colorless}', 40, '+', 'Flip a coin. If heads, this attack does 50 more damage.', 'A2-158'),
	(2635, 'Lunge Out', '{fighting,colorless}', 40, NULL, NULL, 'A1a-044'),
	(2641, 'Rampaging Whirlpool', '{water,water,water,colorless}', 140, NULL, 'Discard a random Energy from among the Energy attached to all Pokémon (both yours and your opponent''s).', 'A1a-018'),
	(2643, 'Hypnotic Gaze', '{psychic}', NULL, NULL, 'Your opponent''s Active Pokémon is now Asleep.', 'A1a-036'),
	(2648, 'Water Gun', '{water}', 20, NULL, NULL, 'A1a-020'),
	(2655, 'Scattering Cyclone', '{colorless,colorless,colorless}', 80, '+', 'This attack does 20 more damage for each of your opponent''s Benched Pokémon.', 'A1a-059'),
	(2661, 'Fighting Tackle', '{colorless,colorless,colorless}', 40, '+', 'If your opponent’s Active Pokémon is a Pokémon {ex}, this attack does 80 more damage.', 'A1a-060'),
	(2665, 'Psyshot', '{psychic}', 20, NULL, NULL, 'A1a-086'),
	(2666, 'Genome Hacking', '{colorless,colorless,colorless}', NULL, NULL, 'Choose 1 of your opponent''s Active Pokémon''s attacks and use it as this attack.', 'A1a-086'),
	(2672, 'Continuous Steps', '{colorless}', 20, NULL, 'Flip a coin until you get tails. This attack does 20 damage for each heads.', 'A1a-061'),
	(2678, 'Solar Beam', '{grass,colorless,colorless,colorless}', 70, NULL, NULL, 'A1a-070'),
	(2682, 'Magical Shot', '{psychic,colorless}', 60, NULL, NULL, 'A1a-040'),
	(2687, 'Poison Sting', '{darkness}', 20, NULL, 'Your opponent''s Active Pokémon is now Poisoned.', 'A1a-054'),
	(2691, 'Scattering Cyclone', '{colorless,colorless,colorless}', 80, '+', 'This attack does 20 more damage for each of your opponent''s Benched Pokémon.', 'A1a-079'),
	(2697, 'Leaf Step', '{grass,grass}', 80, NULL, NULL, 'A2-003'),
	(2703, 'Blot', '{grass}', 10, NULL, 'Heal 10 damage from this Pokémon.', 'A2-001'),
	(2709, 'Hide', '{lightning}', NULL, NULL, 'Flip a coin. If heads, during your opponent''s next turn, prevent all damage from—and effects of—attacks done to this Pokémon.', 'A2-163'),
	(2715, 'Flare', '{fire}', 20, NULL, NULL, 'A2-025'),
	(2721, 'Energy Cutoff', '{grass,colorless}', 30, NULL, 'Flip a coin. If heads, discard a random Energy from your opponent''s Active Pokémon.', 'A2-021'),
	(2727, 'Flare Blitz', '{fire,fire}', 140, NULL, 'Discard all {R} Energy from this Pokémon.', 'A2-029'),
	(2733, 'Frost Breath', '{water,water,water,colorless}', 120, NULL, NULL, 'A2-045'),
	(2739, 'Searing Flame', '{fire,colorless}', 30, NULL, 'Your opponent''s Active Pokémon is now Burned.', 'A2-026'),
	(2745, 'Wave Splash', '{water}', 30, NULL, NULL, 'A2-047'),
	(2751, 'Thunder Blast', '{lightning,colorless,colorless}', 110, NULL, 'Discard a {L} Energy from this Pokémon.', 'A2-053'),
	(2758, 'Dragon Claw', '{water,fighting}', 100, NULL, NULL, 'A2-175'),
	(2765, 'Ram', '{colorless}', 10, NULL, NULL, 'A2-051'),
	(2771, 'Supreme Blast', '{psychic,psychic,psychic}', 160, NULL, 'You can use this attack only if you have Uxie and Azelf on your Bench. Discard all Energy from this Pokémon.', 'A2-076'),
	(2776, 'Energized Blade', '{fighting,fighting}', 70, '+', 'This attack does 20 more damage for each Energy attached to your opponent''s Active Pokémon.', 'A2-185'),
	(2782, 'Boulder Crush', '{fighting,fighting,fighting,colorless}', 100, NULL, NULL, 'A2-087'),
	(2794, 'Land Crush', '{fighting,colorless,colorless}', 70, NULL, NULL, 'A2-090'),
	(2800, 'Jab', '{fighting}', 20, NULL, NULL, 'A2-091'),
	(2807, 'Magical Delusion', '{psychic,psychic}', 70, NULL, 'Your opponent''s Active Pokémon is now Confused.', 'A2-067'),
	(2814, 'Slash', '{water}', 30, NULL, NULL, 'A2-204'),
	(2815, 'Dimensional Storm', '{water,water,water,colorless}', 150, NULL, 'Discard 3 {W} Energy from this Pokémon. This attack also does 20 damage to each of your opponent''s Benched Pokémon.', 'A2-204'),
	(2822, 'Scratching Nails', '{darkness}', 30, '+', 'If your opponent''s Active Pokémon has damage on it, this attack does 40 more damage.', 'A2-099'),
	(2829, 'Cross Poison', '{darkness,darkness,darkness}', 40, '×', 'Flip 4 coins. This attack does 40 damage for each heads. If at least 2 of them are heads, your opponent''s Active Pokémon is now Poisoned.', 'A2-106'),
	(2835, 'Swirling Disaster', '{colorless}', NULL, NULL, 'This attack does 10 damage to each of your opponent''s Pokémon.', 'A2-104'),
	(2841, 'Metal Arms', '{metal}', 20, '+', 'If this Pokémon has a Pokémon Tool attached, this attack does 30 more damage.', 'A2-111'),
	(2847, 'Iron Head', '{metal,metal}', 50, '+', 'Flip a coin until you get tails. This attack does 30 more damage for each heads.', 'A2-115'),
	(2854, 'Triple Nose', '{metal,metal,metal,colorless}', 30, '+', 'Flip 3 coins. This attack does 50 more damage for each heads.', 'A2-118'),
	(2860, 'Quick Attack', '{colorless}', 10, NULL, 'Flip a coin. If heads, this attack does 20 more damage.', 'A2-126'),
	(2866, 'Double Hit', '{colorless}', 40, '×', 'Flip 2 coins. This attack does 40 damage for each heads.', 'A2-131'),
	(2872, 'Skill Dive', '{darkness,darkness}', NULL, NULL, 'This attack does 50 damage to 1 of your opponent''s Pokémon.', 'A2-097'),
	(2878, 'Clutch', '{colorless,colorless,colorless}', 80, NULL, 'During your opponent''s next turn, the Defending Pokémon can''t retreat.', 'A2-134'),
	(2881, 'Raging Hammer', '{colorless,colorless,colorless,colorless}', 50, '+', 'This attack does more damage equal to the damage this Pokémon has on it.', 'A2-143'),
	(2884, 'Flop', '{grass,colorless}', 30, NULL, NULL, 'A2-159'),
	(2636, 'Flap', '{colorless}', 20, NULL, NULL, 'A1a-057'),
	(2640, 'Leap Out', '{water}', NULL, NULL, 'Switch this Pokémon with 1 of your Benched Pokémon.', 'A1a-017'),
	(2644, 'Focus Fist', '{fighting}', 50, NULL, 'Flip a coin. If tails, this attack does nothing.', 'A1a-041'),
	(2645, 'Gigashock', '{lightning,lightning,lightning}', 60, NULL, 'This attack also does 20 damage to each of your opponent''s Benched Pokémon.', 'A1a-026'),
	(2647, 'Circle Circuit', '{lightning}', 10, '×', 'This attack does 10 damage for each of your Benched {L} Pokémon.', 'A1a-025'),
	(2650, 'Psyshot', '{psychic}', 20, NULL, NULL, 'A1a-032'),
	(2651, 'Genome Hacking', '{colorless,colorless,colorless}', NULL, NULL, 'Choose 1 of your opponent''s Active Pokémon''s attacks and use it as this attack.', 'A1a-032'),
	(2652, 'Light Punch', '{fighting,colorless}', 30, NULL, NULL, 'A1a-043'),
	(2654, 'Fairy Wind', '{psychic}', 20, NULL, NULL, 'A1a-039'),
	(2657, 'Dragon Claw', '{fire,water,colorless}', 90, NULL, NULL, 'A1a-056'),
	(2658, 'Bug Bite', '{lightning}', 30, NULL, NULL, 'A1a-028'),
	(2660, 'Headbutt', '{psychic}', 20, NULL, NULL, 'A1a-034'),
	(2663, 'Rampaging Whirlpool', '{water,water,water,colorless}', 140, NULL, 'Discard a random Energy from among the Energy attached to all Pokémon (both yours and your opponent''s).', 'A1a-076'),
	(2664, 'Spike Draw', '{psychic}', 10, NULL, 'Draw a card.', 'A1a-033'),
	(2668, 'Mega Kick', '{fighting,fighting,fighting}', 90, NULL, NULL, 'A1a-048'),
	(2669, 'Powerful Bloom', '{grass,colorless}', 50, '×', 'Flip a coin for each Energy attached to this Pokémon. This attack does 50 damage for each heads.', 'A1a-085'),
	(2674, 'Land Crush', '{fighting,colorless}', 80, NULL, NULL, 'A1a-084'),
	(2676, 'Venoshock', '{colorless}', 10, '+', 'If your opponent''s Active Pokémon is Poisoned, this attack does 40 more damage.', 'A1a-071'),
	(2679, 'Psychic', '{grass,colorless,colorless,colorless}', 80, '+', 'This attack does 20 more damage for each Energy attached to your opponent''s Active Pokémon.', 'A1a-069'),
	(2681, 'Guard Press', '{fighting,fighting,fighting,colorless}', 120, NULL, 'During your opponent''s next turn, this Pokémon takes −30 damage from attacks.', 'A1a-045'),
	(2683, 'Wing Attack', '{colorless,colorless,colorless}', 50, NULL, NULL, 'A1a-058'),
	(2685, 'Scratch', '{darkness}', 20, NULL, NULL, 'A1a-051'),
	(2688, 'Wave Splash', '{water,colorless,colorless}', 60, NULL, NULL, 'A1a-072'),
	(2689, 'Ram', '{darkness}', 20, NULL, NULL, 'A1a-053'),
	(2692, 'Air Slash', '{colorless,colorless,colorless}', 120, NULL, 'Discard a random Energy from this Pokémon.', 'A2-007'),
	(2694, 'Bug Bite', '{grass}', 20, NULL, NULL, 'A2-013'),
	(2695, 'Poisonous Whip', '{grass,colorless}', 50, NULL, 'Your opponent''s Active Pokémon is now Poisoned.', 'A2-009'),
	(2698, 'Vine Whip', '{grass,colorless}', 30, NULL, NULL, 'A2-004'),
	(2700, 'Flap', '{colorless}', 20, NULL, NULL, 'A2-006'),
	(2701, 'Leafy Cyclone', '{grass,colorless}', 90, NULL, 'During your next turn, this Pokémon can''t attack.', 'A2-020'),
	(2704, 'Muddy Water', '{water,colorless,colorless}', 60, NULL, 'This attack also does 20 damage to 1 of your opponent''s Benched Pokémon.', 'A2-161'),
	(2706, 'Call for Family', '{colorless}', NULL, NULL, 'Put 1 random Basic Pokémon from your deck onto your Bench.', 'A2-017'),
	(2707, 'Scratch', '{fire}', 20, NULL, NULL, 'A2-027'),
	(2710, 'Supreme Blast', '{psychic,psychic,psychic}', 160, NULL, 'You can use this attack only if you have Uxie and Azelf on your Bench. Discard all Energy from this Pokémon.', 'A2-166'),
	(2712, 'Entrancing Melody', '{grass,colorless}', 50, NULL, 'Your opponent''s Active Pokémon is now Confused.', 'A2-014'),
	(2713, 'Bite', '{grass,colorless}', 30, NULL, NULL, 'A2-010'),
	(2716, 'Razor Leaf', '{grass,grass,colorless}', 60, NULL, NULL, 'A2-011'),
	(2718, 'Mountain Swing', '{fighting,fighting,fighting,colorless}', 150, NULL, 'Discard the top 3 cards of your deck.', 'A2-169'),
	(2719, 'Fiery Punch', '{fire}', 30, NULL, NULL, 'A2-028'),
	(2722, 'Moonlight Gain', '{psychic,psychic}', 50, NULL, 'Heal 20 damage from this Pokémon.', 'A2-168'),
	(2724, 'Sting', '{grass}', 20, NULL, NULL, 'A2-008'),
	(2725, 'Nap', '{colorless}', NULL, NULL, 'Heal 20 damage from this Pokémon.', 'A2-035'),
	(2728, 'Surf', '{water,colorless}', 30, NULL, NULL, 'A2-036'),
	(2730, 'Air Slash', '{colorless,colorless,colorless}', 120, NULL, 'Discard a random Energy from this Pokémon.', 'A2-180'),
	(2731, 'Heat Breath', '{fire,colorless}', 30, '+', 'Flip a coin. If heads, this attack does 30 more damage.', 'A2-030'),
	(2734, 'Muddy Water', '{water,colorless,colorless}', 60, NULL, 'This attack also does 20 damage to 1 of your opponent''s Benched Pokémon.', 'A2-041'),
	(2736, 'Hammer In', '{water,water,colorless}', 60, NULL, NULL, 'A2-032'),
	(2738, 'Blizzard', '{water,water}', 30, NULL, 'This attack also does 10 damage to each of your opponent''s Benched Pokémon.', 'A2-048'),
	(2741, 'Waterfall', '{water}', 50, NULL, NULL, 'A2-043'),
	(2743, 'Big Explosion', '{lightning}', 30, NULL, 'This Pokémon also does 10 damage to itself.', 'A2-054'),
	(2744, 'Water Gun', '{water}', 20, NULL, NULL, 'A2-038'),
	(2746, 'Swirling Disaster', '{colorless}', NULL, NULL, 'This attack does 10 damage to each of your opponent''s Pokémon.', 'A2-172'),
	(2748, 'Electric Claws', '{lightning,colorless}', 40, NULL, NULL, 'A2-059'),
	(2750, 'Tackle', '{colorless}', 10, NULL, NULL, 'A2-015'),
	(2752, 'Pose', '{colorless}', 40, NULL, 'Flip a coin. If tails, this attack does nothing.', 'A2-178'),
	(2754, 'Assault Laser', '{colorless}', 20, '+', 'If your opponent''s Active Pokémon has a Pokémon Tool attached, this attack does 30 more damage.', 'A2-062'),
	(2757, 'Charge', '{lightning}', NULL, NULL, 'Take a {L} Energy from your Energy Zone and attach it to this Pokémon.', 'A2-056'),
	(2759, 'Exciting Voltage', '{lightning,lightning}', 40, '+', 'If this Pokémon has at least 2 extra {L} Energy attached, this attack does 80 more damage.', 'A2-057'),
	(2761, 'Clutch', '{colorless,colorless,colorless}', 80, NULL, 'During your opponent''s next turn, the Defending Pokémon can''t retreat.', 'A2-176'),
	(2764, 'Devour Soul', '{psychic,colorless,colorless}', 70, NULL, NULL, 'A2-072'),
	(2766, 'Elegant Swim', '{water}', 10, NULL, 'Flip a coin. If heads, during your opponent''s next turn, prevent all damage from—and effects of—attacks done to this Pokémon.', 'A2-042'),
	(2768, 'Scratching Nails', '{darkness}', 30, '+', 'If your opponent''s Active Pokémon has damage on it, this attack does 40 more damage.', 'A2-186'),
	(2770, 'Ice Shard', '{water}', 10, '+', 'If your opponent''s Active Pokémon is a {F} Pokémon, this attack does 30 more damage.', 'A2-044'),
	(2777, 'Wrack Down', '{fighting,fighting,colorless}', 70, NULL, NULL, 'A2-081'),
	(2783, 'Sparking Gadget', '{lightning,lightning}', 40, '+', 'If this Pokémon has a Pokémon Tool attached, this attack does 40 more damage.', 'A2-183'),
	(2788, 'Overdrive Smash', '{psychic,psychic}', 60, NULL, 'During your next turn, this Pokémon''s Overdrive Smash attack does +60 damage.', 'A2-065'),
	(2790, 'Lightning Ball', '{lightning,lightning}', 50, NULL, NULL, 'A2-052'),
	(2795, 'Head Smash', '{fighting}', 130, NULL, 'If your opponent''s Pokémon is Knocked Out by damage from this attack, this Pokémon also does 50 damage to itself.', 'A2-089'),
	(2801, 'Rolling Tackle', '{fighting,fighting,colorless}', 60, NULL, NULL, 'A2-093'),
	(2808, 'Mind Boost', '{psychic}', 20, NULL, 'Take a {P} Energy from your Energy Zone and attach it to Mesprit or Azelf.', 'A2-075'),
	(2816, 'Energized Blade', '{fighting,fighting}', 70, '+', 'This attack does 20 more damage for each Energy attached to your opponent''s Active Pokémon.', 'A2-095'),
	(2823, 'Magical Delusion', '{psychic,psychic}', 70, NULL, 'Your opponent''s Active Pokémon is now Confused.', 'A2-199'),
	(2830, 'Pierce', '{darkness,colorless}', 30, NULL, NULL, 'A2-105'),
	(2836, 'Will-O-Wisp', '{psychic}', 20, NULL, NULL, 'A2-070'),
	(2842, 'Metal Claw', '{metal,metal,metal}', 90, NULL, NULL, 'A2-112'),
	(2848, 'Guard Press', '{metal,metal,colorless}', 60, NULL, 'During your opponent''s next turn, this Pokémon takes −20 damage from attacks.', 'A2-117'),
	(2855, 'Psypunch', '{psychic,colorless,colorless}', 50, NULL, NULL, 'A2-071'),
	(2861, 'Gnaw', '{colorless}', 20, NULL, NULL, 'A2-121'),
	(2867, 'Buggy Beam', '{colorless,colorless,colorless}', 80, NULL, 'Change the type of the next Energy that will be generated for your opponent to 1 of the following at random: {G}, {R}, {W}, {L}, {P}, {F}, {D}, or {M}.', 'A2-129'),
	(2873, 'Wing Attack', '{colorless,colorless}', 40, NULL, NULL, 'A2-133'),
	(2885, 'Oceanic Gift', '{water}', NULL, NULL, 'Choose 2 of your Benched Pokémon. For each of those Pokémon, take a {W} Energy from your Energy Zone and attach it to that Pokémon.', 'A2-162'),
	(2772, 'Raging Hammer', '{colorless,colorless,colorless,colorless}', 50, '+', 'This attack does more damage equal to the damage this Pokémon has on it.', 'A2-179'),
	(2779, 'Ram', '{colorless,colorless}', 30, NULL, NULL, 'A2-086'),
	(2785, 'Acrobatics', '{fighting}', 20, '+', 'Flip 2 coins. This attack does 20 more damage for each heads.', 'A2-084'),
	(2791, 'Volt Bolt', '{lightning,lightning,lightning}', NULL, NULL, 'Discard all {L} Energy from this Pokémon. This attack does 120 damage to 1 of your opponent''s Pokémon.', 'A2-060'),
	(2796, 'Flare Blitz', '{fire,fire}', 140, NULL, 'Discard all {R} Energy from this Pokémon.', 'A2-197'),
	(2802, 'Peck', '{darkness}', 20, NULL, NULL, 'A2-096'),
	(2809, 'Metallic Turbo', '{metal,metal}', 30, NULL, 'Take 2 {M} Energy from your Energy Zone and attach it to 1 of your Benched Pokémon.', 'A2-205'),
	(2810, 'Heavy Impact', '{metal,metal,colorless,colorless}', 100, NULL, NULL, 'A2-205'),
	(2817, 'Darkness Fang', '{darkness,colorless}', 60, NULL, NULL, 'A2-101'),
	(2824, 'Scratch', '{darkness}', 10, NULL, NULL, 'A2-102'),
	(2831, 'Earthen Press', '{fighting,fighting,fighting,colorless}', 120, NULL, NULL, 'A2-094'),
	(2837, 'Fairy Wind', '{psychic}', 40, NULL, NULL, 'A2-064'),
	(2844, 'Tackle', '{metal,colorless}', 30, NULL, NULL, 'A2-116'),
	(2850, 'Headbang', '{metal,metal,colorless}', 80, NULL, NULL, 'A2-114'),
	(2857, 'Licking Fury', '{colorless,colorless,colorless,colorless}', 100, '+', 'Flip a coin until you get tails. This attack does 40 more damage for each heads.', 'A2-125'),
	(2863, 'Beam', '{colorless}', 20, NULL, NULL, 'A2-127'),
	(2869, 'Tail Jab', '{colorless}', 20, NULL, NULL, 'A2-130'),
	(2876, 'Pluck', '{colorless}', 20, NULL, 'Before doing damage, discard all Pokémon Tools from your opponent''s Active Pokémon.', 'A2-132'),
	(2888, 'Frosty Flattening', '{water,water,colorless,colorless}', 120, NULL, NULL, 'A2-160'),
	(2774, 'Group Beatdown', '{darkness,darkness}', 20, '×', 'Flip a coin for each Pokémon you have in play. This attack does 20 damage for each heads.', 'A2-173'),
	(2780, 'Teleport', '{colorless}', NULL, NULL, 'Switch this Pokémon with 1 of your Benched Pokémon.', 'A2-068'),
	(2786, 'Headbutt', '{fighting}', 50, NULL, NULL, 'A2-088'),
	(2789, 'Mountain Swing', '{fighting,fighting,fighting,colorless}', 150, NULL, 'Discard the top 3 cards of your deck.', 'A2-082'),
	(2792, 'Sparking Gadget', '{lightning,lightning}', 40, '+', 'If this Pokémon has a Pokémon Tool attached, this attack does 40 more damage.', 'A2-061'),
	(2798, 'Air Slash', '{colorless,colorless,colorless}', 120, NULL, 'Discard a random Energy from this Pokémon.', 'A2-196'),
	(2805, 'Scratching Nails', '{darkness}', 30, '+', 'If your opponent''s Active Pokémon has damage on it, this attack does 40 more damage.', 'A2-201'),
	(2812, 'Energized Blade', '{fighting,fighting}', 70, '+', 'This attack does 20 more damage for each Energy attached to your opponent''s Active Pokémon.', 'A2-200'),
	(2819, 'Submarine Blow', '{fighting,fighting}', 40, NULL, NULL, 'A2-092'),
	(2825, 'Slash', '{water}', 30, NULL, NULL, 'A2-206'),
	(2826, 'Dimensional Storm', '{water,water,water,colorless}', 150, NULL, 'Discard 3 {W} Energy from this Pokémon. This attack also does 20 damage to each of your opponent''s Benched Pokémon.', 'A2-206'),
	(2832, 'Balloon Strike', '{psychic,psychic}', 60, NULL, NULL, 'A2-074'),
	(2838, 'Group Beatdown', '{darkness,darkness}', 20, '×', 'Flip a coin for each Pokémon you have in play. This attack does 20 damage for each heads.', 'A2-107'),
	(2843, 'Slap', '{colorless}', 20, NULL, NULL, 'A2-069'),
	(2849, 'Headbutt', '{metal,colorless}', 50, NULL, NULL, 'A2-113'),
	(2856, 'Horn Attack', '{fighting,colorless}', 40, NULL, NULL, 'A2-080'),
	(2862, 'Dragon Claw', '{water,fighting}', 100, NULL, NULL, 'A2-123'),
	(2868, 'Splash', '{colorless}', 10, NULL, NULL, 'A2-137'),
	(2874, 'Rolling Tackle', '{colorless,colorless}', 60, NULL, NULL, 'A2-136'),
	(2879, 'Jump Kick', '{colorless}', 20, NULL, 'This attack also does 20 damage to 1 of your opponent''s Benched Pokémon.', 'A2-138'),
	(2886, 'Assault Laser', '{colorless}', 20, '+', 'If your opponent''s Active Pokémon has a Pokémon Tool attached, this attack does 30 more damage.', 'A2-164');

INSERT INTO "public"."booster_pack" ("id", "set_symbol", "name", "release_date", "symbol") OVERRIDING SYSTEM VALUE VALUES
	(1, 'P-A', 'Vol. 1', '2024-10-30', 'P-A1'),
	(2, 'P-A', 'Vol. 2', '2024-10-30', 'P-A2'),
	(3, 'P-A', 'Vol. 3', '2024-10-30', 'P-A3'),
	(4, 'P-A', 'Vol. 4', '2024-10-30', 'P-A4'),
	(5, 'P-A', 'Vol. 5', '2024-10-30', 'P-A5'),
	(6, 'P-A', 'Vol. 6', '2024-10-30', 'P-A6'),
	(7, 'P-A', 'Vol. 7', '2024-10-30', 'P-A7'),
	(8, 'P-A', 'Vol. 8', '2024-10-30', 'P-A8'),
	(9, 'P-A', 'Vol. 9', '2024-10-30', 'P-A9'),
	(10, 'A1', 'Pikachu', '2024-10-30', 'A1P'),
	(11, 'A1', 'Charizard', '2024-10-30', 'A1C'),
	(12, 'A1', 'Mewtwo', '2024-10-30', 'A1M'),
	(13, 'A1a', 'Mew', '2024-12-17', 'A1aM'),
	(14, 'A2', 'Dialga', '2025-01-30', 'A2D'),
	(15, 'A2', 'Palkia', '2025-01-30', 'A2P'),
	(16, 'A2a', 'Arceus', '2025-02-28', 'A2aA'),
	(17, 'A2b', 'Shining', '2025-03-27', 'A2bS'),
	(18, 'A3', 'Solgaleo', '2025-04-30', 'A3S'),
	(19, 'A3', 'Lunala', '2025-04-30', 'A3L'),
	(20, 'A3a', 'Extradimensional', '2025-05-29', 'A3aE'),
	(22, 'A4', 'Lugia', '2025-07-30', 'A4L'),
	(23, 'A4', 'Ho-Oh', '2025-07-30', 'A4H'),
	(24, 'A4a', 'Suicune', '2025-08-28', 'A4aS'),
	(21, 'A3b', 'Eevee', '2025-06-26', 'A3bE');

INSERT INTO "public"."card_booster_pack_link" ("card_id", "booster_pack_id") VALUES
	('A1-028', 12),
	('A1-028', 11),
	('A1-028', 10),
	('A1-031', 11),
	('A1-001', 12),
	('A1-017', 12),
	('A1-010', 12),
	('A1-024', 11),
	('A1-042', 12),
	('A1-042', 11),
	('A1-042', 10),
	('A1-004', 12),
	('A1-040', 10),
	('A1-007', 10),
	('A1-013', 11),
	('A1-020', 11),
	('A1-025', 12),
	('A1-034', 11),
	('A1-039', 10),
	('A1-037', 11),
	('A1-002', 12),
	('A1-022', 11),
	('A1-021', 11),
	('A1-062', 12),
	('A1-051', 12),
	('A1-051', 11),
	('A1-051', 10),
	('A1-063', 12),
	('A1-016', 12),
	('A1-043', 12),
	('A1-043', 11),
	('A1-043', 10),
	('A1-059', 11),
	('A1-030', 12),
	('A1-030', 11),
	('A1-030', 10),
	('A1-018', 11),
	('A1-067', 12),
	('A1-093', 12),
	('A1-093', 11),
	('A1-093', 10),
	('A1-026', 12),
	('A1-026', 11),
	('A1-026', 10),
	('A1-055', 10),
	('A1-096', 10),
	('A1-185', 12),
	('A1-035', 11),
	('A1-118', 12),
	('A1-118', 11),
	('A1-118', 10),
	('A1-251', 12),
	('A1-045', 11),
	('A1-072', 10),
	('A1-064', 10),
	('A1-019', 11),
	('A1-015', 10),
	('A1-006', 10),
	('A1-065', 10),
	('A1-092', 12),
	('A1-092', 11),
	('A1-092', 10),
	('A1-003', 12),
	('A1-038', 11),
	('A1-091', 12),
	('A1-091', 11),
	('A1-091', 10),
	('A1-009', 12),
	('A1-046', 11),
	('A1-023', 11),
	('A1-032', 11),
	('A1-056', 10),
	('A1-005', 10),
	('A1-027', 12),
	('A1-027', 11),
	('A1-027', 10),
	('A1-146', 11),
	('A1-011', 11),
	('A1-012', 11),
	('A1-070', 10),
	('A1-057', 12),
	('A1-057', 11),
	('A1-057', 10),
	('A1-071', 10),
	('A1-054', 10),
	('A1-060', 11),
	('A1-033', 11),
	('A1-048', 12),
	('A1-048', 11),
	('A1-048', 10),
	('A1-041', 10),
	('A1-049', 12),
	('A1-073', 10),
	('A1-069', 12),
	('A1-036', 11),
	('A1-008', 12),
	('A1-053', 10),
	('A1-052', 12),
	('A1-052', 11),
	('A1-052', 10),
	('A1-088', 11),
	('A1-044', 11),
	('A1-116', 11),
	('A1-109', 12),
	('A1-104', 10),
	('A1-087', 11),
	('A1-074', 11),
	('A1-112', 12),
	('A1-112', 11),
	('A1-112', 10),
	('A1-050', 12),
	('A1-086', 11),
	('A1-136', 12),
	('A1-136', 11),
	('A1-136', 10),
	('A1-173', 12),
	('A1-077', 10),
	('A1-111', 12),
	('A1-111', 11),
	('A1-111', 10),
	('A1-061', 11),
	('A1-123', 12),
	('A1-094', 10),
	('A1-137', 12),
	('A1-137', 11),
	('A1-137', 10),
	('A1-076', 11),
	('A1-131', 12),
	('A1-102', 10),
	('A1-078', 10),
	('A1-113', 10),
	('A1-126', 12),
	('A1-127', 12),
	('A1-080', 12),
	('A1-084', 12),
	('A1-101', 10),
	('A1-141', 11),
	('A1-014', 10),
	('A1-168', 10),
	('A1-130', 12),
	('A1-083', 12),
	('A1-169', 10),
	('A1-058', 12),
	('A1-058', 11),
	('A1-058', 10),
	('A1-144', 11),
	('A1-154', 12),
	('A1-138', 12),
	('A1-138', 11),
	('A1-138', 10),
	('A1-164', 12),
	('A1-164', 11),
	('A1-164', 10),
	('A1-134', 12),
	('A1-134', 11),
	('A1-134', 10),
	('A1-082', 10),
	('A1-085', 11),
	('A1-135', 12),
	('A1-135', 11),
	('A1-135', 10),
	('A1-133', 12),
	('A1-133', 11),
	('A1-133', 10),
	('A1-145', 11),
	('A1-081', 10),
	('A1-170', 10),
	('A1-106', 12),
	('A1-106', 11),
	('A1-106', 10),
	('A1-079', 11),
	('A1-156', 12),
	('A1-142', 11),
	('A1-103', 10),
	('A1-129', 12),
	('A1-192', 11),
	('A1-095', 10),
	('A1-158', 11),
	('A1-090', 11),
	('A1-132', 12),
	('A1-099', 10),
	('A1-075', 11),
	('A1-068', 12),
	('A1-097', 10),
	('A1-184', 12),
	('A1-152', 12),
	('A1-221', 11),
	('A1-223', 12),
	('A1-191', 11),
	('A1-214', 12),
	('A1-214', 11),
	('A1-214', 10),
	('A1-248', 10),
	('A1-205', 12),
	('A1-246', 11),
	('A1-258', 12),
	('A1-272', 11),
	('A1-244', 12),
	('A1-269', 12),
	('A1-201', 12),
	('A1-151', 12),
	('A1-277', 12),
	('A1-119', 12),
	('A1-119', 11),
	('A1-119', 10),
	('A1-234', 11),
	('A1-178', 11),
	('A1-159', 11),
	('A1-200', 12),
	('A1-200', 11),
	('A1-200', 10),
	('A1-066', 12),
	('A1-195', 10),
	('A1-121', 12),
	('A1-229', 11),
	('A1-247', 12),
	('A1-162', 12),
	('A1-162', 11),
	('A1-162', 10),
	('A1-264', 12),
	('A1-250', 10),
	('A1-273', 10),
	('A1-262', 12),
	('A1-254', 10),
	('A1-245', 12),
	('A1-157', 12),
	('A1-160', 10),
	('A1-261', 12),
	('A1-260', 10),
	('A1-166', 10),
	('A1-187', 12),
	('A1-182', 11),
	('A1-100', 10),
	('A1-110', 12),
	('A1-110', 11),
	('A1-110', 10),
	('A1-117', 11),
	('A1-240', 10),
	('A1-120', 12),
	('A1-181', 11),
	('A1-227', 12),
	('A1-222', 12),
	('A1-163', 12),
	('A1-163', 11),
	('A1-163', 10),
	('A1-219', 11),
	('A1-122', 12),
	('A1-241', 10),
	('A1-270', 12),
	('A1-125', 10),
	('A1-286', 12),
	('A1-286', 11),
	('A1-286', 10),
	('A1-259', 10),
	('A1-231', 11),
	('A1-236', 11),
	('A1-150', 10),
	('A1-213', 12),
	('A1-213', 11),
	('A1-213', 10),
	('A1-176', 12),
	('A1-202', 10),
	('A1-171', 10),
	('A1-199', 12),
	('A1-199', 11),
	('A1-199', 10),
	('A1-188', 12),
	('A1-107', 12),
	('A1-089', 11),
	('A1-124', 10),
	('A1-256', 10),
	('A1-216', 10),
	('A1-147', 10),
	('A1-115', 11),
	('A1-220', 10),
	('A1-268', 11),
	('A1-239', 12),
	('A1-228', 11),
	('A1-193', 10),
	('A1-174', 12),
	('A1-153', 12),
	('A1-180', 12),
	('A1-180', 11),
	('A1-180', 10),
	('A1-167', 10),
	('A1-194', 10),
	('A1-249', 12),
	('A1-198', 12),
	('A1-198', 11),
	('A1-198', 10),
	('A1-206', 11),
	('A1-183', 12),
	('A1-274', 11),
	('A1-280', 11),
	('A1-208', 10),
	('A1-211', 10),
	('A1-114', 10),
	('A1-253', 11),
	('A1-235', 10),
	('A1-265', 10),
	('A1-284', 12),
	('A1-284', 11),
	('A1-284', 10),
	('A1-148', 10),
	('A1-207', 12),
	('A1-263', 11),
	('A1-128', 12),
	('A1-218', 12),
	('A1-186', 12),
	('A1-105', 12),
	('A1-105', 11),
	('A1-105', 10),
	('A1-210', 12),
	('A1-255', 11),
	('A1-155', 11),
	('A1-232', 10),
	('A1-165', 12),
	('A1-165', 11),
	('A1-165', 10),
	('A1-190', 12),
	('A1-190', 11),
	('A1-190', 10),
	('A1-215', 12),
	('A1-215', 11),
	('A1-215', 10),
	('A1-238', 10),
	('A1-282', 12),
	('A1-175', 12),
	('A1-204', 11),
	('A1-242', 12),
	('A1-278', 11),
	('A1-275', 12),
	('A1-252', 11),
	('A1-189', 12),
	('A1-189', 11),
	('A1-189', 10),
	('A1-047', 11),
	('A1-108', 12),
	('A1-197', 11),
	('A1-029', 12),
	('A1-029', 11),
	('A1-029', 10),
	('A1-217', 11),
	('A1-243', 12),
	('A1-266', 11),
	('A1-140', 10),
	('A1-271', 10),
	('A1-212', 12),
	('A1-212', 11),
	('A1-212', 10),
	('A1-209', 12),
	('A1-225', 11),
	('A1-233', 10),
	('A1-098', 10),
	('A1-179', 12),
	('A1-179', 11),
	('A1-179', 10),
	('A1-196', 11),
	('A1-203', 11),
	('A1-267', 10),
	('A1-237', 11),
	('A1-143', 11),
	('A1-279', 10),
	('A1-285', 12),
	('A1-285', 11),
	('A1-285', 10),
	('A1-276', 10),
	('A1-177', 12),
	('A1-226', 10),
	('A1-161', 10),
	('A1-224', 10),
	('A1-230', 11),
	('A1-281', 10),
	('A1-172', 12),
	('A1-149', 10),
	('A1-257', 11),
	('A1-139', 10),
	('A1a-008', 13),
	('A1a-004', 13),
	('A1a-001', 13),
	('A1a-003', 13),
	('A1a-002', 13),
	('A1a-012', 13),
	('A1a-010', 13),
	('A1a-007', 13),
	('A1a-005', 13),
	('A1a-009', 13),
	('A1a-015', 13),
	('A1a-014', 13),
	('A1a-019', 13),
	('A1a-016', 13),
	('A1a-013', 13),
	('A1a-006', 13),
	('A1a-030', 13),
	('A1a-024', 13),
	('A1a-011', 13),
	('A1a-023', 13),
	('A1a-021', 13),
	('A1a-029', 13),
	('A1a-077', 13),
	('A1a-044', 13),
	('A1a-057', 13),
	('A1a-075', 13),
	('A1a-050', 13),
	('A1a-027', 13),
	('A1a-017', 13),
	('A1a-018', 13),
	('A1a-031', 13),
	('A1a-036', 13),
	('A1a-041', 13),
	('A1a-026', 13),
	('A1a-022', 13),
	('A1a-025', 13),
	('A1a-020', 13),
	('A1a-035', 13),
	('A1a-032', 13),
	('A1a-043', 13),
	('A1a-038', 13),
	('A1a-039', 13),
	('A1a-059', 13),
	('A1a-047', 13),
	('A1a-056', 13),
	('A1a-028', 13),
	('A1a-042', 13),
	('A1a-034', 13),
	('A1a-060', 13),
	('A1a-062', 13),
	('A1a-080', 13),
	('A1a-076', 13),
	('A1a-082', 13),
	('A1a-033', 13),
	('A1a-086', 13),
	('A1a-037', 13),
	('A1a-048', 13),
	('A1a-085', 13),
	('A1a-083', 13),
	('A1a-081', 13),
	('A1a-061', 13),
	('A1a-078', 13),
	('A1a-084', 13),
	('A1a-065', 13),
	('A1a-073', 13),
	('A1a-071', 13),
	('A1a-074', 13),
	('A1a-070', 13),
	('A1a-063', 13),
	('A1a-069', 13),
	('A1a-046', 13),
	('A1a-045', 13),
	('A1a-064', 13),
	('A1a-040', 13),
	('A1a-068', 13),
	('A1a-058', 13),
	('A1a-052', 13),
	('A1a-051', 13),
	('A1a-049', 13),
	('A1a-054', 13),
	('A1a-072', 13),
	('A1a-067', 13),
	('A1a-053', 13),
	('A1a-066', 13),
	('A1a-055', 13),
	('A1a-079', 13),
	('A2-007', 14),
	('A2-002', 15),
	('A2-002', 14),
	('A2-013', 15),
	('A2-009', 15),
	('A2-009', 14),
	('A2-165', 14),
	('A2-003', 15),
	('A2-003', 14),
	('A2-004', 14),
	('A2-157', 14),
	('A2-006', 14),
	('A2-020', 14),
	('A2-167', 15),
	('A2-001', 15),
	('A2-001', 14),
	('A2-161', 15),
	('A2-024', 15),
	('A2-017', 14),
	('A2-027', 15),
	('A2-018', 14),
	('A2-163', 14),
	('A2-166', 14),
	('A2-019', 15),
	('A2-014', 15),
	('A2-010', 15),
	('A2-012', 15),
	('A2-025', 15),
	('A2-025', 14),
	('A2-011', 15),
	('A2-005', 14),
	('A2-169', 15),
	('A2-028', 15),
	('A2-022', 14),
	('A2-021', 15),
	('A2-021', 14),
	('A2-168', 15),
	('A2-171', 15),
	('A2-008', 15),
	('A2-008', 14),
	('A2-035', 15),
	('A2-016', 15),
	('A2-016', 14),
	('A2-029', 15),
	('A2-036', 15),
	('A2-170', 14),
	('A2-180', 14),
	('A2-030', 15),
	('A2-030', 14),
	('A2-033', 14),
	('A2-045', 15),
	('A2-045', 14),
	('A2-041', 15),
	('A2-174', 14),
	('A2-032', 14),
	('A2-031', 14),
	('A2-037', 15),
	('A2-046', 15),
	('A2-049', 15),
	('A2-182', 15),
	('A2-078', 15),
	('A2-184', 15),
	('A2-085', 14),
	('A2-083', 14),
	('A2-192', 15),
	('A2-055', 15),
	('A2-055', 14),
	('A2-177', 14),
	('A2-202', 14),
	('A2-100', 15),
	('A2-100', 14),
	('A2-207', 15),
	('A2-207', 14),
	('A2-066', 15),
	('A2-103', 14),
	('A2-063', 15),
	('A2-063', 14),
	('A2-108', 14),
	('A2-073', 14),
	('A2-079', 15),
	('A2-124', 15),
	('A2-135', 14),
	('A2-139', 15),
	('A2-141', 15),
	('A2-145', 15),
	('A2-158', 15),
	('A2-048', 15),
	('A2-048', 14),
	('A2-038', 15),
	('A2-038', 14),
	('A2-015', 15),
	('A2-015', 14),
	('A2-056', 14),
	('A2-072', 14),
	('A2-044', 15),
	('A2-044', 14),
	('A2-081', 15),
	('A2-183', 14),
	('A2-065', 15),
	('A2-065', 14),
	('A2-052', 15),
	('A2-052', 14),
	('A2-089', 14),
	('A2-093', 15),
	('A2-075', 15),
	('A2-075', 14),
	('A2-095', 14),
	('A2-199', 15),
	('A2-105', 15),
	('A2-105', 14),
	('A2-070', 14),
	('A2-112', 14),
	('A2-117', 14),
	('A2-071', 14),
	('A2-121', 15),
	('A2-129', 15),
	('A2-133', 15),
	('A2-146', 14),
	('A2-149', 15),
	('A2-148', 15),
	('A2-162', 15),
	('A2-026', 15),
	('A2-026', 14),
	('A2-047', 15),
	('A2-047', 14),
	('A2-053', 15),
	('A2-053', 14),
	('A2-175', 15),
	('A2-051', 15),
	('A2-051', 14),
	('A2-076', 15),
	('A2-076', 14),
	('A2-185', 14),
	('A2-087', 15),
	('A2-087', 14),
	('A2-193', 14),
	('A2-195', 15),
	('A2-090', 14),
	('A2-091', 14),
	('A2-067', 15),
	('A2-204', 15),
	('A2-099', 15),
	('A2-106', 15),
	('A2-106', 14),
	('A2-104', 15),
	('A2-111', 15),
	('A2-111', 14),
	('A2-115', 15),
	('A2-118', 15),
	('A2-118', 14),
	('A2-126', 15),
	('A2-126', 14),
	('A2-131', 15),
	('A2-131', 14),
	('A2-097', 14),
	('A2-134', 15),
	('A2-143', 15),
	('A2-143', 14),
	('A2-150', 15),
	('A2-159', 14),
	('A2-023', 15),
	('A2-058', 14),
	('A2-050', 15),
	('A2-040', 15),
	('A2-181', 15),
	('A2-077', 15),
	('A2-077', 14),
	('A2-189', 15),
	('A2-187', 14),
	('A2-191', 14),
	('A2-194', 14),
	('A2-198', 14),
	('A2-188', 14),
	('A2-039', 15),
	('A2-039', 14),
	('A2-203', 15),
	('A2-098', 15),
	('A2-034', 15),
	('A2-109', 14),
	('A2-110', 14),
	('A2-119', 14),
	('A2-122', 15),
	('A2-120', 14),
	('A2-128', 15),
	('A2-140', 15),
	('A2-144', 14),
	('A2-142', 15),
	('A2-142', 14),
	('A2-155', 15),
	('A2-156', 14),
	('A2-043', 15),
	('A2-043', 14),
	('A2-172', 15),
	('A2-178', 15),
	('A2-057', 14),
	('A2-042', 15),
	('A2-042', 14),
	('A2-179', 14),
	('A2-086', 15),
	('A2-086', 14),
	('A2-084', 14),
	('A2-190', 15),
	('A2-060', 14),
	('A2-197', 15),
	('A2-096', 14),
	('A2-205', 14),
	('A2-101', 15),
	('A2-101', 14),
	('A2-102', 14),
	('A2-094', 15),
	('A2-064', 15),
	('A2-064', 14),
	('A2-116', 14),
	('A2-114', 15),
	('A2-125', 15),
	('A2-127', 15),
	('A2-130', 15),
	('A2-130', 14),
	('A2-132', 15),
	('A2-147', 14),
	('A2-152', 15),
	('A2-153', 14),
	('A2-160', 14),
	('A2-054', 15),
	('A2-054', 14),
	('A2-059', 14),
	('A2-062', 15),
	('A2-176', 15),
	('A2-186', 15),
	('A2-173', 14),
	('A2-068', 14),
	('A2-088', 14),
	('A2-082', 15),
	('A2-061', 14),
	('A2-196', 14),
	('A2-201', 15),
	('A2-200', 14),
	('A2-092', 14),
	('A2-206', 15),
	('A2-206', 14),
	('A2-074', 14),
	('A2-107', 14),
	('A2-069', 14),
	('A2-113', 15),
	('A2-080', 15),
	('A2-123', 15),
	('A2-137', 14),
	('A2-136', 14),
	('A2-138', 14),
	('A2-151', 14),
	('A2-154', 14),
	('A2-164', 15);

INSERT INTO "public"."trainer_card" ("id", "trainer_card_type", "hp", "effect") VALUES
	('A1-218', 'Item (Fossil)', 40, 'Play this card as if it were a 40-HP Basic {C} Pokémon.
At any time during your turn, you may discard this card from play.
This card can''t retreat.'),
	('A1-221', 'Supporter', NULL, 'During this turn, attacks used by your Ninetales, Rapidash, or Magmar do +30 damage to your opponent''s Active Pokémon.'),
	('A1-223', 'Supporter', NULL, 'During this turn, attacks used by your Pokémon do +10 damage to your opponent''s Active Pokémon.'),
	('A1-217', 'Item (Fossil)', 40, 'Play this card as if it were a 40-HP Basic {C} Pokémon.
At any time during your turn, you may discard this card from play.
This card can''t retreat.'),
	('A1-266', 'Supporter', NULL, 'Heal 50 damage from 1 of your {G} Pokémon.'),
	('A1-222', 'Supporter', NULL, 'Put your Muk or Weezing in the Active Spot into your hand.'),
	('A1-271', 'Supporter', NULL, 'Take 1 {F} Energy from your Energy Zone and attach it to your Golem or Onix.'),
	('A1-273', 'Supporter', NULL, 'Move all {L} Energy from your Benched Pokémon to your Raichu, Electrode, or Electabuzz in the Active Spot.'),
	('A1-272', 'Supporter', NULL, 'Switch out your opponent''s Active Pokémon to the Bench. (Your opponent chooses the new Active Pokémon.)'),
	('A1-219', 'Supporter', NULL, 'Heal 50 damage from 1 of your {G} Pokémon.'),
	('A1-216', 'Item (Fossil)', 40, 'Play this card as if it were a 40-HP Basic {C} Pokémon.
At any time during your turn, you may discard this card from play.
This card can''t retreat.'),
	('A1-269', 'Supporter', NULL, 'Put your Muk or Weezing in the Active Spot into your hand.'),
	('A1-225', 'Supporter', NULL, 'Switch out your opponent''s Active Pokémon to the Bench. (Your opponent chooses the new Active Pokémon.)'),
	('A1-220', 'Supporter', NULL, 'Choose 1 of your {W} Pokémon, and flip a coin until you get tails. For each heads, take a {W} Energy from your Energy Zone and attach it to that Pokémon.'),
	('A1-270', 'Supporter', NULL, 'During this turn, attacks used by your Pokémon do +10 damage to your opponent''s Active Pokémon.'),
	('A1-267', 'Supporter', NULL, 'Choose 1 of your {W} Pokémon, and flip a coin until you get tails. For each heads, take a {W} Energy from your Energy Zone and attach it to that Pokémon.'),
	('A1-268', 'Supporter', NULL, 'During this turn, attacks used by your Ninetales, Rapidash, or Magmar do +30 damage to your opponent''s Active Pokémon.'),
	('A1-226', 'Supporter', NULL, 'Move all {L} Energy from your Benched Pokémon to your Raichu, Electrode, or Electabuzz in the Active Spot.'),
	('A1-224', 'Supporter', NULL, 'Take 1 {F} Energy from your Energy Zone and attach it to your Golem or Onix.'),
	('A1a-080', 'Supporter', NULL, 'Put your Mew ex in the Active Spot into your hand.'),
	('A1a-082', 'Supporter', NULL, 'During this turn, the Retreat Cost of your Active Pokémon is 2 less.'),
	('A1a-081', 'Supporter', NULL, 'During your opponent''s next turn, all of your Pokémon take −10 damage from attacks from your opponent''s Pokémon.'),
	('A1a-065', 'Item', NULL, 'Look at the top card of your deck. If that card is a {P} Pokémon, put it into your hand. If it is not a {P} Pokémon, put it on the bottom of your deck.'),
	('A1a-063', 'Item (Fossil)', 40, 'Play this card as if it were a 40-HP Basic {C} Pokémon.
At any time during your turn, you may discard this card from play.
This card can''t retreat.'),
	('A1a-064', 'Item', NULL, 'Put a Basic Pokémon from your opponent''s discard pile onto their Bench.'),
	('A1a-068', 'Supporter', NULL, 'During this turn, the Retreat Cost of your Active Pokémon is 2 less.'),
	('A1a-067', 'Supporter', NULL, 'During your opponent''s next turn, all of your Pokémon take −10 damage from attacks from your opponent''s Pokémon.'),
	('A1a-066', 'Supporter', NULL, 'Put your Mew ex in the Active Spot into your hand.'),
	('A2-193', 'Supporter', NULL, 'Choose 1 of your Electivire or Luxray. Attach 2 {L} Energy from your discard pile to that Pokémon.'),
	('A2-191', 'Supporter', NULL, 'Put 1 random Glameow, Stunky, or Croagunk from your deck into your hand.'),
	('A2-190', 'Supporter', NULL, 'Switch in 1 of your opponent''s Benched Pokémon that has damage on it to the Active Spot.'),
	('A2-192', 'Supporter', NULL, 'During this turn, attacks used by your Garchomp or Togekiss do +50 damage to your opponent''s Active Pokémon.'),
	('A2-195', 'Supporter', NULL, 'Your opponent shuffles their hand into their deck and draws a card for each of their remaining points needed to win.'),
	('A2-194', 'Supporter', NULL, 'Move an Energy from 1 of your Benched Pokémon to your Active Pokémon.'),
	('A2-146', 'Item', NULL, 'Choose a Pokémon in your hand and switch it with a random Pokémon in your deck.'),
	('A2-144', 'Item (Fossil)', 40, 'Play this card as if it were a 40-HP Basic {C} Pokémon. At any time during your turn, you may discard this card from play. This card can''t retreat.'),
	('A2-147', 'Pokemon Tool', NULL, 'The Pokémon this card is attached to gets +20 HP.'),
	('A2-149', 'Pokemon Tool', NULL, 'At the end of each turn, if the Pokémon this card is attached to is affected by any Special Conditions, it recovers from all of them, and discard this card.'),
	('A2-151', 'Supporter', NULL, 'Put 1 random Glameow, Stunky, or Croagunk from your deck into your hand.'),
	('A2-152', 'Supporter', NULL, 'During this turn, attacks used by your Garchomp or Togekiss do +50 damage to your opponent''s Active Pokémon.'),
	('A2-145', 'Item (Fossil)', 40, 'Play this card as if it were a 40-HP Basic {C} Pokémon. At any time during your turn, you may discard this card from play. This card can''t retreat.'),
	('A2-150', 'Supporter', NULL, 'Switch in 1 of your opponent''s Benched Pokémon that has damage on it to the Active Spot.'),
	('A2-148', 'Pokemon Tool', NULL, 'If the Pokémon this card is attached to is in the Active Spot and is damaged by an attack from your opponent''s Pokémon, do 20 damage to the Attacking Pokémon.'),
	('A2-154', 'Supporter', NULL, 'Move an Energy from 1 of your Benched Pokémon to your Active Pokémon.'),
	('A2-155', 'Supporter', NULL, 'Your opponent shuffles their hand into their deck and draws a card for each of their remaining points needed to win.'),
	('A2-153', 'Supporter', NULL, 'Choose 1 of your Electivire or Luxray. Attach 2 {L} Energy from your discard pile to that Pokémon.');